vehicle,file,start_time,end_time,duration_hours,odometer_start,soc_start,soc_end,soc_used,distance_km,avg_speed,max_speed,avg_batt_temp,implied_range_km
KA01AQ2730,intellicar-KA01AQ2730-2026-04-01_2026-05-01.csv,2026-04-01 03:07:36,2026-04-01 03:35:07,0.45861111111111114,113126.0,89.69999694824219,84.19999694824219,5.5,13.0,28.678571428571427,70.0,,236.36363636363637
KA01AQ2730,intellicar-KA01AQ2730-2026-04-01_2026-05-01.csv,2026-04-01 13:51:43,2026-04-01 14:16:12,0.40805555555555556,113245.0,57.400001525878906,50.20000076293945,7.200000762939453,22.0,53.95959595959596,79.0,,305.55552317772725
KA01AQ2730,intellicar-KA01AQ2730-2026-04-01_2026-05-01.csv,2026-04-01 16:02:40,2026-04-01 17:02:13,0.9925,113300.0,37.20000076293945,28.700000762939453,8.5,19.0,21.175,72.0,,223.52941176470588
KA01AQ2730,intellicar-KA01AQ2730-2026-04-01_2026-05-01.csv,2026-04-01 20:27:12,2026-04-01 22:13:43,1.7752777777777777,113362.0,99.5999984741211,94.5999984741211,5.0,13.0,33.53932584269663,77.0,,260.0
KA01AQ2730,intellicar-KA01AQ2730-2026-04-01_2026-05-01.csv,2026-04-01 23:45:12,2026-04-02 00:15:44,0.5088888888888888,113402.0,84.5999984741211,74.4000015258789,10.199996948242188,32.0,64.83870967741936,80.0,,313.7255840602453
KA01AQ2730,intellicar-KA01AQ2730-2026-04-01_2026-05-01.csv,2026-04-02 01:49:43,2026-04-02 07:13:17,5.392777777777778,113441.0,72.0,63.5,8.5,21.0,21.283333333333335,77.0,,247.05882352941177
KA01AQ2730,intellicar-KA01AQ2730-2026-04-01_2026-05-01.csv,2026-04-02 08:31:45,2026-04-02 09:10:48,0.6508333333333334,113466.0,99.5,94.0,5.5,9.0,23.479166666666668,79.0,,163.63636363636365
KA01AQ2730,intellicar-KA01AQ2730-2026-04-01_2026-05-01.csv,2026-04-02 09:11:16,2026-04-02 09:34:48,0.39222222222222225,113475.0,94.0999984741211,86.9000015258789,7.1999969482421875,12.0,31.916666666666668,79.0,,166.66673730923856
KA01AQ2730,intellicar-KA01AQ2730-2026-04-01_2026-05-01.csv,2026-04-02 15:33:18,2026-04-02 18:10:23,2.6180555555555554,113548.0,96.0999984741211,90.80000305175781,5.299995422363281,11.0,5.6434108527131785,78.0,,207.54734907101246
KA01AQ2730,intellicar-KA01AQ2730-2026-04-01_2026-05-01.csv,2026-04-02 19:27:50,2026-04-02 21:05:21,1.6252777777777778,113596.0,79.69999694824219,72.69999694824219,7.0,19.0,13.831395348837209,64.0,,271.42857142857144
KA01AQ2730,intellicar-KA01AQ2730-2026-04-01_2026-05-01.csv,2026-04-02 22:16:20,2026-04-03 00:06:52,1.8422222222222222,113633.0,98.5999984741211,72.69999694824219,25.900001525878906,58.0,36.835978835978835,80.0,,223.93821074507366
KA01AQ2730,intellicar-KA01AQ2730-2026-04-01_2026-05-01.csv,2026-04-03 00:07:20,2026-04-03 01:05:53,0.9758333333333333,113691.0,72.80000305175781,66.5,6.3000030517578125,16.0,40.354166666666664,77.0,,253.96813094456704
KA01AQ2730,intellicar-KA01AQ2730-2026-04-01_2026-05-01.csv,2026-04-03 04:47:22,2026-04-03 08:00:25,3.2175,113721.0,88.69999694824219,59.900001525878906,28.79999542236328,52.0,24.6171875,78.0,,180.5555842540928
KA01AQ2730,intellicar-KA01AQ2730-2026-04-01_2026-05-01.csv,2026-04-03 09:52:25,2026-04-03 11:37:57,1.758888888888889,113798.0,95.0999984741211,88.4000015258789,6.6999969482421875,16.0,39.77669902912621,75.0,,238.80607892213686
KA01AQ2730,intellicar-KA01AQ2730-2026-04-01_2026-05-01.csv,2026-04-03 13:35:25,2026-04-03 16:33:26,2.9669444444444446,113830.0,93.30000305175781,87.9000015258789,5.400001525878906,7.0,18.08823529411765,77.0,,129.62959300017377
KA01AQ2730,intellicar-KA01AQ2730-2026-04-01_2026-05-01.csv,2026-04-03 17:07:29,2026-04-03 22:29:59,5.375,113867.0,79.5,62.20000076293945,17.299999237060547,46.0,21.9515503875969,68.0,,265.8959654833828
KA01AQ2730,intellicar-KA01AQ2730-2026-04-01_2026-05-01.csv,2026-04-03 22:40:58,2026-04-03 23:54:58,1.2333333333333334,113926.0,58.70000076293945,52.20000076293945,6.5,19.0,34.76335877862596,79.0,,292.30769230769226
KA01AQ2730,intellicar-KA01AQ2730-2026-04-01_2026-05-01.csv,2026-04-04 08:35:31,2026-04-04 10:56:34,2.3508333333333336,113970.0,87.5,80.0999984741211,7.400001525878906,14.0,16.322580645161292,75.0,,189.18915017841437
KA01AQ2730,intellicar-KA01AQ2730-2026-04-01_2026-05-01.csv,2026-04-04 11:28:32,2026-04-04 12:41:05,1.2091666666666667,114008.0,71.69999694824219,61.400001525878906,10.299995422363281,20.0,16.97945205479452,70.0,,194.17484357882464
KA01AQ2730,intellicar-KA01AQ2730-2026-04-01_2026-05-01.csv,2026-04-04 13:25:03,2026-04-04 14:32:35,1.1255555555555556,114050.0,55.0,50.0,5.0,17.0,35.233333333333334,79.0,,340.0
KA01AQ2730,intellicar-KA01AQ2730-2026-04-01_2026-05-01.csv,2026-04-04 19:51:05,2026-04-04 20:11:07,0.3338888888888889,114150.0,85.0,78.4000015258789,6.599998474121094,17.0,52.24390243902439,79.0,,257.57581712568276
KA01AQ2730,intellicar-KA01AQ2730-2026-04-01_2026-05-01.csv,2026-04-04 20:11:35,2026-04-04 20:42:37,0.5172222222222222,114167.0,78.5,73.0,5.5,17.0,33.92063492063492,79.0,,309.09090909090907
KA01AQ2730,intellicar-KA01AQ2730-2026-04-01_2026-05-01.csv,2026-04-04 21:14:05,2026-04-04 21:50:35,0.6083333333333333,114193.0,85.19999694824219,80.0,5.1999969482421875,12.0,36.25301204819277,79.0,,230.76936620234926
KA01AQ2730,intellicar-KA01AQ2730-2026-04-01_2026-05-01.csv,2026-04-04 21:50:35,2026-04-04 22:46:37,0.9338888888888889,114204.0,80.19999694824219,60.79999923706055,19.39999771118164,41.0,43.63436123348018,79.0,,211.3402311195568
KA01AQ2730,intellicar-KA01AQ2730-2026-04-01_2026-05-01.csv,2026-04-04 22:47:05,2026-04-04 23:43:37,0.9422222222222222,114245.0,60.900001525878906,45.599998474121094,15.300003051757812,24.0,27.657894736842106,72.0,,156.86271380999918
KA01AQ2730,intellicar-KA01AQ2730-2026-04-01_2026-05-01.csv,2026-04-04 23:44:06,2026-04-05 00:03:38,0.32555555555555554,114269.0,45.70000076293945,39.900001525878906,5.799999237060547,17.0,55.3,79.0,,293.1034868310714
KA01AQ2730,intellicar-KA01AQ2730-2026-04-01_2026-05-01.csv,2026-04-05 06:26:08,2026-04-05 08:53:41,2.4591666666666665,114344.0,83.30000305175781,46.400001525878906,36.900001525878906,72.0,31.452296819787986,80.0,,195.12194315088192
KA01AQ2730,intellicar-KA01AQ2730-2026-04-01_2026-05-01.csv,2026-04-05 08:54:09,2026-04-05 09:09:41,0.2588888888888889,114417.0,46.5,40.099998474121094,6.400001525878906,11.0,47.34375,78.0,,171.8749590218165
KA01AQ2730,intellicar-KA01AQ2730-2026-04-01_2026-05-01.csv,2026-04-05 10:18:40,2026-04-05 12:24:44,2.101111111111111,114432.0,37.5,6.5,31.0,73.0,39.39393939393939,79.0,,235.48387096774195
KA01AQ2730,intellicar-KA01AQ2730-2026-04-01_2026-05-01.csv,2026-04-05 14:40:11,2026-04-05 15:38:46,0.9763888888888889,114509.0,93.4000015258789,86.0,7.400001525878906,18.0,29.76923076923077,78.0,,243.24319308653278
KA01AQ2730,intellicar-KA01AQ2730-2026-04-01_2026-05-01.csv,2026-04-05 17:56:13,2026-04-05 18:31:15,0.5838888888888889,114613.0,60.29999923706055,54.599998474121094,5.700000762939453,12.0,21.676056338028168,61.0,,210.52628761073495
KA01AQ2730,intellicar-KA01AQ2730-2026-04-01_2026-05-01.csv,2026-04-05 18:57:13,2026-04-05 19:28:44,0.5252777777777777,114634.0,51.0,40.400001525878906,10.599998474121094,31.0,61.015625,80.0,,292.4528722875159
KA01AQ2730,intellicar-KA01AQ2730-2026-04-01_2026-05-01.csv,2026-04-05 20:21:45,2026-04-05 21:10:15,0.8083333333333333,114674.0,64.9000015258789,59.5,5.400001525878906,13.0,46.52307692307692,79.0,,240.74067271460845
KA01AQ2730,intellicar-KA01AQ2730-2026-04-01_2026-05-01.csv,2026-04-05 21:10:43,2026-04-05 21:38:15,0.4588888888888889,114687.0,59.599998474121094,50.099998474121094,9.5,28.0,62.0,80.0,,294.7368421052631
KA01AQ2730,intellicar-KA01AQ2730-2026-04-01_2026-05-01.csv,2026-04-05 21:46:13,2026-04-05 23:29:15,1.7172222222222222,114721.0,48.5,37.0,11.5,23.0,30.73404255319149,65.0,,200.0
KA01AQ2730,intellicar-KA01AQ2730-2026-04-01_2026-05-01.csv,2026-04-06 00:40:14,2026-04-06 01:48:16,1.133888888888889,114775.0,28.899999618530273,22.100000381469727,6.799999237060547,21.0,38.196969696969695,78.0,,308.82356406083545
KA01AQ2730,intellicar-KA01AQ2730-2026-04-01_2026-05-01.csv,2026-04-06 14:44:19,2026-04-06 15:53:51,1.1588888888888889,114894.0,77.5,70.80000305175781,6.6999969482421875,18.0,15.964285714285714,44.0,,268.656838787404
KA01AQ2730,intellicar-KA01AQ2730-2026-04-01_2026-05-01.csv,2026-04-06 20:52:21,2026-04-06 22:40:52,1.8086111111111112,114968.0,56.099998474121094,45.70000076293945,10.39999771118164,36.0,21.984924623115578,64.0,,346.15392233494737
KA01AQ2730,intellicar-KA01AQ2730-2026-04-01_2026-05-01.csv,2026-04-07 00:15:51,2026-04-07 00:39:53,0.40055555555555555,115044.0,35.0,29.899999618530273,5.100000381469727,22.0,55.714285714285715,74.0,,431.37251675381253
KA01AQ2730,intellicar-KA01AQ2730-2026-04-01_2026-05-01.csv,2026-04-07 07:13:54,2026-04-07 08:01:56,0.8005555555555556,115138.0,81.0,75.5999984741211,5.400001525878906,14.0,17.917525773195877,60.0,,259.25918600034754
KA01AQ2730,intellicar-KA01AQ2730-2026-04-01_2026-05-01.csv,2026-04-07 08:02:24,2026-04-07 10:53:56,2.858888888888889,115152.0,75.69999694824219,64.19999694824219,11.5,31.0,18.167070217917676,60.0,,269.5652173913044
KA01AQ2730,intellicar-KA01AQ2730-2026-04-01_2026-05-01.csv,2026-04-07 12:31:56,2026-04-07 14:04:59,1.5508333333333333,115208.0,57.099998474121094,51.0,6.099998474121094,17.0,11.734463276836157,52.0,,278.6885943024668
KA01AQ2730,intellicar-KA01AQ2730-2026-04-01_2026-05-01.csv,2026-04-08 01:41:29,2026-04-08 04:00:30,2.3169444444444443,115342.0,75.19999694824219,70.0,5.1999969482421875,13.0,7.622685185185185,52.0,,250.00014671921173
KA01AQ2730,intellicar-KA01AQ2730-2026-04-01_2026-05-01.csv,2026-04-08 04:41:30,2026-04-08 06:06:31,1.4169444444444443,115369.0,66.5,60.900001525878906,5.599998474121094,13.0,9.494082840236686,71.0,,232.14292039678313
KA01AQ2730,intellicar-KA01AQ2730-2026-04-01_2026-05-01.csv,2026-04-09 04:06:38,2026-04-09 07:22:42,3.267777777777778,115552.0,52.0,45.400001525878906,6.599998474121094,17.0,14.25531914893617,66.0,,257.57581712568276
KA01AQ2730,intellicar-KA01AQ2730-2026-04-01_2026-05-01.csv,2026-04-09 08:13:10,2026-04-09 09:00:43,0.7925,115599.0,37.0,31.100000381469727,5.899999618530273,10.0,13.90625,44.0,,169.49153638235424
KA01AQ2730,intellicar-KA01AQ2730-2026-04-01_2026-05-01.csv,2026-04-09 09:01:10,2026-04-09 09:41:12,0.6672222222222223,115609.0,31.200000762939453,25.100000381469727,6.100000381469727,17.0,25.6875,74.0,,278.68850716209363
KA01AQ2730,intellicar-KA01AQ2730-2026-04-01_2026-05-01.csv,2026-04-10 01:44:45,2026-04-10 06:04:49,4.334444444444444,115732.0,76.80000305175781,71.30000305175781,5.5,12.0,8.5,76.0,,218.18181818181816
KA01AQ2730,intellicar-KA01AQ2730-2026-04-01_2026-05-01.csv,2026-04-10 07:26:47,2026-04-10 08:45:21,1.3094444444444444,115782.0,62.599998474121094,54.400001525878906,8.199996948242188,24.0,17.89873417721519,64.0,,292.68303575582206
KA01AQ2730,intellicar-KA01AQ2730-2026-04-01_2026-05-01.csv,2026-04-10 08:45:48,2026-04-10 09:28:50,0.7172222222222222,115806.0,54.5,49.0,5.5,20.0,27.74712643678161,64.0,,363.6363636363636
KA01AQ2730,intellicar-KA01AQ2730-2026-04-01_2026-05-01.csv,2026-04-10 12:43:49,2026-04-10 14:58:52,2.2508333333333335,115904.0,27.399999618530273,22.0,5.399999618530273,20.0,15.121212121212121,51.0,,370.37039653427667
KA01AQ2730,intellicar-KA01AQ2730-2026-04-01_2026-05-01.csv,2026-04-10 23:23:53,2026-04-11 01:17:25,1.8922222222222222,116094.0,66.80000305175781,61.5,5.3000030517578125,21.0,15.493975903614459,58.0,,396.2261869459695
KA01AQ2730,intellicar-KA01AQ2730-2026-04-01_2026-05-01.csv,2026-04-11 15:32:28,2026-04-11 16:02:05,0.4936111111111111,116314.0,63.099998474121094,57.599998474121094,5.5,20.0,43.03333333333333,72.0,,363.6363636363636
KA01AQ2730,intellicar-KA01AQ2730-2026-04-01_2026-05-01.csv,2026-04-11 18:45:29,2026-04-11 19:06:31,0.35055555555555556,116373.0,88.5999984741211,83.5999984741211,5.0,15.0,46.51162790697674,74.0,,300.0
KA01AQ2730,intellicar-KA01AQ2730-2026-04-01_2026-05-01.csv,2026-04-13 19:13:42,2026-04-13 19:56:14,0.7088888888888889,116457.0,82.9000015258789,77.0999984741211,5.8000030517578125,21.0,30.77906976744186,68.0,,362.0687750092737
KA01AQ2730,intellicar-KA01AQ2730-2026-04-01_2026-05-01.csv,2026-04-14 07:57:45,2026-04-14 09:32:17,1.5755555555555556,116603.0,86.30000305175781,80.69999694824219,5.600006103515625,8.0,5.657894736842105,47.0,,142.85698715538337
KA01AQ2730,intellicar-KA01AQ2730-2026-04-01_2026-05-01.csv,2026-04-14 11:09:46,2026-04-14 11:46:50,0.6177777777777778,116633.0,73.0,66.30000305175781,6.6999969482421875,18.0,30.76,72.0,,268.656838787404
KA01AQ2730,intellicar-KA01AQ2730-2026-04-01_2026-05-01.csv,2026-04-14 16:16:17,2026-04-14 17:28:48,1.208611111111111,116738.0,42.0,33.599998474121094,8.400001525878906,34.0,27.958477508650518,67.0,,404.7618312360071
KA01AQ2730,intellicar-KA01AQ2730-2026-04-01_2026-05-01.csv,2026-04-15 08:06:51,2026-04-15 08:19:21,0.20833333333333334,116955.0,46.70000076293945,41.099998474121094,5.600002288818359,14.0,64.79591836734694,80.0,,249.99989782065072
KA01AQ2730,intellicar-KA01AQ2730-2026-04-01_2026-05-01.csv,2026-04-15 08:35:21,2026-04-15 09:24:24,0.8175,116979.0,37.70000076293945,32.20000076293945,5.5,15.0,18.653061224489797,74.0,,272.7272727272727
KA01AQ2730,intellicar-KA01AQ2730-2026-04-01_2026-05-01.csv,2026-04-15 09:37:51,2026-04-15 10:55:55,1.301111111111111,117002.0,29.899999618530273,20.700000762939453,9.19999885559082,21.0,16.19871794871795,64.0,,228.260897959116
KA01AQ2730,intellicar-KA01AQ2730-2026-04-01_2026-05-01.csv,2026-04-15 18:30:54,2026-04-15 21:01:25,2.508611111111111,117130.0,75.0,66.30000305175781,8.699996948242188,30.0,21.32183908045977,60.0,,344.8277071644425
KA01AQ2730,intellicar-KA01AQ2730-2026-04-01_2026-05-01.csv,2026-04-16 09:39:58,2026-04-16 10:44:00,1.0672222222222223,117315.0,91.19999694824219,83.5999984741211,7.599998474121094,23.0,22.015503875968992,75.0,,302.63163970779414
KA01AQ2730,intellicar-KA01AQ2730-2026-04-01_2026-05-01.csv,2026-04-16 11:10:28,2026-04-16 12:10:01,0.9925,117351.0,79.30000305175781,72.4000015258789,6.900001525878906,20.0,20.066666666666666,61.0,,289.8550083646894
KA01AQ2730,intellicar-KA01AQ2730-2026-04-01_2026-05-01.csv,2026-04-17 03:18:32,2026-04-17 03:41:05,0.37583333333333335,117529.0,29.5,24.5,5.0,13.0,35.869565217391305,75.0,,260.0
KA01AQ2730,intellicar-KA01AQ2730-2026-04-01_2026-05-01.csv,2026-04-17 21:05:09,2026-04-17 21:25:09,0.3333333333333333,117738.0,87.5999984741211,81.9000015258789,5.6999969482421875,13.0,40.59756097560975,113.0,,228.07029754654602
KA01AQ2730,intellicar-KA01AQ2730-2026-04-01_2026-05-01.csv,2026-04-18 00:29:08,2026-04-18 02:21:08,1.8666666666666667,117846.0,55.70000076293945,49.70000076293945,6.0,22.0,14.628242074927954,80.0,,366.66666666666663
KA01AQ2730,intellicar-KA01AQ2730-2026-04-01_2026-05-01.csv,2026-04-18 07:35:40,2026-04-18 09:17:41,1.7002777777777778,117943.0,28.799999237060547,21.100000381469727,7.69999885559082,21.0,12.629901960784315,59.0,,272.7273132612521
KA01AQ2730,intellicar-KA01AQ2730-2026-04-01_2026-05-01.csv,2026-04-18 15:55:13,2026-04-18 17:09:45,1.2422222222222221,118023.0,93.9000015258789,88.30000305175781,5.599998474121094,21.0,23.34862385321101,67.0,,375.0001021794189
KA01AQ2730,intellicar-KA01AQ2730-2026-04-01_2026-05-01.csv,2026-04-19 02:11:46,2026-04-19 03:38:17,1.4419444444444445,118167.0,53.099998474121094,48.099998474121094,5.0,15.0,13.35,58.0,,300.0
KA01AQ2730,intellicar-KA01AQ2730-2026-04-01_2026-05-01.csv,2026-04-19 11:58:18,2026-04-19 12:58:20,1.0005555555555556,118297.0,87.80000305175781,82.30000305175781,5.5,18.0,18.06611570247934,58.0,,327.2727272727273
KA01AQ2730,intellicar-KA01AQ2730-2026-04-01_2026-05-01.csv,2026-04-19 17:07:50,2026-04-19 18:21:52,1.2338888888888888,118410.0,58.0,52.70000076293945,5.299999237060547,20.0,26.30851063829787,69.0,,377.3585448871173
KA01AQ2730,intellicar-KA01AQ2730-2026-04-01_2026-05-01.csv,2026-04-19 21:08:51,2026-04-19 23:10:24,2.0258333333333334,118477.0,39.400001525878906,32.099998474121094,7.3000030517578125,24.0,12.732456140350877,67.0,,328.7669858469565
KA01AQ2730,intellicar-KA01AQ2730-2026-04-01_2026-05-01.csv,2026-04-19 23:37:21,2026-04-19 23:53:53,0.27555555555555555,118519.0,27.5,22.399999618530273,5.100000381469727,18.0,69.61764705882354,82.0,,352.94115007130114
KA01AQ2730,intellicar-KA01AQ2730-2026-04-01_2026-05-01.csv,2026-04-20 02:13:22,2026-04-20 05:09:25,2.9341666666666666,118543.0,96.4000015258789,87.19999694824219,9.200004577636719,21.0,12.473170731707317,73.0,,228.26075598969368
KA01AQ2730,intellicar-KA01AQ2730-2026-04-01_2026-05-01.csv,2026-04-20 07:32:24,2026-04-20 09:39:56,2.1255555555555556,118604.0,73.4000015258789,60.599998474121094,12.800003051757812,25.0,11.563352826510721,64.0,,195.31245343388238
KA01AQ2730,intellicar-KA01AQ2730-2026-04-01_2026-05-01.csv,2026-04-20 22:46:59,2026-04-20 23:11:31,0.4088888888888889,118834.0,75.5999984741211,70.5999984741211,5.0,17.0,45.28,59.0,,340.0
KA01AQ2730,intellicar-KA01AQ2730-2026-04-01_2026-05-01.csv,2026-04-21 01:33:31,2026-04-21 02:49:02,1.2586111111111111,118894.0,94.80000305175781,87.80000305175781,7.0,22.0,31.050279329608937,77.0,,314.2857142857143
KA01AQ2730,intellicar-KA01AQ2730-2026-04-01_2026-05-01.csv,2026-04-21 05:18:30,2026-04-21 06:22:33,1.0675,118969.0,74.4000015258789,68.4000015258789,6.0,15.0,14.61111111111111,49.0,,250.0
KA01AQ2730,intellicar-KA01AQ2730-2026-04-01_2026-05-01.csv,2026-04-21 08:30:31,2026-04-21 10:19:34,1.8175,119016.0,56.599998474121094,44.70000076293945,11.89999771118164,33.0,19.061124694376527,70.0,,277.3109777070972
KA01AQ2730,intellicar-KA01AQ2730-2026-04-01_2026-05-01.csv,2026-04-21 10:20:02,2026-04-21 10:49:34,0.4922222222222222,119049.0,44.79999923706055,37.400001525878906,7.399997711181641,17.0,32.43333333333333,75.0,,229.72980078510616
KA01AQ2730,intellicar-KA01AQ2730-2026-04-01_2026-05-01.csv,2026-04-21 11:22:02,2026-04-21 11:52:04,0.5005555555555555,119073.0,35.099998474121094,30.0,5.099998474121094,20.0,39.85245901639344,73.0,,392.15698007530665
KA01AQ2730,intellicar-KA01AQ2730-2026-04-01_2026-05-01.csv,2026-04-22 03:49:06,2026-04-22 06:56:40,3.1261111111111113,119313.0,94.5,89.0999984741211,5.400001525878906,19.0,9.383064516129032,61.0,,351.85175242904313
KA01AQ2730,intellicar-KA01AQ2730-2026-04-01_2026-05-01.csv,2026-04-22 07:30:07,2026-04-22 08:17:10,0.7841666666666667,119355.0,83.80000305175781,77.0999984741211,6.700004577636719,18.0,24.88421052631579,69.0,,268.65653286387914
KA01AQ2730,intellicar-KA01AQ2730-2026-04-01_2026-05-01.csv,2026-04-22 18:02:11,2026-04-22 18:32:14,0.5008333333333334,119522.0,86.5,81.5,5.0,21.0,42.950819672131146,68.0,,420.0
KA01AQ2730,intellicar-KA01AQ2730-2026-04-01_2026-05-01.csv,2026-04-22 19:51:12,2026-04-22 20:10:14,0.31722222222222224,119593.0,67.19999694824219,60.599998474121094,6.599998474121094,17.0,52.56410256410256,74.0,,257.57581712568276
KA01AQ2730,intellicar-KA01AQ2730-2026-04-01_2026-05-01.csv,2026-04-22 20:10:42,2026-04-22 22:14:43,2.0669444444444443,119610.0,60.70000076293945,52.70000076293945,8.0,28.0,26.346456692913385,72.0,,350.0
KA01AQ2730,intellicar-KA01AQ2730-2026-04-01_2026-05-01.csv,2026-04-22 23:20:42,2026-04-23 00:03:45,0.7175,119665.0,44.599998474121094,39.29999923706055,5.299999237060547,20.0,29.802325581395348,75.0,,377.3585448871173
KA01AQ2730,intellicar-KA01AQ2730-2026-04-01_2026-05-01.csv,2026-04-23 06:19:44,2026-04-23 07:37:16,1.2922222222222222,119774.0,88.0,81.0999984741211,6.900001525878906,23.0,26.875,74.0,,333.3332596193928
KA01AQ2730,intellicar-KA01AQ2730-2026-04-01_2026-05-01.csv,2026-04-23 08:29:15,2026-04-23 09:28:18,0.9841666666666666,119803.0,79.30000305175781,71.19999694824219,8.100006103515625,18.0,18.965811965811966,58.0,,222.22205477336007
KA01AQ2730,intellicar-KA01AQ2730-2026-04-01_2026-05-01.csv,2026-04-25 20:57:03,2026-04-25 21:35:05,0.6338888888888888,119886.0,43.70000076293945,35.29999923706055,8.400001525878906,23.0,37.96,73.0,,273.80947407141656
KA01AQ2730,intellicar-KA01AQ2730-2026-04-01_2026-05-01.csv,2026-04-26 03:17:04,2026-04-26 04:11:08,0.9011111111111111,120005.0,57.400001525878906,51.79999923706055,5.600002288818359,12.0,20.256756756756758,79.0,,214.28562670341492
KA01AQ2730,intellicar-KA01AQ2730-2026-04-01_2026-05-01.csv,2026-04-26 07:38:06,2026-04-26 08:32:39,0.9091666666666667,120062.0,80.5,74.5999984741211,5.900001525878906,12.0,13.081818181818182,58.0,,203.3897779070895
KA01AQ2730,intellicar-KA01AQ2730-2026-04-01_2026-05-01.csv,2026-04-26 08:47:06,2026-04-26 10:37:38,1.8422222222222222,120083.0,72.0999984741211,59.5,12.599998474121094,30.0,16.0,70.0,,238.0952669289322
KA01AQ2730,intellicar-KA01AQ2730-2026-04-01_2026-05-01.csv,2026-04-26 10:53:37,2026-04-26 11:04:39,0.18388888888888888,120117.0,58.0,52.79999923706055,5.200000762939453,12.0,66.04347826086956,125.0,,230.76919691097598
KA01AQ2730,intellicar-KA01AQ2730-2026-04-01_2026-05-01.csv,2026-04-26 14:36:40,2026-04-26 15:37:38,1.0161111111111112,120153.0,93.0,87.4000015258789,5.599998474121094,21.0,26.45049504950495,77.0,,375.0001021794189
KA01AQ2730,intellicar-KA01AQ2730-2026-04-01_2026-05-01.csv,2026-04-26 16:25:08,2026-04-26 17:20:42,0.9261111111111111,120199.0,81.69999694824219,76.4000015258789,5.299995422363281,17.0,19.0625,62.0,,320.7549940188374
KA01AQ2730,intellicar-KA01AQ2730-2026-04-01_2026-05-01.csv,2026-04-26 23:56:40,2026-04-27 00:32:41,0.6002777777777778,120390.0,26.399999618530273,19.0,7.399999618530273,29.0,52.98571428571429,78.0,,391.89191209390543
KA01AQ2730,intellicar-KA01AQ2730-2026-04-01_2026-05-01.csv,2026-04-27 20:32:16,2026-04-27 21:05:47,0.5586111111111111,120704.0,63.70000076293945,54.0,9.700000762939453,33.0,60.455882352941174,75.0,,340.20615880858753
KA01AQ2730,intellicar-KA01AQ2730-2026-04-01_2026-05-01.csv,2026-04-28 08:06:18,2026-04-28 09:31:51,1.4258333333333333,120921.0,85.80000305175781,78.19999694824219,7.600006103515625,19.0,14.301282051282051,51.0,,249.99979922662092
KA01AQ2730,intellicar-KA01AQ2730-2026-04-01_2026-05-01.csv,2026-04-28 09:32:19,2026-04-28 10:33:22,1.0175,120940.0,78.30000305175781,71.0999984741211,7.200004577636719,25.0,29.50485436893204,79.0,,347.22200146441895
KA01AQ2730,intellicar-KA01AQ2730-2026-04-01_2026-05-01.csv,2026-04-28 10:48:19,2026-04-28 12:16:21,1.4672222222222222,120973.0,69.5999984741211,63.79999923706055,5.799999237060547,11.0,7.061971830985915,64.0,,189.65519736128147
KA01AQ2730,intellicar-KA01AQ2730-2026-04-01_2026-05-01.csv,2026-04-28 19:22:52,2026-04-28 20:29:54,1.1172222222222221,121129.0,72.0999984741211,56.900001525878906,15.199996948242188,49.0,45.096296296296295,78.0,,322.3684857756937
KA01AQ2730,intellicar-KA01AQ2730-2026-04-01_2026-05-01.csv,2026-04-28 20:44:22,2026-04-28 21:03:53,0.3252777777777778,121184.0,55.70000076293945,49.400001525878906,6.299999237060547,21.0,65.1,80.0,,333.33337370050504
KA01AQ2730,intellicar-KA01AQ2730-2026-04-01_2026-05-01.csv,2026-04-28 23:52:52,2026-04-29 00:12:24,0.32555555555555554,121264.0,32.20000076293945,27.0,5.200000762939453,16.0,47.825,79.0,,307.69226254796797
KA01AQ2730,intellicar-KA01AQ2730-2026-04-01_2026-05-01.csv,2026-04-29 00:12:52,2026-04-29 00:33:54,0.35055555555555556,121280.0,27.100000381469727,21.5,5.600000381469727,17.0,46.48837209302326,76.0,,303.57140789226753
KA01AQ2730,intellicar-KA01AQ2730-2026-04-01_2026-05-01.csv,2026-04-29 10:15:25,2026-04-29 11:41:59,1.4427777777777777,121453.0,49.20000076293945,43.599998474121094,5.600002288818359,10.0,6.879310344827586,40.0,,178.5713555861791
KA01AQ2730,intellicar-KA01AQ2730-2026-04-01_2026-05-01.csv,2026-04-29 11:42:26,2026-04-29 12:58:01,1.2597222222222222,121463.0,43.70000076293945,38.099998474121094,5.600002288818359,9.0,7.131578947368421,33.0,,160.71422002756117
KA01AQ2730,intellicar-KA01AQ2730-2026-04-01_2026-05-01.csv,2026-04-29 14:50:27,2026-04-29 15:13:59,0.39222222222222225,121484.0,33.29999923706055,27.799999237060547,5.5,18.0,48.0625,75.0,,327.2727272727273
KA01AQ2730,intellicar-KA01AQ2730-2026-04-01_2026-05-01.csv,2026-04-29 20:52:58,2026-04-29 21:24:59,0.5336111111111111,121583.0,74.9000015258789,69.0,5.900001525878906,19.0,34.921875,63.0,,322.0338150195584
KA01AQ2730,intellicar-KA01AQ2730-2026-04-01_2026-05-01.csv,2026-04-29 22:01:28,2026-04-29 23:06:29,1.083611111111111,121617.0,64.80000305175781,56.900001525878906,7.900001525878906,24.0,30.513513513513512,67.0,,303.797409676195
KA01AQ2730,intellicar-KA01AQ2730-2026-04-01_2026-05-01.csv,2026-04-30 00:10:59,2026-04-30 00:34:00,0.3836111111111111,121671.0,48.599998474121094,41.599998474121094,7.0,24.0,63.340425531914896,79.0,,342.85714285714283
KA01AQ2730,intellicar-KA01AQ2730-2026-04-01_2026-05-01.csv,2026-04-30 08:23:32,2026-04-30 09:24:34,1.0172222222222222,121808.0,67.5999984741211,61.79999923706055,5.799999237060547,13.0,13.715447154471544,86.0,,224.1379605178781
KA01AQ2730,intellicar-KA01AQ2730-2026-04-01_2026-05-01.csv,2026-04-30 14:00:04,2026-04-30 15:14:39,1.2430555555555556,121897.0,34.400001525878906,28.100000381469727,6.30000114440918,15.0,12.28,60.0,,238.09519484471005
KA01AQ2730,intellicar-KA01AQ2730-2026-04-01_2026-05-01.csv,2026-04-30 19:36:36,2026-04-30 20:10:09,0.5591666666666667,121965.0,90.30000305175781,85.0,5.3000030517578125,22.0,43.66129032258065,75.0,,415.0941006100633
KA01AQ2730,intellicar-KA01AQ2730-2026-04-01_2026-05-01.csv,2026-04-30 21:16:06,2026-04-30 21:58:38,0.7088888888888889,122015.0,78.0999984741211,72.5,5.599998474121094,18.0,26.5,70.0,,321.42865901093046
KA01AQ2730,intellicar-KA01AQ2730-2026-05-01_2026-06-01.csv,2026-05-01 06:05:09,2026-05-01 08:50:12,2.7508333333333335,122131.0,94.0999984741211,85.0999984741211,9.0,19.0,15.512027491408935,134.0,,211.11111111111111
KA01AQ2730,intellicar-KA01AQ2730-2026-05-01_2026-06-01.csv,2026-05-01 10:05:40,2026-05-01 10:49:10,0.725,122182.0,74.0,68.69999694824219,5.3000030517578125,10.0,20.388429752066116,69.0,,188.67913664093788
KA01AQ2730,intellicar-KA01AQ2730-2026-05-01_2026-06-01.csv,2026-05-01 18:26:43,2026-05-01 18:54:45,0.4672222222222222,122258.0,89.30000305175781,83.69999694824219,5.600006103515625,22.0,46.87719298245614,69.0,,392.85671467730424
KA01AQ2730,intellicar-KA01AQ2730-2026-05-01_2026-06-01.csv,2026-05-02 06:06:45,2026-05-02 07:46:18,1.6591666666666667,122416.0,82.0,75.69999694824219,6.3000030517578125,11.0,6.898058252427185,53.0,,174.60309002438981
KA01AQ2730,intellicar-KA01AQ2730-2026-05-01_2026-06-01.csv,2026-05-02 08:05:16,2026-05-02 10:08:49,2.0591666666666666,122438.0,72.5,65.0999984741211,7.400001525878906,13.0,6.496894409937888,42.0,,175.67563945138477
KA01AQ2730,intellicar-KA01AQ2730-2026-05-01_2026-06-01.csv,2026-05-02 19:01:19,2026-05-02 19:38:51,0.6255555555555555,122620.0,58.099998474121094,50.70000076293945,7.399997711181641,22.0,36.01315789473684,123.0,,297.29738925131386
KA01AQ2730,intellicar-KA01AQ2730-2026-05-01_2026-06-01.csv,2026-05-03 00:03:50,2026-05-03 01:01:22,0.9588888888888889,122679.0,39.099998474121094,31.399999618530273,7.69999885559082,23.0,24.655172413793103,78.0,,298.701343095657
KA01AQ2730,intellicar-KA01AQ2730-2026-05-01_2026-06-01.csv,2026-05-03 01:21:50,2026-05-03 01:44:22,0.37555555555555553,122720.0,26.700000762939453,20.5,6.200000762939453,17.0,42.369565217391305,79.0,,274.19351464628227
KA01AQ2730,intellicar-KA01AQ2730-2026-05-01_2026-06-01.csv,2026-05-03 06:31:52,2026-05-03 08:21:24,1.8255555555555556,122792.0,82.80000305175781,73.0999984741211,9.700004577636719,21.0,13.851063829787234,66.0,,216.49474319234167
KA01AQ2730,intellicar-KA01AQ2730-2026-05-01_2026-06-01.csv,2026-05-03 09:16:53,2026-05-03 10:17:55,1.0172222222222222,122853.0,60.900001525878906,55.400001525878906,5.5,8.0,8.669354838709678,75.0,,145.45454545454547
KA01AQ2730,intellicar-KA01AQ2730-2026-05-01_2026-06-01.csv,2026-05-03 19:25:56,2026-05-03 21:23:28,1.958888888888889,123029.0,82.0999984741211,72.9000015258789,9.199996948242188,29.0,20.390532544378697,64.0,,315.2174958660278
KA01AQ2730,intellicar-KA01AQ2730-2026-05-01_2026-06-01.csv,2026-05-03 22:13:56,2026-05-03 22:44:58,0.5172222222222222,123079.0,66.80000305175781,58.900001525878906,7.900001525878906,30.0,56.92063492063492,77.0,,379.7467620952438
KA01AQ2730,intellicar-KA01AQ2730-2026-05-01_2026-06-01.csv,2026-05-03 23:50:26,2026-05-04 00:06:28,0.26722222222222225,123145.0,49.400001525878906,43.79999923706055,5.600002288818359,13.0,51.0,76.0,,232.14276226203282
KA01AQ2730,intellicar-KA01AQ2730-2026-05-01_2026-06-01.csv,2026-05-04 06:11:58,2026-05-04 07:00:01,0.8008333333333333,123281.0,53.400001525878906,47.29999923706055,6.100002288818359,13.0,16.45263157894737,76.0,,213.11467413429855
KA01AQ2730,intellicar-KA01AQ2730-2026-05-01_2026-06-01.csv,2026-05-04 07:00:28,2026-05-04 07:44:30,0.7338888888888889,123294.0,47.400001525878906,42.29999923706055,5.100002288818359,14.0,19.045454545454547,56.0,,274.50968072494175
KA01AQ2730,intellicar-KA01AQ2730-2026-05-01_2026-06-01.csv,2026-05-04 08:19:59,2026-05-04 09:19:31,0.9922222222222222,123322.0,38.099998474121094,27.399999618530273,10.69999885559082,27.0,32.83,86.0,,252.33647558655878
KA01AQ2730,intellicar-KA01AQ2730-2026-05-01_2026-06-01.csv,2026-05-04 10:17:00,2026-05-04 11:04:01,0.7836111111111111,123353.0,61.900001525878906,55.29999923706055,6.600002288818359,19.0,24.978947368421053,87.0,,287.8786880451475
KA01AQ2730,intellicar-KA01AQ2730-2026-05-01_2026-06-01.csv,2026-05-04 11:12:00,2026-05-04 11:53:02,0.6838888888888889,123380.0,53.29999923706055,48.099998474121094,5.200000762939453,14.0,19.373493975903614,66.0,,269.230729729472
KA01AQ2730,intellicar-KA01AQ2730-2026-05-01_2026-06-01.csv,2026-05-04 12:17:00,2026-05-04 13:56:03,1.6508333333333334,123400.0,46.400001525878906,35.400001525878906,11.0,32.0,19.232323232323232,82.0,,290.90909090909093
KA01AQ2730,intellicar-KA01AQ2730-2026-05-01_2026-06-01.csv,2026-05-04 14:11:01,2026-05-04 15:05:34,0.9091666666666667,123450.0,32.099998474121094,25.700000762939453,6.399997711181641,15.0,18.989473684210527,66.0,,234.3750838190617
KA01AQ2730,intellicar-KA01AQ2730-2026-05-01_2026-06-01.csv,2026-05-04 22:01:03,2026-05-04 22:26:35,0.4255555555555556,123560.0,59.20000076293945,54.20000076293945,5.0,17.0,43.18,78.0,,340.0
KA01AQ2730,intellicar-KA01AQ2730-2026-05-01_2026-06-01.csv,2026-05-05 00:22:03,2026-05-05 01:33:35,1.1922222222222223,123609.0,44.599998474121094,38.599998474121094,6.0,19.0,27.78343949044586,72.0,,316.66666666666663
KA01AQ2730,intellicar-KA01AQ2730-2026-05-01_2026-06-01.csv,2026-05-05 04:12:04,2026-05-05 05:36:05,1.4002777777777777,123665.0,35.0,25.899999618530273,9.100000381469727,22.0,16.02013422818792,53.0,,241.7582316237971
KA01AQ2730,intellicar-KA01AQ2730-2026-05-01_2026-06-01.csv,2026-05-05 10:13:37,2026-05-05 10:31:37,0.3,123746.0,88.19999694824219,83.19999694824219,5.0,14.0,65.80952380952381,105.0,,280.0
KA01AQ2730,intellicar-KA01AQ2730-2026-05-01_2026-06-01.csv,2026-05-05 12:35:08,2026-05-05 13:33:38,0.975,123805.0,70.30000305175781,63.79999923706055,6.500003814697266,21.0,22.24576271186441,60.0,,323.07673347077974
KA01AQ2730,intellicar-KA01AQ2730-2026-05-01_2026-06-01.csv,2026-05-06 06:11:42,2026-05-06 06:23:13,0.19194444444444445,123887.0,43.599998474121094,38.400001525878906,5.1999969482421875,13.0,71.45833333333333,136.0,,250.00014671921173
KA01AQ2730,intellicar-KA01AQ2730-2026-05-01_2026-06-01.csv,2026-05-06 07:59:43,2026-05-06 08:28:43,0.48333333333333334,123919.0,34.099998474121094,27.399999618530273,6.69999885559082,17.0,35.813559322033896,65.0,,253.73138662276537
KA01AQ2730,intellicar-KA01AQ2730-2026-05-01_2026-06-01.csv,2026-05-06 08:38:43,2026-05-06 09:57:14,1.3086111111111112,123942.0,25.5,11.699999809265137,13.800000190734863,34.0,26.248407643312103,79.0,,246.37680818893864
KA01AQ2730,intellicar-KA01AQ2730-2026-05-01_2026-06-01.csv,2026-05-08 14:42:04,2026-05-08 15:59:32,1.291111111111111,123986.0,96.4000015258789,89.0999984741211,7.3000030517578125,13.0,13.615384615384615,38.0,,178.0821173337681
KA01AQ2730,intellicar-KA01AQ2730-2026-05-01_2026-06-01.csv,2026-05-08 16:00:02,2026-05-08 17:54:33,1.908611111111111,124000.0,89.19999694824219,79.4000015258789,9.799995422363281,19.0,15.518518518518519,57.0,,193.87764158177663
KA01AQ2730,intellicar-KA01AQ2730-2026-05-01_2026-06-01.csv,2026-05-09 06:03:37,2026-05-09 07:05:13,1.0266666666666666,124073.0,65.30000305175781,56.599998474121094,8.700004577636719,26.0,32.14705882352941,90.0,,298.8504174679719
KA01AQ2730,intellicar-KA01AQ2730-2026-05-01_2026-06-01.csv,2026-05-09 22:51:14,2026-05-09 23:21:44,0.5083333333333333,124259.0,88.30000305175781,83.0999984741211,5.200004577636719,15.0,28.403225806451612,62.0,,288.46128452481383
KA01AQ2730,intellicar-KA01AQ2730-2026-05-01_2026-06-01.csv,2026-05-10 00:22:44,2026-05-10 01:06:44,0.7333333333333333,124291.0,78.5,72.9000015258789,5.599998474121094,15.0,21.179775280898877,57.0,,267.8572158424421
KA01AQ2730,intellicar-KA01AQ2730-2026-05-01_2026-06-01.csv,2026-05-10 02:27:44,2026-05-10 03:11:44,0.7333333333333333,124320.0,69.0,63.29999923706055,5.700000762939453,21.0,29.146067415730336,77.0,,368.4210033187862
KA01AQ2730,intellicar-KA01AQ2730-2026-05-01_2026-06-01.csv,2026-05-10 07:24:46,2026-05-10 08:24:46,1.0,124411.0,95.0999984741211,89.30000305175781,5.799995422363281,12.0,13.090909090909092,63.0,,206.8967150168965
KA01AQ2730,intellicar-KA01AQ2730-2026-05-01_2026-06-01.csv,2026-05-10 09:11:17,2026-05-10 09:34:17,0.38333333333333336,124428.0,85.9000015258789,78.5999984741211,7.3000030517578125,20.0,51.8936170212766,88.0,,273.9724882057971
KA01AQ2730,intellicar-KA01AQ2730-2026-05-01_2026-06-01.csv,2026-05-10 11:38:18,2026-05-10 12:10:48,0.5416666666666666,124498.0,62.29999923706055,55.900001525878906,6.399997711181641,17.0,32.10606060606061,76.0,,265.6250949949366
KA01AQ2730,intellicar-KA01AQ2730-2026-05-01_2026-06-01.csv,2026-05-10 12:46:48,2026-05-10 14:30:19,1.7252777777777777,124531.0,51.20000076293945,45.099998474121094,6.100002288818359,15.0,8.280788177339902,54.0,,245.9015470780368
KA01AQ2730,intellicar-KA01AQ2730-2026-05-01_2026-06-01.csv,2026-05-10 19:51:21,2026-05-10 20:34:21,0.7166666666666667,124624.0,95.5999984741211,89.0,6.599998474121094,18.0,30.958904109589042,76.0,,272.72733578013464
KA01AQ2730,intellicar-KA01AQ2730-2026-05-01_2026-06-01.csv,2026-05-10 20:34:51,2026-05-10 21:06:21,0.525,124643.0,89.0999984741211,79.80000305175781,9.299995422363281,26.0,53.61290322580645,75.0,,279.57003008279946
KA01AQ2730,intellicar-KA01AQ2730-2026-05-01_2026-06-01.csv,2026-05-10 21:36:51,2026-05-10 23:31:51,1.9166666666666667,124696.0,72.5999984741211,64.4000015258789,8.199996948242188,25.0,16.654054054054054,72.0,,304.87816224564796
KA01AQ2730,intellicar-KA01AQ2730-2026-05-01_2026-06-01.csv,2026-05-11 07:55:54,2026-05-11 10:17:25,2.358611111111111,124846.0,73.80000305175781,65.5,8.300003051757812,14.0,5.824561403508772,45.0,,168.67463677660956
KA01AQ2730,intellicar-KA01AQ2730-2026-05-01_2026-06-01.csv,2026-05-11 11:40:26,2026-05-11 11:56:28,0.26722222222222225,124887.0,57.400001525878906,50.400001525878906,7.0,18.0,68.61764705882354,119.0,,257.14285714285717
KA01AQ2730,intellicar-KA01AQ2730-2026-05-01_2026-06-01.csv,2026-05-11 14:27:57,2026-05-11 14:48:57,0.35,124929.0,44.0,39.0,5.0,14.0,43.48837209302326,73.0,,280.0
KA01AQ2730,intellicar-KA01AQ2730-2026-05-01_2026-06-01.csv,2026-05-11 14:49:27,2026-05-11 15:38:27,0.8166666666666667,124944.0,39.099998474121094,31.700000762939453,7.399997711181641,23.0,29.95959595959596,78.0,,310.8109069445554
KA01AQ2730,intellicar-KA01AQ2730-2026-05-01_2026-06-01.csv,2026-05-11 19:04:58,2026-05-11 19:20:58,0.26666666666666666,125003.0,86.80000305175781,81.69999694824219,5.100006103515625,12.0,45.63636363636363,80.0,,235.29383605497944
KA01AQ2730,intellicar-KA01AQ2730-2026-05-01_2026-06-01.csv,2026-05-11 19:49:29,2026-05-12 01:03:29,5.233333333333333,125038.0,75.0,69.0999984741211,5.900001525878906,20.0,16.019736842105264,64.0,,338.9829631784825
KA01AQ2730,intellicar-KA01AQ2730-2026-05-01_2026-06-01.csv,2026-05-12 06:50:01,2026-05-12 07:38:02,0.8002777777777778,125146.0,76.19999694824219,70.0,6.1999969482421875,18.0,23.051546391752577,67.0,,290.3227235475225
KA01AQ2730,intellicar-KA01AQ2730-2026-05-01_2026-06-01.csv,2026-05-12 07:59:02,2026-05-12 08:44:32,0.7583333333333333,125171.0,67.30000305175781,61.5,5.8000030517578125,18.0,23.72826086956522,72.0,,310.34466429366313
KA01AQ2730,intellicar-KA01AQ2730-2026-05-01_2026-06-01.csv,2026-05-12 09:17:02,2026-05-12 09:43:35,0.4425,125205.0,56.599998474121094,50.599998474121094,6.0,18.0,42.18181818181818,73.0,,300.0
KA01AQ2730,intellicar-KA01AQ2730-2026-05-01_2026-06-01.csv,2026-05-12 16:18:35,2026-05-12 18:04:06,1.7586111111111111,125295.0,80.4000015258789,70.80000305175781,9.599998474121094,33.0,29.47517730496454,81.0,,343.75005463759976
KA01AQ2730,intellicar-KA01AQ2730-2026-05-01_2026-06-01.csv,2026-05-12 18:38:36,2026-05-12 19:21:36,0.7166666666666667,125348.0,65.69999694824219,59.79999923706055,5.899997711181641,22.0,36.602739726027394,91.0,,372.88150058610586
KA01AQ2730,intellicar-KA01AQ2730-2026-05-01_2026-06-01.csv,2026-05-12 19:22:06,2026-05-12 20:10:36,0.8083333333333333,125370.0,59.900001525878906,53.0,6.900001525878906,25.0,45.794117647058826,79.0,,362.31876045586176
KA01AQ2730,intellicar-KA01AQ2730-2026-05-01_2026-06-01.csv,2026-05-12 21:18:07,2026-05-12 22:40:37,1.375,125416.0,46.599998474121094,39.599998474121094,7.0,23.0,26.88679245283019,61.0,,328.57142857142856
KA01AQ2730,intellicar-KA01AQ2730-2026-05-01_2026-06-01.csv,2026-05-13 05:03:38,2026-05-13 07:02:40,1.9838888888888888,125556.0,78.4000015258789,71.19999694824219,7.200004577636719,13.0,6.768595041322314,63.0,,180.55544076149786
KA01AQ2730,intellicar-KA01AQ2730-2026-05-01_2026-06-01.csv,2026-05-13 08:04:10,2026-05-13 10:20:41,2.2752777777777777,125609.0,60.5,55.400001525878906,5.099998474121094,10.0,7.937888198757764,63.0,,196.07849003765332
KA01AQ2730,intellicar-KA01AQ2730-2026-05-01_2026-06-01.csv,2026-05-13 13:19:42,2026-05-13 15:46:43,2.450277777777778,125667.0,42.70000076293945,32.70000076293945,10.0,28.0,13.847389558232932,56.0,,280.0
KA01AQ2730,intellicar-KA01AQ2730-2026-05-01_2026-06-01.csv,2026-05-13 15:50:13,2026-05-13 17:09:14,1.3169444444444445,125696.0,32.599998474121094,27.100000381469727,5.499998092651367,20.0,15.071428571428571,38.0,,363.63648974210207
KA01AQ2730,intellicar-KA01AQ2730-2026-05-01_2026-06-01.csv,2026-05-13 20:21:15,2026-05-13 21:17:46,0.9419444444444445,125757.0,99.5999984741211,86.5999984741211,13.0,41.0,44.22522522522522,76.0,,315.38461538461536
KA01AQ2730,intellicar-KA01AQ2730-2026-05-01_2026-06-01.csv,2026-05-13 21:18:16,2026-05-13 22:21:16,1.05,125798.0,86.80000305175781,78.19999694824219,8.600006103515625,25.0,23.708661417322833,73.0,,290.6974681073792
KA01AQ2730,intellicar-KA01AQ2730-2026-05-01_2026-06-01.csv,2026-05-13 23:16:16,2026-05-14 01:23:16,2.1166666666666667,125844.0,72.19999694824219,64.5999984741211,7.599998474121094,28.0,15.0,64.0,,368.42112660079283
KA01AQ2730,intellicar-KA01AQ2730-2026-05-01_2026-06-01.csv,2026-05-15 18:07:00,2026-05-15 19:37:31,1.5086111111111111,126189.0,53.20000076293945,47.70000076293945,5.5,20.0,16.615942028985508,65.0,,363.6363636363636
KA01AQ2730,intellicar-KA01AQ2730-2026-05-01_2026-06-01.csv,2026-05-15 19:40:01,2026-05-15 20:16:31,0.6083333333333333,126210.0,47.5,42.400001525878906,5.099998474121094,19.0,40.81818181818182,78.0,,372.5491310715413
KA01AQ2730,intellicar-KA01AQ2730-2026-05-01_2026-06-01.csv,2026-05-15 20:43:01,2026-05-15 21:31:32,0.8086111111111111,126246.0,38.70000076293945,32.20000076293945,6.5,17.0,20.836734693877553,74.0,,261.53846153846155
KA01AQ2730,intellicar-KA01AQ2730-2026-05-01_2026-06-01.csv,2026-05-16 09:05:05,2026-05-16 11:33:06,2.4669444444444446,126417.0,71.30000305175781,62.0,9.300003051757812,25.0,9.647840531561462,58.0,,268.8171160898135
KA01AQ2730,intellicar-KA01AQ2730-2026-05-01_2026-06-01.csv,2026-05-16 20:28:09,2026-05-16 20:52:09,0.4,126619.0,34.5,29.0,5.5,23.0,58.08163265306123,71.0,,418.1818181818182
KA01AQ2730,intellicar-KA01AQ2730-2026-05-01_2026-06-01.csv,2026-05-17 11:15:44,2026-05-17 12:09:14,0.8916666666666667,126880.0,45.5,39.099998474121094,6.400001525878906,23.0,25.63888888888889,75.0,,359.37491431834354
KA01AQ2730,intellicar-KA01AQ2730-2026-05-01_2026-06-01.csv,2026-05-18 02:07:18,2026-05-18 02:55:18,0.8,127109.0,59.20000076293945,53.79999923706055,5.400001525878906,16.0,20.824742268041238,58.0,,296.2962125718258
KA01AQ2730,intellicar-KA01AQ2730-2026-05-01_2026-06-01.csv,2026-05-18 06:00:50,2026-05-18 07:10:20,1.1583333333333334,127177.0,39.400001525878906,33.599998474121094,5.8000030517578125,16.0,14.092857142857143,101.0,,275.86192381658947
KA01AQ2730,intellicar-KA01AQ2730-2026-05-01_2026-06-01.csv,2026-05-18 07:39:20,2026-05-18 09:09:21,1.5002777777777778,127211.0,28.5,22.600000381469727,5.899999618530273,14.0,9.305555555555555,61.0,,237.28815093529593
KA01AQ2730,intellicar-KA01AQ2730-2026-05-01_2026-06-01.csv,2026-05-18 20:41:25,2026-05-18 21:41:55,1.0083333333333333,127395.0,60.79999923706055,48.79999923706055,12.0,43.0,43.48360655737705,76.0,,358.33333333333337
KA01AQ2730,intellicar-KA01AQ2730-2026-05-01_2026-06-01.csv,2026-05-18 21:44:25,2026-05-18 22:22:55,0.6416666666666667,127441.0,48.29999923706055,40.70000076293945,7.599998474121094,27.0,43.717948717948715,75.0,,355.2632292221931
KA01AQ2730,intellicar-KA01AQ2730-2026-05-01_2026-06-01.csv,2026-05-18 22:23:25,2026-05-18 22:53:55,0.5083333333333333,127469.0,40.79999923706055,32.400001525878906,8.39999771118164,24.0,51.37096774193548,75.0,,285.7143635652715
KA01AQ2730,intellicar-KA01AQ2730-2026-05-01_2026-06-01.csv,2026-05-19 06:21:57,2026-05-19 06:49:57,0.4666666666666667,127587.0,88.0,80.9000015258789,7.099998474121094,22.0,49.473684210526315,95.0,,309.8592215222042
KA01AQ2730,intellicar-KA01AQ2730-2026-05-01_2026-06-01.csv,2026-05-19 12:46:29,2026-05-19 13:17:30,0.5169444444444444,127713.0,51.599998474121094,46.5,5.099998474121094,18.0,35.79365079365079,70.0,,352.941282067776
KA01AQ2730,intellicar-KA01AQ2730-2026-05-01_2026-06-01.csv,2026-05-19 16:13:31,2026-05-19 16:51:01,0.625,127761.0,100.0,94.19999694824219,5.8000030517578125,9.0,23.79591836734694,92.0,,155.17233214683156
KA01AQ2730,intellicar-KA01AQ2730-2026-05-01_2026-06-01.csv,2026-05-19 17:30:31,2026-05-19 18:31:01,1.0083333333333333,127792.0,88.69999694824219,81.4000015258789,7.299995422363281,27.0,27.778688524590162,64.0,,369.86324563007867
KA01AQ2730,intellicar-KA01AQ2730-2026-05-01_2026-06-01.csv,2026-05-19 18:48:31,2026-05-19 22:40:02,3.858611111111111,127829.0,79.5,72.4000015258789,7.099998474121094,23.0,24.56756756756757,78.0,,323.94373159139536
KA01AQ2730,intellicar-KA01AQ2730-2026-05-01_2026-06-01.csv,2026-05-20 10:04:06,2026-05-20 10:35:06,0.5166666666666667,127996.0,88.5,81.5999984741211,6.900001525878906,21.0,41.888888888888886,86.0,,304.3477587829239
KA01AQ2730,intellicar-KA01AQ2730-2026-05-01_2026-06-01.csv,2026-05-20 10:51:06,2026-05-20 12:25:06,1.5666666666666667,128023.0,79.69999694824219,71.30000305175781,8.399993896484375,19.0,11.529100529100528,55.0,,226.19064054263197
KA01AQ2730,intellicar-KA01AQ2730-2026-05-01_2026-06-01.csv,2026-05-20 17:40:08,2026-05-20 19:54:09,2.233611111111111,128111.0,52.20000076293945,43.400001525878906,8.799999237060547,31.0,14.130111524163569,68.0,,352.27275781395286
KA01AQ2730,intellicar-KA01AQ2730-2026-05-01_2026-06-01.csv,2026-05-21 14:27:45,2026-05-21 17:15:49,2.801111111111111,128300.0,59.599998474121094,52.0,7.599998474121094,19.0,6.795857988165681,47.0,,250.00005019339517
KA01AQ2730,intellicar-KA01AQ2730-2026-05-01_2026-06-01.csv,2026-05-21 22:03:47,2026-05-21 22:45:17,0.6916666666666667,128429.0,22.399999618530273,12.800000190734863,9.59999942779541,36.0,52.57142857142857,76.0,,375.0000223517431
KA01AQ2730,intellicar-KA01AQ2730-2026-05-01_2026-06-01.csv,2026-05-22 07:41:20,2026-05-22 08:55:50,1.2416666666666667,128560.0,69.69999694824219,63.900001525878906,5.799995422363281,16.0,12.203821656050955,56.0,,275.86228668919534
KA01AQ2730,intellicar-KA01AQ2730-2026-05-01_2026-06-01.csv,2026-05-22 14:31:22,2026-05-22 16:48:53,2.2919444444444443,128621.0,98.19999694824219,93.0,5.1999969482421875,18.0,12.837349397590362,87.0,,346.1540493035239
KA01AQ2730,intellicar-KA01AQ2730-2026-05-01_2026-06-01.csv,2026-05-23 07:39:57,2026-05-23 08:53:27,1.225,128759.0,63.29999923706055,57.400001525878906,5.899997711181641,17.0,15.462121212121213,65.0,,288.1357049983545
KA01AQ2730,intellicar-KA01AQ2730-2026-05-01_2026-06-01.csv,2026-05-23 11:01:58,2026-05-23 13:05:29,2.058611111111111,128829.0,43.29999923706055,34.599998474121094,8.700000762939453,29.0,14.337349397590362,52.0,,333.33330410193923
KA01AQ2730,intellicar-KA01AQ2730-2026-05-01_2026-06-01.csv,2026-05-23 16:50:30,2026-05-23 17:14:00,0.39166666666666666,128902.0,25.0,18.200000762939453,6.799999237060547,21.0,54.166666666666664,83.0,,308.82356406083545
KA01AQ2730,intellicar-KA01AQ2730-2026-05-01_2026-06-01.csv,2026-05-24 10:43:05,2026-05-24 11:56:35,1.225,128946.0,97.0999984741211,89.0999984741211,8.0,30.0,32.13274336283186,67.0,,375.0
KA01AQ2730,intellicar-KA01AQ2730-2026-05-01_2026-06-01.csv,2026-05-24 15:00:37,2026-05-24 17:27:37,2.45,129038.0,71.9000015258789,66.5,5.400001525878906,13.0,24.424242424242426,92.0,,240.74067271460845
KA01AQ2730,intellicar-KA01AQ2730-2026-05-01_2026-06-01.csv,2026-05-24 19:37:38,2026-05-24 20:23:08,0.7583333333333333,129112.0,48.79999923706055,43.79999923706055,5.0,20.0,27.127906976744185,57.0,,400.0
KA01AQ2730,intellicar-KA01AQ2730-2026-05-01_2026-06-01.csv,2026-05-24 20:23:38,2026-05-24 21:30:08,1.1083333333333334,129132.0,43.900001525878906,37.400001525878906,6.5,21.0,23.91509433962264,69.0,,323.0769230769231
KA01AQ2730,intellicar-KA01AQ2730-2026-05-01_2026-06-01.csv,2026-05-25 00:56:09,2026-05-25 01:28:09,0.5333333333333333,129187.0,66.80000305175781,58.400001525878906,8.400001525878906,33.0,63.738461538461536,79.0,,392.85707149377157
KA01AQ2730,intellicar-KA01AQ2730-2026-05-01_2026-06-01.csv,2026-05-25 07:16:40,2026-05-25 07:59:11,0.7086111111111111,129291.0,56.70000076293945,42.70000076293945,14.0,46.0,84.234375,92.0,,328.57142857142856
KA01AQ2730,intellicar-KA01AQ2730-2026-05-01_2026-06-01.csv,2026-05-25 09:51:11,2026-05-25 10:54:42,1.0586111111111112,129364.0,33.0,24.100000381469727,8.899999618530273,21.0,60.86666666666667,94.0,,235.95506629322637
KA01AQ2730,intellicar-KA01AQ2730-2026-05-01_2026-06-01.csv,2026-05-25 10:55:12,2026-05-25 11:05:12,0.16666666666666666,129386.0,24.200000762939453,18.200000762939453,6.0,13.0,78.9,97.0,,216.66666666666666
KA01AQ2730,intellicar-KA01AQ2730-2026-05-01_2026-06-01.csv,2026-05-25 14:39:43,2026-05-25 15:05:43,0.43333333333333335,129429.0,51.5,45.400001525878906,6.099998474121094,22.0,51.43396226415094,102.0,,360.6558279208394
KA01AQ2730,intellicar-KA01AQ2730-2026-05-01_2026-06-01.csv,2026-05-26 03:57:47,2026-05-26 08:38:48,4.683611111111111,129549.0,99.69999694824219,92.9000015258789,6.799995422363281,15.0,9.905555555555555,59.0,,220.58838379021844
KA01AQ2730,intellicar-KA01AQ2730-2026-05-01_2026-06-01.csv,2026-05-26 16:41:21,2026-05-26 18:07:22,1.4336111111111112,129698.0,52.20000076293945,44.70000076293945,7.5,27.0,19.24277456647399,65.0,,360.0
KA01AQ2730,intellicar-KA01AQ2730-2026-05-01_2026-06-01.csv,2026-05-27 18:01:00,2026-05-27 18:39:30,0.6416666666666667,129849.0,88.19999694824219,82.0999984741211,6.099998474121094,21.0,41.45161290322581,73.0,,344.26238119716487
KA01AQ2730,intellicar-KA01AQ2730-2026-05-01_2026-06-01.csv,2026-05-28 00:10:02,2026-05-28 00:57:32,0.7916666666666666,129975.0,54.20000076293945,45.0,9.200000762939453,39.0,50.1875,78.0,,423.9130083239175
KA01AQ2730,intellicar-KA01AQ2730-2026-05-01_2026-06-01.csv,2026-05-28 03:05:02,2026-05-28 03:49:33,0.7419444444444444,130076.0,29.399999618530273,22.799999237060547,6.600000381469727,23.0,38.31506849315068,75.0,,348.48482834296783
KA01AQ2730,intellicar-KA01AQ2730-2026-05-01_2026-06-01.csv,2026-05-28 18:10:07,2026-05-28 19:34:07,1.4,130210.0,73.5,64.9000015258789,8.599998474121094,28.0,43.888888888888886,85.0,,325.5814531160316
KA01AQ2730,intellicar-KA01AQ2730-2026-05-01_2026-06-01.csv,2026-05-28 21:13:07,2026-05-28 21:44:37,0.525,130270.0,54.20000076293945,49.099998474121094,5.100002288818359,17.0,32.38095238095238,115.0,,333.3331837374293
KA01AQ2730,intellicar-KA01AQ2730-2026-05-01_2026-06-01.csv,2026-05-29 14:07:12,2026-05-29 14:41:42,0.575,130372.0,45.099998474121094,38.20000076293945,6.899997711181641,25.0,44.1,69.0,,362.31896076554915
KA01AQ2730,intellicar-KA01AQ2730-2026-05-01_2026-06-01.csv,2026-05-29 14:43:12,2026-05-29 15:51:58,1.146111111111111,130398.0,38.400001525878906,32.400001525878906,6.0,18.0,15.735714285714286,63.0,,300.0
KA01AQ2730,intellicar-KA01AQ2730-2026-05-01_2026-06-01.csv,2026-05-29 20:54:44,2026-05-29 21:08:14,0.225,130474.0,86.4000015258789,81.0999984741211,5.3000030517578125,16.0,72.60714285714286,94.0,,301.88661862550055
KA01AQ2730,intellicar-KA01AQ2730-2026-05-01_2026-06-01.csv,2026-05-30 04:16:16,2026-05-30 05:55:46,1.6583333333333334,130550.0,63.599998474121094,56.099998474121094,7.5,20.0,11.95,45.0,,266.66666666666663
KA01AQ2730,intellicar-KA01AQ2730-2026-05-01_2026-06-01.csv,2026-05-30 07:13:17,2026-05-30 08:23:17,1.1666666666666667,130592.0,49.79999923706055,42.099998474121094,7.700000762939453,18.0,16.56737588652482,60.0,,233.76621060396562
KA01AQ2730,intellicar-KA01AQ2730-2026-05-01_2026-06-01.csv,2026-05-30 08:24:03,2026-05-30 10:05:48,1.6958333333333333,130611.0,42.20000076293945,35.400001525878906,6.799999237060547,17.0,10.723958333333334,79.0,,250.00002804924776
KA01AQ2730,intellicar-KA01AQ2730-2026-05-01_2026-06-01.csv,2026-05-30 10:08:18,2026-05-30 12:02:18,1.9,130629.0,35.400001525878906,30.299999237060547,5.100002288818359,12.0,9.443661971830986,60.0,,235.29401204995008
KA01AQ2730,intellicar-KA01AQ2730-2026-05-01_2026-06-01.csv,2026-05-30 12:02:48,2026-05-30 12:44:19,0.6919444444444445,130641.0,30.399999618530273,23.100000381469727,7.299999237060547,23.0,34.11904761904762,73.0,,315.0685260792067
KA01AQ2730,intellicar-KA01AQ2730-2026-05-01_2026-06-01.csv,2026-05-30 18:24:20,2026-05-30 19:37:51,1.2252777777777777,130701.0,82.69999694824219,75.9000015258789,6.799995422363281,20.0,34.76056338028169,79.0,,294.1178450536246
KA01AQ2730,intellicar-KA01AQ2730-2026-05-01_2026-06-01.csv,2026-05-31 09:29:24,2026-05-31 11:03:54,1.575,130859.0,58.29999923706055,46.5,11.799999237060547,33.0,21.38421052631579,68.0,,279.6610350308845
KA01AQ2730,intellicar-KA01AQ2730-2026-05-01_2026-06-01.csv,2026-05-31 11:19:54,2026-05-31 12:36:08,1.2705555555555557,130898.0,44.599998474121094,33.79999923706055,10.799999237060547,33.0,24.42207792207792,63.0,,305.5555771407782
KA01AQ2730,intellicar-KA01AQ2730-2026-05-01_2026-06-01.csv,2026-05-31 13:01:55,2026-05-31 13:41:55,0.6666666666666666,130943.0,30.200000762939453,24.100000381469727,6.100000381469727,19.0,28.493827160493826,79.0,,311.4753903576341
KA01AQ2730,intellicar-KA01AQ2730-2026-05-01_2026-06-01.csv,2026-05-31 16:55:56,2026-05-31 17:53:57,0.9669444444444445,131012.0,70.5,64.5999984741211,5.900001525878906,17.0,17.5982905982906,70.0,,288.13551870171017
KA01AQ2730,intellicar-KA01AQ2730-2026-05-01_2026-06-01.csv,2026-05-31 18:02:27,2026-05-31 18:31:57,0.49166666666666664,131035.0,63.79999923706055,57.599998474121094,6.200000762939453,20.0,42.63333333333333,96.0,,322.5806054662144
KA01AQ2730,intellicar-KA01AQ2730-2026-05-01_2026-06-01.csv,2026-05-31 19:31:27,2026-05-31 19:55:27,0.4,131078.0,49.5,42.0,7.5,24.0,62.63265306122449,85.0,,320.0
KA03AK3338,intellicar-KA03AK3338-2026-05-01_2026-06-01.csv,2026-05-01 00:22:37,2026-05-01 01:34:39,1.2005555555555556,140748.578125,93.0,82.0,11.0,20.390625,21.821875,67.75,37.0,185.3693181818182
KA03AK3338,intellicar-KA03AK3338-2026-05-01_2026-06-01.csv,2026-05-01 10:37:10,2026-05-01 11:21:10,0.7333333333333333,140846.671875,96.0,91.0,5.0,4.890625,9.110445205479452,44.375,42.23287671232877,97.8125
KA03AK3338,intellicar-KA03AK3338-2026-05-01_2026-06-01.csv,2026-05-01 11:21:14,2026-05-01 13:45:11,2.3991666666666664,140851.4375,92.0,69.0,23.0,43.921875,23.528112449799195,85.375,44.373493975903614,190.96467391304347
KA03AK3338,intellicar-KA03AK3338-2026-05-01_2026-06-01.csv,2026-05-01 13:45:14,2026-05-01 15:32:14,1.7833333333333334,140895.171875,70.0,56.0,14.0,24.5625,16.43242385786802,46.5,44.20812182741117,175.44642857142858
KA03AK3338,intellicar-KA03AK3338-2026-05-01_2026-06-01.csv,2026-05-02 01:48:14,2026-05-02 02:55:16,1.1172222222222221,140943.234375,87.0,68.0,19.0,42.15625,41.794444444444444,85.75,37.32592592592592,221.875
KA03AK3338,intellicar-KA03AK3338-2026-05-01_2026-06-01.csv,2026-05-02 04:11:14,2026-05-02 06:09:18,1.9677777777777778,140993.625,100.0,87.0,13.0,23.046875,28.08068181818182,82.875,43.21818181818182,177.28365384615387
KA03AK3338,intellicar-KA03AK3338-2026-05-01_2026-06-01.csv,2026-05-02 06:09:45,2026-05-02 08:58:48,2.8175,141017.125,88.0,56.0,32.0,40.875,16.147321428571427,76.125,47.351190476190474,127.734375
KA03AK3338,intellicar-KA03AK3338-2026-05-01_2026-06-01.csv,2026-05-02 20:31:49,2026-05-02 23:57:22,3.4258333333333333,141095.21875,75.0,37.0,38.0,79.96875,33.08386075949367,85.375,40.139240506329116,210.4440789473684
KA03AK3338,intellicar-KA03AK3338-2026-05-01_2026-06-01.csv,2026-05-03 03:01:21,2026-05-03 06:42:22,3.683611111111111,141175.234375,100.0,62.0,38.0,72.34375,26.60457402234637,86.0,42.06145251396648,190.3782894736842
KA03AK3338,intellicar-KA03AK3338-2026-05-01_2026-06-01.csv,2026-05-03 06:55:52,2026-05-03 09:01:54,2.1005555555555557,141251.40625,60.0,20.0,40.0,52.671875,28.395144628099175,88.5,47.760330578512395,131.6796875
KA03AK3338,intellicar-KA03AK3338-2026-05-01_2026-06-01.csv,2026-05-03 09:59:23,2026-05-03 10:33:25,0.5672222222222222,141304.078125,84.0,75.0,9.0,18.140625,36.0018115942029,84.875,44.01449275362319,201.5625
KA03AK3338,intellicar-KA03AK3338-2026-05-01_2026-06-01.csv,2026-05-03 10:33:53,2026-05-03 15:24:26,4.8425,141322.703125,76.0,29.0,47.0,77.203125,17.464008620689654,71.125,46.80862068965517,164.2619680851064
KA03AK3338,intellicar-KA03AK3338-2026-05-01_2026-06-01.csv,2026-05-04 01:16:59,2026-05-04 02:22:58,1.0997222222222223,141461.875,67.0,50.0,17.0,39.21875,43.482067510548525,89.625,36.28270042194093,230.69852941176472
KA03AK3338,intellicar-KA03AK3338-2026-05-01_2026-06-01.csv,2026-05-04 02:55:27,2026-05-04 03:15:29,0.3338888888888889,141501.09375,88.0,83.0,5.0,9.203125,30.41768292682927,85.75,43.0,184.0625
KA03AK3338,intellicar-KA03AK3338-2026-05-01_2026-06-01.csv,2026-05-04 03:15:57,2026-05-04 04:41:00,1.4175,141510.6875,84.0,70.0,14.0,23.140625,18.505847953216374,57.375,43.0,165.29017857142858
KA03AK3338,intellicar-KA03AK3338-2026-05-01_2026-06-01.csv,2026-05-04 04:41:27,2026-05-04 07:02:00,2.3425,141534.0625,71.0,38.0,33.0,63.328125,30.838345864661655,88.0,44.00751879699248,191.9034090909091
KA03AK3338,intellicar-KA03AK3338-2026-05-01_2026-06-01.csv,2026-05-04 09:06:29,2026-05-04 10:19:31,1.2172222222222222,141597.421875,98.0,73.0,25.0,42.9375,41.71624087591241,89.5,43.948905109489054,171.75
KA03AK3338,intellicar-KA03AK3338-2026-05-01_2026-06-01.csv,2026-05-04 10:20:00,2026-05-04 12:47:31,2.4586111111111113,141640.453125,74.0,44.0,30.0,51.484375,23.39169520547945,86.5,47.407534246575345,171.61458333333331
KA03AK3338,intellicar-KA03AK3338-2026-05-01_2026-06-01.csv,2026-05-04 12:47:33,2026-05-04 13:06:03,0.30833333333333335,141691.375,45.0,40.0,5.0,13.5625,45.37662337662338,84.625,48.0,271.25
KA03AK3338,intellicar-KA03AK3338-2026-05-01_2026-06-01.csv,2026-05-04 13:46:01,2026-05-04 14:30:04,0.7341666666666666,141704.953125,83.0,70.0,13.0,24.9375,37.39630681818182,78.5,41.30681818181818,191.8269230769231
KA03AK3338,intellicar-KA03AK3338-2026-05-01_2026-06-01.csv,2026-05-04 14:30:31,2026-05-04 15:36:04,1.0925,141730.09375,71.0,63.0,8.0,16.9375,18.29233870967742,45.0,41.0,211.71875
KA03AK3338,intellicar-KA03AK3338-2026-05-01_2026-06-01.csv,2026-05-05 03:14:34,2026-05-05 04:34:38,1.3344444444444445,141831.640625,97.0,81.0,16.0,23.59375,18.71818862275449,66.25,43.538922155688624,147.4609375
KA03AK3338,intellicar-KA03AK3338-2026-05-01_2026-06-01.csv,2026-05-05 04:34:38,2026-05-05 05:14:07,0.6580555555555555,141855.140625,82.0,76.0,6.0,8.890625,15.131134969325153,42.75,44.852760736196316,148.17708333333331
KA03AK3338,intellicar-KA03AK3338-2026-05-01_2026-06-01.csv,2026-05-05 05:14:08,2026-05-05 06:24:35,1.1741666666666666,141863.890625,77.0,67.0,10.0,13.90625,14.72992700729927,46.625,45.0,139.0625
KA03AK3338,intellicar-KA03AK3338-2026-05-01_2026-06-01.csv,2026-05-05 06:25:05,2026-05-05 08:19:06,1.9002777777777777,141878.0,68.0,50.0,18.0,25.6875,16.420731707317074,58.25,46.05853658536585,142.70833333333331
KA03AK3338,intellicar-KA03AK3338-2026-05-01_2026-06-01.csv,2026-05-05 09:55:37,2026-05-05 10:54:37,0.9833333333333333,141903.703125,100.0,91.0,9.0,13.609375,15.329166666666667,50.25,41.166666666666664,151.21527777777777
KA03AK3338,intellicar-KA03AK3338-2026-05-01_2026-06-01.csv,2026-05-05 10:54:37,2026-05-05 11:32:40,0.6341666666666667,141917.03125,92.0,86.0,6.0,9.015625,14.692901234567902,55.375,41.0,150.26041666666669
KA03AK3338,intellicar-KA03AK3338-2026-05-01_2026-06-01.csv,2026-05-05 11:33:07,2026-05-05 15:24:09,3.8505555555555557,141926.203125,87.0,51.0,36.0,65.90625,20.456470588235295,86.75,39.24470588235294,183.07291666666669
KA03AK3338,intellicar-KA03AK3338-2026-05-01_2026-06-01.csv,2026-05-05 17:19:09,2026-05-05 17:40:09,0.35,141999.046875,100.0,93.0,7.0,15.0625,46.06686046511628,82.75,40.46511627906977,215.17857142857144
KA03AK3338,intellicar-KA03AK3338-2026-05-01_2026-06-01.csv,2026-05-05 17:40:09,2026-05-05 18:23:40,0.7252777777777778,142013.515625,94.0,83.0,11.0,24.140625,36.1551724137931,80.25,40.28735632183908,219.46022727272728
KA03AK3338,intellicar-KA03AK3338-2026-05-01_2026-06-01.csv,2026-05-05 18:23:40,2026-05-06 00:23:11,5.991944444444444,142037.625,84.0,69.0,15.0,27.234375,22.160714285714285,76.625,38.285714285714285,181.5625
KA03AK3338,intellicar-KA03AK3338-2026-05-01_2026-06-01.csv,2026-05-06 00:35:41,2026-05-06 02:12:41,1.6166666666666667,142072.984375,66.0,52.0,14.0,26.921875,24.8589527027027,62.0,38.0,192.29910714285714
KA03AK3338,intellicar-KA03AK3338-2026-05-01_2026-06-01.csv,2026-05-06 02:13:11,2026-05-06 03:03:41,0.8416666666666667,142100.125,53.0,42.0,11.0,18.453125,24.159313725490197,74.0,38.127450980392155,167.7556818181818
KA03AK3338,intellicar-KA03AK3338-2026-05-01_2026-06-01.csv,2026-05-06 03:04:11,2026-05-06 04:51:12,1.783611111111111,142118.953125,43.0,26.0,17.0,25.59375,16.360849056603772,62.125,40.160377358490564,150.5514705882353
KA03AK3338,intellicar-KA03AK3338-2026-05-01_2026-06-01.csv,2026-05-06 04:51:42,2026-05-06 05:19:42,0.4666666666666667,142144.734375,27.0,22.0,5.0,5.484375,12.747685185185185,45.875,42.53703703703704,109.6875
KA03AK3338,intellicar-KA03AK3338-2026-05-01_2026-06-01.csv,2026-05-06 05:20:12,2026-05-06 06:37:13,1.283611111111111,142150.296875,23.0,12.0,11.0,14.609375,12.386290322580646,47.375,44.10967741935484,132.8125
KA03AK3338,intellicar-KA03AK3338-2026-05-01_2026-06-01.csv,2026-05-06 09:00:44,2026-05-06 10:40:46,1.6672222222222222,142164.90625,100.0,81.0,19.0,32.015625,20.862623762376238,85.25,44.45049504950495,168.5032894736842
KA03AK3338,intellicar-KA03AK3338-2026-05-01_2026-06-01.csv,2026-05-06 10:48:44,2026-05-06 11:22:16,0.5588888888888889,142203.984375,79.0,71.0,8.0,15.359375,29.65625,84.75,46.720588235294116,191.9921875
KA03AK3338,intellicar-KA03AK3338-2026-05-01_2026-06-01.csv,2026-05-06 12:08:15,2026-05-06 16:01:46,3.8919444444444444,142219.34375,96.0,63.0,33.0,63.453125,21.685546875,75.125,38.341145833333336,192.28219696969697
KA03AK3338,intellicar-KA03AK3338-2026-05-01_2026-06-01.csv,2026-05-07 02:28:19,2026-05-07 03:34:20,1.1002777777777777,142361.046875,91.0,85.0,6.0,13.03125,27.11328125,50.875,42.90625,217.1875
KA03AK3338,intellicar-KA03AK3338-2026-05-01_2026-06-01.csv,2026-05-07 04:03:50,2026-05-07 08:23:52,4.333888888888889,142374.078125,100.0,55.0,45.0,75.65625,23.562058823529412,83.5,44.66823529411765,168.125
KA03AK3338,intellicar-KA03AK3338-2026-05-01_2026-06-01.csv,2026-05-07 10:15:22,2026-05-07 12:41:53,2.4419444444444443,142450.140625,100.0,65.0,35.0,54.25,24.911989795918366,88.75,44.054421768707485,155.0
KA03AK3338,intellicar-KA03AK3338-2026-05-01_2026-06-01.csv,2026-05-07 13:14:24,2026-05-07 14:07:54,0.8916666666666667,142512.75,78.0,65.0,13.0,26.09375,39.92613636363637,82.875,43.95454545454545,200.72115384615384
KA03AK3338,intellicar-KA03AK3338-2026-05-01_2026-06-01.csv,2026-05-07 14:08:24,2026-05-07 14:26:54,0.30833333333333335,142539.296875,66.0,60.0,6.0,10.4375,39.12828947368421,74.375,43.526315789473685,173.95833333333331
KA03AK3338,intellicar-KA03AK3338-2026-05-01_2026-06-01.csv,2026-05-07 14:27:24,2026-05-07 15:19:55,0.8752777777777778,142549.859375,61.0,49.0,12.0,27.953125,35.0188679245283,84.625,43.5,232.94270833333334
KA03AK3338,intellicar-KA03AK3338-2026-05-01_2026-06-01.csv,2026-05-07 16:35:25,2026-05-07 18:53:56,2.308611111111111,142577.8125,96.0,69.0,27.0,61.0,29.43588560885609,70.875,40.0,225.9259259259259
KA03AK3338,intellicar-KA03AK3338-2026-05-01_2026-06-01.csv,2026-05-08 02:49:57,2026-05-08 03:12:27,0.375,142687.3125,55.0,48.0,7.0,12.734375,38.89945652173913,87.5,39.0,181.91964285714286
KA03AK3338,intellicar-KA03AK3338-2026-05-01_2026-06-01.csv,2026-05-08 03:54:28,2026-05-08 07:12:59,3.308611111111111,142700.046875,92.0,57.0,35.0,62.703125,22.764623955431755,83.375,43.013927576601674,179.15178571428572
KA03AK3338,intellicar-KA03AK3338-2026-05-01_2026-06-01.csv,2026-05-08 16:22:32,2026-05-08 16:54:03,0.5252777777777777,142847.375,47.0,40.0,7.0,12.78125,27.0390625,87.75,42.875,182.58928571428572
KA03AK3338,intellicar-KA03AK3338-2026-05-01_2026-06-01.csv,2026-05-09 01:44:35,2026-05-09 05:25:37,3.6838888888888888,142944.953125,85.0,43.0,42.0,80.546875,28.306,86.0,42.245333333333335,191.77827380952382
KA03AK3338,intellicar-KA03AK3338-2026-05-01_2026-06-01.csv,2026-05-09 08:12:08,2026-05-09 13:27:40,5.2588888888888885,143027.796875,100.0,41.0,59.0,95.859375,23.607975746268657,86.625,46.009328358208954,162.47351694915255
KA03AK3338,intellicar-KA03AK3338-2026-05-01_2026-06-01.csv,2026-05-09 13:50:40,2026-05-09 15:03:11,1.208611111111111,143123.65625,68.0,56.0,12.0,15.375,14.4375,67.5,39.6986301369863,128.125
KA03AK3338,intellicar-KA03AK3338-2026-05-01_2026-06-01.csv,2026-05-09 15:03:41,2026-05-09 16:17:11,1.225,143139.15625,57.0,40.0,17.0,30.84375,32.60584677419355,81.375,38.96774193548387,181.43382352941177
KA03AK3338,intellicar-KA03AK3338-2026-05-01_2026-06-01.csv,2026-05-10 01:31:44,2026-05-10 01:50:44,0.31666666666666665,143260.09375,48.0,43.0,5.0,8.1875,27.96153846153846,73.25,37.0,163.75
KA03AK3338,intellicar-KA03AK3338-2026-05-01_2026-06-01.csv,2026-05-10 02:32:14,2026-05-10 07:04:46,4.542222222222223,143268.375,89.0,40.0,49.0,71.6875,19.72588174273859,82.5,42.78630705394191,146.30102040816325
KA03AK3338,intellicar-KA03AK3338-2026-05-01_2026-06-01.csv,2026-05-10 08:25:46,2026-05-10 13:24:18,4.975555555555555,143340.0625,96.0,82.0,14.0,19.015625,14.535919540229886,55.5,42.5919540229885,135.82589285714286
KA03AK3338,intellicar-KA03AK3338-2026-05-01_2026-06-01.csv,2026-05-10 13:24:48,2026-05-10 14:34:49,1.1669444444444443,143359.375,83.0,64.0,19.0,36.96875,42.81688596491228,85.0,44.39473684210526,194.57236842105263
KA03AK3338,intellicar-KA03AK3338-2026-05-01_2026-06-01.csv,2026-05-10 15:17:49,2026-05-10 15:51:19,0.5583333333333333,143400.0625,91.0,84.0,7.0,11.5,25.278688524590162,77.375,41.16393442622951,164.28571428571428
KA03AK3338,intellicar-KA03AK3338-2026-05-01_2026-06-01.csv,2026-05-10 15:52:19,2026-05-10 19:38:51,3.7755555555555556,143412.109375,85.0,63.0,22.0,55.109375,29.34349593495935,80.25,40.58536585365854,250.4971590909091
KA03AK3338,intellicar-KA03AK3338-2026-05-01_2026-06-01.csv,2026-05-11 01:23:52,2026-05-11 02:54:22,1.5083333333333333,143473.25,61.0,45.0,16.0,36.296875,26.032122905027933,83.75,38.04469273743017,226.85546875
KA03AK3338,intellicar-KA03AK3338-2026-05-01_2026-06-01.csv,2026-05-11 03:33:22,2026-05-11 03:54:22,0.35,143509.546875,85.0,80.0,5.0,9.15625,28.7296511627907,80.25,44.04651162790697,183.125
KA03AK3338,intellicar-KA03AK3338-2026-05-01_2026-06-01.csv,2026-05-11 12:40:29,2026-05-11 13:57:57,1.291111111111111,143571.5,51.0,39.0,12.0,26.75,22.922275641025642,74.5,47.0,222.91666666666666
KA03AK3338,intellicar-KA03AK3338-2026-05-01_2026-06-01.csv,2026-05-11 15:25:27,2026-05-11 16:38:28,1.2169444444444444,143606.421875,84.0,67.0,17.0,41.328125,37.17176870748299,82.5,41.435374149659864,243.10661764705884
KA03AK3338,intellicar-KA03AK3338-2026-05-01_2026-06-01.csv,2026-05-12 03:15:00,2026-05-12 05:44:01,2.483611111111111,143713.890625,72.0,40.0,32.0,62.78125,28.039224137931033,86.625,42.69655172413793,196.19140625
KA03AK3338,intellicar-KA03AK3338-2026-05-01_2026-06-01.csv,2026-05-12 13:49:04,2026-05-12 17:44:06,3.917222222222222,143862.859375,63.0,41.0,22.0,40.09375,14.825714285714286,59.125,43.76285714285714,182.2443181818182
KA03AK3338,intellicar-KA03AK3338-2026-05-01_2026-06-01.csv,2026-05-13 00:49:37,2026-05-13 01:15:07,0.425,143921.03125,76.0,66.0,10.0,20.921875,53.681372549019606,91.25,39.27450980392157,209.21875
KA03AK3338,intellicar-KA03AK3338-2026-05-01_2026-06-01.csv,2026-05-13 01:15:07,2026-05-13 01:27:07,0.2,143941.328125,67.0,61.0,6.0,13.578125,67.83796296296296,90.25,40.0,226.30208333333334
KA03AK3338,intellicar-KA03AK3338-2026-05-01_2026-06-01.csv,2026-05-13 10:43:11,2026-05-13 12:35:12,1.8669444444444445,144012.765625,68.0,42.0,26.0,47.953125,28.775655021834062,88.625,47.8471615720524,184.43509615384613
KA03AK3338,intellicar-KA03AK3338-2026-05-01_2026-06-01.csv,2026-05-13 13:13:42,2026-05-13 16:33:14,3.3255555555555554,144060.71875,86.0,56.0,30.0,57.765625,23.937099358974358,78.625,43.80769230769231,192.55208333333334
KA03AK3338,intellicar-KA03AK3338-2026-05-01_2026-06-01.csv,2026-05-13 16:33:44,2026-05-13 17:07:14,0.5583333333333333,144118.671875,57.0,52.0,5.0,9.5,19.01953125,42.75,44.0,190.0
KA03AK3338,intellicar-KA03AK3338-2026-05-01_2026-06-01.csv,2026-05-14 00:44:16,2026-05-14 01:09:16,0.4166666666666667,144170.6875,78.0,73.0,5.0,12.53125,30.995098039215687,85.75,39.490196078431374,250.625
KA03AK3338,intellicar-KA03AK3338-2026-05-01_2026-06-01.csv,2026-05-14 01:26:46,2026-05-14 02:47:17,1.3419444444444444,144183.21875,91.0,84.0,7.0,16.3125,28.27467105263158,65.75,41.4078947368421,233.03571428571428
KA03AK3338,intellicar-KA03AK3338-2026-05-01_2026-06-01.csv,2026-05-14 02:47:47,2026-05-14 04:02:17,1.2416666666666667,144199.96875,85.0,79.0,6.0,8.671875,43.648148148148145,87.75,41.0,144.53125
KA03AK3338,intellicar-KA03AK3338-2026-05-01_2026-06-01.csv,2026-05-14 04:07:47,2026-05-14 04:30:47,0.38333333333333336,144211.734375,79.0,71.0,8.0,16.140625,53.146875,84.375,41.5,201.7578125
KA03AK3338,intellicar-KA03AK3338-2026-05-01_2026-06-01.csv,2026-05-14 04:31:17,2026-05-14 07:08:48,2.625277777777778,144228.171875,72.0,45.0,27.0,40.375,17.683823529411764,82.125,44.2318339100346,149.53703703703704
KA03AK3338,intellicar-KA03AK3338-2026-05-01_2026-06-01.csv,2026-05-14 07:13:21,2026-05-14 07:26:48,0.22416666666666665,144270.859375,45.0,37.0,8.0,12.78125,60.392857142857146,86.5,46.642857142857146,159.765625
KA03AK3338,intellicar-KA03AK3338-2026-05-01_2026-06-01.csv,2026-05-14 07:33:19,2026-05-14 07:53:19,0.3333333333333333,144290.4375,35.0,30.0,5.0,7.9375,27.375,85.375,48.282051282051285,158.75
KA03AK3338,intellicar-KA03AK3338-2026-05-01_2026-06-01.csv,2026-05-14 10:35:20,2026-05-14 11:56:50,1.3583333333333334,144298.375,98.0,86.0,12.0,17.65625,27.706845238095237,81.875,44.166666666666664,147.13541666666669
KA03AK3338,intellicar-KA03AK3338-2026-05-01_2026-06-01.csv,2026-05-14 11:57:20,2026-05-14 13:46:21,1.8169444444444445,144316.34375,87.0,65.0,22.0,39.265625,23.249429223744293,81.125,47.054794520547944,178.48011363636365
KA03AK3338,intellicar-KA03AK3338-2026-05-01_2026-06-01.csv,2026-05-14 13:46:51,2026-05-14 14:26:22,0.6586111111111111,144355.984375,66.0,59.0,7.0,11.734375,21.52166666666667,70.375,48.0,167.63392857142858
KA03AK3338,intellicar-KA03AK3338-2026-05-01_2026-06-01.csv,2026-05-14 14:26:52,2026-05-14 16:00:52,1.5666666666666667,144368.140625,60.0,50.0,10.0,18.796875,15.052469135802468,70.5,47.148148148148145,187.96875
KA03AK3338,intellicar-KA03AK3338-2026-05-01_2026-06-01.csv,2026-05-14 16:14:22,2026-05-14 17:46:53,1.5419444444444443,144386.9375,67.0,44.0,23.0,47.015625,33.24327956989247,89.5,43.76881720430107,204.41576086956525
KA03AK3338,intellicar-KA03AK3338-2026-05-01_2026-06-01.csv,2026-05-15 04:57:26,2026-05-15 06:06:26,1.15,144538.078125,96.0,88.0,8.0,13.96875,29.658730158730158,76.5,41.07936507936508,174.609375
KA03AK3338,intellicar-KA03AK3338-2026-05-01_2026-06-01.csv,2026-05-15 06:06:56,2026-05-15 07:17:26,1.175,144552.359375,89.0,75.0,14.0,31.109375,29.277972027972027,87.5,42.24475524475525,222.20982142857144
KA03AK3338,intellicar-KA03AK3338-2026-05-01_2026-06-01.csv,2026-05-16 01:22:32,2026-05-16 03:13:33,1.8502777777777777,144668.0625,70.0,42.0,28.0,63.75,37.461148648648646,88.875,39.333333333333336,227.67857142857144
KA03AK3338,intellicar-KA03AK3338-2026-05-01_2026-06-01.csv,2026-05-16 04:32:03,2026-05-16 06:27:04,1.9169444444444443,144734.203125,91.0,80.0,11.0,19.8125,32.609375,87.375,41.4375,180.11363636363635
KA03AK3338,intellicar-KA03AK3338-2026-05-01_2026-06-01.csv,2026-05-16 06:27:34,2026-05-16 08:25:05,1.958611111111111,144754.3125,81.0,56.0,25.0,50.5,28.57872340425532,79.25,44.57446808510638,202.0
KA03AK3338,intellicar-KA03AK3338-2026-05-01_2026-06-01.csv,2026-05-16 08:35:35,2026-05-16 12:31:06,3.9252777777777776,144809.71875,55.0,32.0,23.0,35.15625,13.367478510028654,58.25,46.702005730659025,152.85326086956522
KA03AK3338,intellicar-KA03AK3338-2026-05-01_2026-06-01.csv,2026-05-16 13:18:37,2026-05-16 16:39:38,3.350277777777778,144850.625,60.0,33.0,27.0,65.15625,21.988636363636363,57.0,43.171990171990174,241.31944444444446
KA03AK3338,intellicar-KA03AK3338-2026-05-01_2026-06-01.csv,2026-05-17 03:32:41,2026-05-17 05:08:41,1.6,144970.90625,96.0,86.0,10.0,21.90625,28.928571428571427,76.625,43.0,219.06249999999997
KA03AK3338,intellicar-KA03AK3338-2026-05-01_2026-06-01.csv,2026-05-17 05:08:41,2026-05-17 05:47:12,0.6419444444444444,144992.515625,87.0,80.0,7.0,17.140625,27.424050632911392,74.0,43.392405063291136,244.86607142857144
KA03AK3338,intellicar-KA03AK3338-2026-05-01_2026-06-01.csv,2026-05-17 05:47:42,2026-05-17 09:43:13,3.9252777777777776,145010.0,81.0,44.0,37.0,75.1875,23.005872483221477,88.25,45.94407158836689,203.20945945945948
KA03AK3338,intellicar-KA03AK3338-2026-05-01_2026-06-01.csv,2026-05-17 10:10:14,2026-05-17 13:34:45,3.408611111111111,145089.859375,59.0,50.0,9.0,12.34375,14.648913043478261,58.5,45.26086956521739,137.15277777777777
KA03AK3338,intellicar-KA03AK3338-2026-05-01_2026-06-01.csv,2026-05-17 13:35:15,2026-05-17 14:01:45,0.44166666666666665,145102.28125,51.0,45.0,6.0,10.46875,25.770089285714285,76.125,45.0,174.47916666666669
KA03AK3338,intellicar-KA03AK3338-2026-05-01_2026-06-01.csv,2026-05-17 14:13:15,2026-05-17 14:34:48,0.3591666666666667,145113.734375,45.0,37.0,8.0,15.5,12.889307228915662,80.5,45.01807228915663,193.75
KA03AK3338,intellicar-KA03AK3338-2026-05-01_2026-06-01.csv,2026-05-17 14:35:18,2026-05-17 15:02:48,0.4583333333333333,145129.53125,38.0,32.0,6.0,12.984375,31.627232142857142,83.625,46.0,216.40625
KA03AK3338,intellicar-KA03AK3338-2026-05-01_2026-06-01.csv,2026-05-17 16:15:19,2026-05-17 18:53:17,2.6327777777777777,145146.265625,84.0,53.0,31.0,64.390625,30.918636363636363,85.625,40.66909090909091,207.7116935483871
KA03AK3338,intellicar-KA03AK3338-2026-05-01_2026-06-01.csv,2026-05-17 19:11:17,2026-05-17 22:22:47,3.191666666666667,145210.65625,73.0,61.0,12.0,30.015625,29.45773381294964,72.25,41.34532374100719,250.13020833333334
KA03AK3338,intellicar-KA03AK3338-2026-05-01_2026-06-01.csv,2026-05-17 23:38:18,2026-05-18 01:51:18,2.216666666666667,145241.3125,95.0,71.0,24.0,58.546875,34.79966517857143,85.125,40.21875,243.9453125
KA03AK3338,intellicar-KA03AK3338-2026-05-01_2026-06-01.csv,2026-05-18 02:32:48,2026-05-18 03:14:18,0.6916666666666667,145299.859375,96.0,88.0,8.0,17.0,36.6031746031746,70.75,42.0,212.5
KA03AK3338,intellicar-KA03AK3338-2026-05-01_2026-06-01.csv,2026-05-18 03:30:18,2026-05-18 08:32:51,5.0425,145327.96875,84.0,35.0,49.0,83.0625,19.519106813996316,72.125,44.668508287292816,169.51530612244898
KA03AK3338,intellicar-KA03AK3338-2026-05-01_2026-06-01.csv,2026-05-18 08:32:51,2026-05-18 09:38:21,1.0916666666666666,145410.703125,36.0,30.0,6.0,10.953125,13.447619047619048,52.875,49.333333333333336,182.55208333333331
KA03AK3338,intellicar-KA03AK3338-2026-05-01_2026-06-01.csv,2026-05-18 10:06:21,2026-05-18 14:12:53,4.108888888888889,145421.6875,57.0,39.0,18.0,25.78125,13.241858237547893,85.625,42.55172413793103,143.22916666666669
KA03AK3338,intellicar-KA03AK3338-2026-05-01_2026-06-01.csv,2026-05-18 14:13:23,2026-05-18 14:19:53,0.10833333333333334,145447.9375,40.0,35.0,5.0,7.296875,73.04464285714286,85.5,41.142857142857146,145.9375
KA03AK3338,intellicar-KA03AK3338-2026-05-01_2026-06-01.csv,2026-05-18 14:20:23,2026-05-18 14:53:23,0.55,145455.609375,36.0,24.0,12.0,23.15625,47.25,90.375,42.0,192.96875
KA03AK3338,intellicar-KA03AK3338-2026-05-01_2026-06-01.csv,2026-05-18 15:55:23,2026-05-18 17:13:54,1.3086111111111112,145478.765625,82.0,64.0,18.0,38.921875,34.91379310344828,78.375,39.220689655172414,216.23263888888889
KA03AK3338,intellicar-KA03AK3338-2026-05-01_2026-06-01.csv,2026-05-18 17:14:24,2026-05-18 17:52:54,0.6416666666666667,145517.90625,65.0,58.0,7.0,10.84375,18.434294871794872,46.625,38.12820512820513,154.91071428571428
KA03AK3338,intellicar-KA03AK3338-2026-05-01_2026-06-01.csv,2026-05-19 00:53:25,2026-05-19 03:13:26,2.3336111111111113,145548.015625,51.0,26.0,25.0,58.515625,33.365425531914894,89.125,35.54042553191489,234.06250000000003
KA03AK3338,intellicar-KA03AK3338-2026-05-01_2026-06-01.csv,2026-05-19 04:53:57,2026-05-19 05:53:29,0.9922222222222222,145613.109375,91.0,76.0,15.0,30.984375,39.25119047619047,82.0,40.43809523809524,206.56249999999997
KA03AK3338,intellicar-KA03AK3338-2026-05-01_2026-06-01.csv,2026-05-19 12:53:29,2026-05-19 13:23:30,0.5002777777777778,145692.171875,49.0,39.0,10.0,25.296875,54.62090163934426,91.75,43.0,252.96875
KA03AK3338,intellicar-KA03AK3338-2026-05-01_2026-06-01.csv,2026-05-20 02:55:03,2026-05-20 03:07:03,0.2,145853.375,35.0,29.0,6.0,11.921875,63.39,86.25,38.4,198.69791666666669
KA03AK3338,intellicar-KA03AK3338-2026-05-01_2026-06-01.csv,2026-05-20 05:09:04,2026-05-20 05:32:34,0.39166666666666666,145874.53125,97.0,0.0,97.0,7.90625,25.839285714285715,48.875,42.11904761904762,8.150773195876289
KA03AK3338,intellicar-KA03AK3338-2026-05-01_2026-06-01.csv,2026-05-20 12:21:36,2026-05-20 12:57:07,0.5919444444444445,145977.046875,32.0,27.0,5.0,14.34375,31.826271186440678,66.25,48.0,286.875
KA03AK3338,intellicar-KA03AK3338-2026-05-01_2026-06-01.csv,2026-05-20 13:45:37,2026-05-20 14:23:07,0.625,145991.40625,77.0,66.0,11.0,23.1875,42.541666666666664,84.25,41.5,210.79545454545453
KA03AK3338,intellicar-KA03AK3338-2026-05-01_2026-06-01.csv,2026-05-20 14:23:37,2026-05-20 14:48:07,0.4083333333333333,146014.9375,67.0,60.0,7.0,11.6875,31.525,70.5,41.0,166.96428571428572
KA03AK3338,intellicar-KA03AK3338-2026-05-01_2026-06-01.csv,2026-05-20 14:48:37,2026-05-20 19:06:39,4.3005555555555555,146027.03125,61.0,47.0,14.0,30.421875,15.190543071161049,45.75,41.19475655430712,217.29910714285717
KA03AK3338,intellicar-KA03AK3338-2026-05-01_2026-06-01.csv,2026-05-21 00:42:40,2026-05-21 03:47:10,3.075,146070.421875,68.0,39.0,29.0,63.4375,30.04726148409894,90.75,39.49116607773852,218.75
KA03AK3338,intellicar-KA03AK3338-2026-05-01_2026-06-01.csv,2026-05-21 04:47:41,2026-05-21 08:43:42,3.933611111111111,146137.625,84.0,39.0,45.0,72.15625,23.05387931034483,79.875,44.758620689655174,160.34722222222223
KA03AK3338,intellicar-KA03AK3338-2026-05-01_2026-06-01.csv,2026-05-21 08:44:12,2026-05-21 10:16:13,1.533611111111111,146210.0625,40.0,13.0,27.0,45.328125,32.828125,87.375,48.07065217391305,167.88194444444443
KA03AK3338,intellicar-KA03AK3338-2026-05-01_2026-06-01.csv,2026-05-21 12:36:44,2026-05-21 13:34:44,0.9666666666666667,146265.90625,91.0,80.0,11.0,22.515625,25.850877192982455,80.25,40.41228070175438,204.6875
KA03AK3338,intellicar-KA03AK3338-2026-05-01_2026-06-01.csv,2026-05-21 13:42:18,2026-05-21 16:38:16,2.932777777777778,146291.015625,80.0,61.0,19.0,35.390625,14.182890855457227,51.0,40.389380530973455,186.26644736842107
KA03AK3338,intellicar-KA03AK3338-2026-05-01_2026-06-01.csv,2026-05-21 16:49:16,2026-05-21 18:52:46,2.058333333333333,146327.609375,61.0,48.0,13.0,28.21875,15.128073770491802,46.0,36.77459016393443,217.0673076923077
KA03AK3338,intellicar-KA03AK3338-2026-05-01_2026-06-01.csv,2026-05-22 03:14:48,2026-05-22 05:45:49,2.5169444444444444,146411.765625,56.0,42.0,14.0,27.1875,18.435567010309278,60.5,36.78350515463917,194.19642857142858
KA03AK3338,intellicar-KA03AK3338-2026-05-01_2026-06-01.csv,2026-05-22 05:46:19,2026-05-22 06:55:49,1.1583333333333334,146439.265625,43.0,33.0,10.0,15.578125,13.683383233532934,48.5,39.68862275449102,155.78125
KA03AK3338,intellicar-KA03AK3338-2026-05-01_2026-06-01.csv,2026-05-23 06:18:27,2026-05-23 07:15:27,0.95,146608.828125,99.0,90.0,9.0,16.234375,35.432539682539684,74.125,43.0,180.38194444444443
KA03AK3338,intellicar-KA03AK3338-2026-05-01_2026-06-01.csv,2026-05-25 13:12:12,2026-05-25 16:20:44,3.1422222222222222,146683.21875,56.0,33.0,23.0,43.546875,15.890980113636363,59.25,41.85511363636363,189.33423913043478
KA03AK3338,intellicar-KA03AK3338-2026-05-01_2026-06-01.csv,2026-05-25 17:53:47,2026-05-25 18:30:14,0.6075,146726.78125,95.0,90.0,5.0,7.921875,20.54656862745098,58.125,40.0,158.4375
KA03AK3338,intellicar-KA03AK3338-2026-05-01_2026-06-01.csv,2026-05-26 10:28:19,2026-05-26 12:10:50,1.708611111111111,146913.171875,93.0,78.0,15.0,37.6875,33.06705298013245,81.625,42.629139072847686,251.25000000000003
KA03AK3338,intellicar-KA03AK3338-2026-05-01_2026-06-01.csv,2026-05-26 12:11:20,2026-05-26 16:18:21,4.116944444444444,146951.234375,79.0,49.0,30.0,33.9375,13.186965811965813,47.875,42.03988603988604,113.12500000000001
KA03AK3338,intellicar-KA03AK3338-2026-05-01_2026-06-01.csv,2026-05-27 00:30:23,2026-05-27 01:33:53,1.0583333333333333,146995.5,95.0,86.0,9.0,15.875,27.818493150684933,64.75,41.49315068493151,176.38888888888889
KA03AK3338,intellicar-KA03AK3338-2026-05-01_2026-06-01.csv,2026-05-27 01:34:23,2026-05-27 03:58:54,2.408611111111111,147011.53125,87.0,68.0,19.0,40.09375,18.482407407407408,63.75,40.27037037037037,211.01973684210526
KA03AK3338,intellicar-KA03AK3338-2026-05-01_2026-06-01.csv,2026-05-27 03:59:24,2026-05-27 05:01:24,1.0333333333333334,147051.84375,69.0,50.0,19.0,42.65625,45.646516393442624,88.25,40.0,224.5065789473684
KA03AK3338,intellicar-KA03AK3338-2026-05-01_2026-06-01.csv,2026-05-27 05:01:54,2026-05-27 07:17:55,2.2669444444444444,147094.9375,51.0,35.0,16.0,41.09375,21.356350806451612,84.0,41.28629032258065,256.8359375
KA03AK3338,intellicar-KA03AK3338-2026-05-01_2026-06-01.csv,2026-05-27 08:50:26,2026-05-27 10:12:27,1.3669444444444445,147139.296875,88.0,75.0,13.0,28.296875,22.759908536585368,57.75,42.707317073170735,217.66826923076925
KA03AK3338,intellicar-KA03AK3338-2026-05-01_2026-06-01.csv,2026-05-27 10:12:27,2026-05-27 10:54:58,0.7086111111111111,147167.234375,76.0,70.0,6.0,10.140625,15.417151162790697,58.5,43.2906976744186,169.01041666666669
KA03AK3338,intellicar-KA03AK3338-2026-05-01_2026-06-01.csv,2026-05-27 10:55:28,2026-05-27 13:31:29,2.600277777777778,147177.578125,71.0,54.0,17.0,31.25,13.293929712460065,53.875,43.054313099041536,183.8235294117647
KA03AK3338,intellicar-KA03AK3338-2026-05-01_2026-06-01.csv,2026-05-27 23:46:32,2026-05-28 02:00:02,2.225,147222.125,90.0,65.0,25.0,48.96875,32.01980198019802,86.625,37.896039603960396,195.875
KA03AK3338,intellicar-KA03AK3338-2026-05-01_2026-06-01.csv,2026-05-28 02:00:32,2026-05-28 02:39:32,0.65,147271.34375,66.0,60.0,6.0,14.15625,30.424603174603174,88.125,38.0,235.9375
KA03AK3338,intellicar-KA03AK3338-2026-05-01_2026-06-01.csv,2026-05-28 03:22:02,2026-05-28 05:32:33,2.1752777777777776,147285.5,95.0,76.0,19.0,31.828125,28.452256944444443,86.375,42.736111111111114,167.51644736842107
KA03AK3338,intellicar-KA03AK3338-2026-05-01_2026-06-01.csv,2026-05-28 06:00:33,2026-05-28 08:27:04,2.4419444444444443,147328.421875,71.0,56.0,15.0,17.421875,13.310672514619883,61.125,45.37426900584796,116.14583333333333
KA03AK3338,intellicar-KA03AK3338-2026-05-01_2026-06-01.csv,2026-05-28 08:27:34,2026-05-28 09:37:34,1.1666666666666667,147346.0625,57.0,48.0,9.0,20.78125,19.98641304347826,58.375,46.67391304347826,230.90277777777777
KA03AK3338,intellicar-KA03AK3338-2026-05-01_2026-06-01.csv,2026-05-28 10:02:34,2026-05-28 11:44:35,1.7002777777777778,147371.859375,46.0,31.0,15.0,27.9375,31.173076923076923,82.125,48.00854700854701,186.25
KA03AK3338,intellicar-KA03AK3338-2026-05-01_2026-06-01.csv,2026-05-28 13:01:35,2026-05-28 13:43:05,0.6916666666666667,147404.578125,85.0,75.0,10.0,15.390625,34.03373015873016,78.0,41.317460317460316,153.90625
KA03AK3338,intellicar-KA03AK3338-2026-05-01_2026-06-01.csv,2026-05-28 13:43:35,2026-05-28 15:17:06,1.5586111111111112,147420.359375,76.0,56.0,20.0,38.546875,27.143342391304348,71.0,41.83152173913044,192.734375
KA03AK3338,intellicar-KA03AK3338-2026-05-01_2026-06-01.csv,2026-05-28 15:17:36,2026-05-28 16:50:06,1.5416666666666667,147459.296875,57.0,46.0,11.0,20.296875,16.95632530120482,54.875,40.54216867469879,184.51704545454547
KA03AK3338,intellicar-KA03AK3338-2026-05-01_2026-06-01.csv,2026-05-28 16:51:36,2026-05-28 17:28:06,0.6083333333333333,147480.140625,47.0,42.0,5.0,9.40625,16.329225352112676,45.0,39.352112676056336,188.125
KA03AK3338,intellicar-KA03AK3338-2026-05-01_2026-06-01.csv,2026-05-29 10:05:10,2026-05-29 12:02:41,1.958611111111111,147507.484375,35.0,29.0,6.0,10.390625,20.018835616438356,69.0,44.0,173.17708333333331
KA03AK3338,intellicar-KA03AK3338-2026-05-01_2026-06-01.csv,2026-05-30 00:20:14,2026-05-30 00:37:44,0.2916666666666667,147556.953125,74.0,65.0,9.0,18.4375,68.22222222222223,88.875,35.388888888888886,204.86111111111111
KA03AK3338,intellicar-KA03AK3338-2026-05-01_2026-06-01.csv,2026-05-30 00:40:14,2026-05-30 01:44:15,1.0669444444444445,147577.421875,65.0,54.0,11.0,25.8125,40.367559523809526,88.125,35.904761904761905,234.6590909090909
KA03AK3338,intellicar-KA03AK3338-2026-05-01_2026-06-01.csv,2026-05-30 02:49:15,2026-05-30 04:37:16,1.8002777777777779,147603.234375,95.0,84.0,11.0,17.328125,22.023058252427184,80.5,41.28155339805825,157.5284090909091
KA03AK3338,intellicar-KA03AK3338-2026-05-01_2026-06-01.csv,2026-05-30 04:37:46,2026-05-30 08:55:17,4.291944444444445,147620.875,85.0,35.0,50.0,78.96875,23.0160472972973,79.0,44.98198198198198,157.9375
KA03AK3338,intellicar-KA03AK3338-2026-05-01_2026-06-01.csv,2026-05-30 10:10:03,2026-05-30 11:42:18,1.5375,147699.84375,95.0,78.0,17.0,30.109375,26.463793103448275,80.0,41.42758620689655,177.1139705882353
KA03AK3338,intellicar-KA03AK3338-2026-05-01_2026-06-01.csv,2026-05-31 07:27:53,2026-05-31 08:08:53,0.6833333333333333,147824.5,84.0,73.0,11.0,14.515625,23.992559523809526,52.125,44.5,131.96022727272728
KA03AK3338,intellicar-KA03AK3338-2026-05-01_2026-06-01.csv,2026-05-31 08:17:53,2026-05-31 09:57:54,1.6669444444444443,147840.4375,74.0,61.0,13.0,24.15625,16.394900497512438,53.75,45.79601990049751,185.81730769230768
KA03AK3338,intellicar-KA03AK3338-2026-05-01_2026-06-01.csv,2026-05-31 09:58:24,2026-05-31 10:26:24,0.4666666666666667,147864.671875,62.0,57.0,5.0,9.03125,20.541666666666668,58.125,47.0,180.625
KA03AK3338,intellicar-KA03AK3338-2026-05-01_2026-06-01.csv,2026-05-31 10:26:54,2026-05-31 13:25:25,2.975277777777778,147874.0625,58.0,41.0,17.0,24.484375,15.978855721393035,59.375,47.0,144.02573529411765
KA03AK3338,intellicar-KA03AK3338-2026-05-01_2026-06-01.csv,2026-05-31 13:44:25,2026-05-31 18:35:57,4.858888888888889,147900.609375,40.0,35.0,5.0,6.265625,20.88125,47.25,45.25,125.3125
KA03AK3338,intellicar-KA03AK3338-2026-07-01_2026-08-01.csv,2026-07-02 00:28:56,2026-07-02 02:09:27,1.6752777777777779,150855.296875,92.0,66.0,26.0,45.75,33.199022346368714,88.75,35.41340782122905,175.96153846153845
KA03AK3338,intellicar-KA03AK3338-2026-07-01_2026-08-01.csv,2026-07-02 02:09:57,2026-07-02 02:38:27,0.475,150901.34375,67.0,60.0,7.0,13.4375,29.45689655172414,87.5,38.0,191.96428571428572
KA03AK3338,intellicar-KA03AK3338-2026-07-01_2026-08-01.csv,2026-07-02 03:49:57,2026-07-02 04:42:57,0.8833333333333333,150914.78125,76.0,60.0,16.0,23.421875,34.68168604651163,86.125,39.151162790697676,146.38671875
KA03AK3338,intellicar-KA03AK3338-2026-07-01_2026-08-01.csv,2026-07-02 04:43:27,2026-07-02 05:29:58,0.7752777777777777,150938.609375,61.0,49.0,12.0,16.265625,22.336436170212767,61.75,40.93617021276596,135.546875
KA03AK3338,intellicar-KA03AK3338-2026-07-01_2026-08-01.csv,2026-07-02 05:30:28,2026-07-02 06:41:28,1.1833333333333333,150955.265625,50.0,40.0,10.0,13.453125,12.02951388888889,63.5,41.93055555555556,134.53125
KA03AK3338,intellicar-KA03AK3338-2026-07-01_2026-08-01.csv,2026-07-02 14:39:32,2026-07-02 17:20:33,2.683611111111111,151021.03125,69.0,50.0,19.0,34.375,18.4425,62.75,39.808,180.92105263157893
KA03AK3338,intellicar-KA03AK3338-2026-07-01_2026-08-01.csv,2026-07-02 17:38:33,2026-07-02 18:36:34,0.9669444444444445,151055.40625,71.0,52.0,19.0,36.109375,40.873931623931625,84.75,42.52136752136752,190.04934210526315
KA03AK3338,intellicar-KA03AK3338-2026-07-01_2026-08-01.csv,2026-07-02 18:37:04,2026-07-02 18:52:34,0.25833333333333336,151091.875,53.0,46.0,7.0,12.84375,53.48046875,86.5,42.0,183.48214285714286
KA03AK3338,intellicar-KA03AK3338-2026-07-01_2026-08-01.csv,2026-07-02 18:53:04,2026-07-02 19:23:34,0.5083333333333333,151105.15625,47.0,32.0,15.0,25.859375,56.457661290322584,88.25,42.0,172.39583333333331
KA03AK3338,intellicar-KA03AK3338-2026-07-01_2026-08-01.csv,2026-07-02 19:24:04,2026-07-02 19:32:34,0.14166666666666666,151131.515625,33.0,28.0,5.0,7.5,56.208333333333336,75.5,42.0,150.0
KA03AK3338,intellicar-KA03AK3338-2026-07-01_2026-08-01.csv,2026-07-02 19:33:04,2026-07-02 20:31:04,0.9666666666666667,151139.171875,29.0,14.0,15.0,27.484375,30.805555555555557,82.375,42.837606837606835,183.22916666666666
KA03AK3338,intellicar-KA03AK3338-2026-07-01_2026-08-01.csv,2026-07-02 21:25:04,2026-07-02 21:42:34,0.2916666666666667,151166.65625,77.0,70.0,7.0,12.25,42.041666666666664,76.625,44.52777777777778,175.0
KA03AK3338,intellicar-KA03AK3338-2026-07-01_2026-08-01.csv,2026-07-04 04:55:14,2026-07-04 05:24:14,0.48333333333333334,151383.359375,46.0,35.0,11.0,21.03125,46.33686440677966,87.875,37.49152542372882,191.1931818181818
KA03AK3338,intellicar-KA03AK3338-2026-07-01_2026-08-01.csv,2026-07-04 05:24:44,2026-07-04 05:49:14,0.4083333333333333,151404.578125,36.0,29.0,7.0,12.90625,37.255319148936174,88.875,39.234042553191486,184.375
KA03AK3338,intellicar-KA03AK3338-2026-07-01_2026-08-01.csv,2026-07-04 06:13:14,2026-07-04 06:55:14,0.7,151417.484375,61.0,45.0,16.0,30.15625,48.65327380952381,84.125,44.023809523809526,188.4765625
KA03AK3338,intellicar-KA03AK3338-2026-07-01_2026-08-01.csv,2026-07-04 06:55:44,2026-07-04 10:41:16,3.758888888888889,151447.953125,46.0,18.0,28.0,42.453125,17.15940366972477,72.375,43.92966360856269,151.61830357142858
KA03AK3338,intellicar-KA03AK3338-2026-07-01_2026-08-01.csv,2026-07-28 09:28:22,2026-07-28 14:59:30,5.518888888888889,151533.828125,84.0,57.0,27.0,37.75,15.181475903614459,87.125,38.69578313253012,139.8148148148148
KA03AK3338,intellicar-KA03AK3338-2026-07-01_2026-08-01.csv,2026-07-29 09:26:35,2026-07-29 09:50:05,0.39166666666666666,151608.390625,94.0,85.0,9.0,13.734375,37.760416666666664,78.25,40.0,152.60416666666669
KA03AK3338,intellicar-KA03AK3338-2026-07-01_2026-08-01.csv,2026-07-29 09:50:35,2026-07-29 13:13:36,3.383611111111111,151622.296875,86.0,70.0,16.0,21.0,13.137382075471699,62.875,40.4811320754717,131.25
KA03AK3338,intellicar-KA03AK3338-2026-07-01_2026-08-01.csv,2026-07-29 13:14:06,2026-07-29 13:51:37,0.6252777777777778,151643.515625,71.0,66.0,5.0,5.921875,10.231907894736842,40.5,41.0,118.4375
KA03AK3338,intellicar-KA03AK3338-2026-07-01_2026-08-01.csv,2026-07-29 13:52:07,2026-07-29 17:17:39,3.4255555555555555,151649.5,67.0,48.0,19.0,33.796875,19.046474358974358,77.875,40.14957264957265,177.8782894736842
KA03AK3338,intellicar-KA03AK3338-2026-07-01_2026-08-01.csv,2026-07-29 17:18:09,2026-07-29 17:44:08,0.4330555555555556,151683.65625,49.0,42.0,7.0,12.28125,30.479545454545455,77.375,39.0,175.44642857142858
KA03AK3338,intellicar-KA03AK3338-2026-07-01_2026-08-01.csv,2026-07-29 17:44:38,2026-07-29 20:21:09,2.608611111111111,151695.96875,43.0,29.0,14.0,18.5,19.121926229508198,63.875,39.0,132.14285714285714
KA03AK3340,intellicar-KA03AK3340-2026-04-01_2026-05-01.csv,2026-04-01 00:44:35,2026-04-01 03:01:37,2.283888888888889,100470.7578125,88.0,82.0,6.0,9.1484375,9.058453237410072,47.125,38.15827338129496,152.47395833333331
KA03AK3340,intellicar-KA03AK3340-2026-04-01_2026-05-01.csv,2026-04-01 03:02:06,2026-04-01 05:14:08,2.2005555555555554,100480.03125,83.0,65.0,18.0,30.515625,15.038370998116761,56.125,39.59887005649718,169.53125
KA03AK3340,intellicar-KA03AK3340-2026-04-01_2026-05-01.csv,2026-04-01 05:14:12,2026-04-01 05:56:07,0.6986111111111111,100510.5234375,66.0,61.0,5.0,4.1484375,6.169161676646707,37.75,42.0059880239521,82.96875
KA03AK3340,intellicar-KA03AK3340-2026-04-01_2026-05-01.csv,2026-04-01 06:03:08,2026-04-01 08:09:39,2.108611111111111,100516.78125,61.0,36.0,25.0,53.671875,34.30075187969925,82.875,44.55889724310777,214.6875
KA03AK3340,intellicar-KA03AK3340-2026-04-01_2026-05-01.csv,2026-04-02 03:10:43,2026-04-02 04:17:14,1.1086111111111112,100672.9375,52.0,45.0,7.0,13.5703125,13.238142292490119,47.0,37.49407114624506,193.86160714285714
KA03AK3340,intellicar-KA03AK3340-2026-04-01_2026-05-01.csv,2026-04-02 04:22:44,2026-04-02 05:10:16,0.7922222222222223,100688.125,45.0,38.0,7.0,13.671875,18.733072916666668,71.5,38.916666666666664,195.3125
KA03AK3340,intellicar-KA03AK3340-2026-04-01_2026-05-01.csv,2026-04-02 05:10:44,2026-04-02 06:38:47,1.4675,100701.875,39.0,32.0,7.0,8.9296875,8.645676691729323,59.25,41.150375939849624,127.56696428571428
KA03AK3340,intellicar-KA03AK3340-2026-04-01_2026-05-01.csv,2026-04-02 07:23:45,2026-04-02 12:40:20,5.276388888888889,100710.828125,63.0,28.0,35.0,70.5703125,18.90223029045643,79.5,45.315352697095435,201.62946428571428
KA03AK3340,intellicar-KA03AK3340-2026-04-01_2026-05-01.csv,2026-04-03 06:58:52,2026-04-03 11:01:56,4.051111111111111,100851.859375,47.0,15.0,32.0,48.3984375,15.451593137254902,63.5,45.411764705882355,151.2451171875
KA03AK3340,intellicar-KA03AK3340-2026-04-01_2026-05-01.csv,2026-04-04 06:07:00,2026-04-04 09:25:33,3.3091666666666666,100966.875,51.0,24.0,27.0,48.8984375,18.3746387283237,83.875,43.84971098265896,181.10532407407408
KA03AK3340,intellicar-KA03AK3340-2026-04-01_2026-05-01.csv,2026-04-05 11:11:40,2026-04-05 13:41:13,2.4925,101177.59375,100.0,81.0,19.0,31.5234375,14.232448630136986,65.125,45.15068493150685,165.91282894736844
KA03AK3340,intellicar-KA03AK3340-2026-04-01_2026-05-01.csv,2026-04-05 13:41:41,2026-04-05 19:06:48,5.418611111111111,101209.515625,82.0,43.0,39.0,71.484375,15.71694214876033,78.25,45.474380165289254,183.29326923076923
KA03AK3340,intellicar-KA03AK3340-2026-04-01_2026-05-01.csv,2026-04-05 19:07:13,2026-04-05 19:54:15,0.7838888888888889,101281.453125,44.0,31.0,13.0,21.9609375,30.28968253968254,77.5,44.523809523809526,168.93028846153845
KA03AK3340,intellicar-KA03AK3340-2026-04-01_2026-05-01.csv,2026-04-05 20:29:44,2026-04-06 01:00:45,4.516944444444444,101310.4140625,29.0,0.0,29.0,23.2890625,12.95146420824295,54.25,43.39045553145336,80.30711206896551
KA03AK3340,intellicar-KA03AK3340-2026-04-01_2026-05-01.csv,2026-04-06 02:21:14,2026-04-06 03:25:16,1.0672222222222223,101336.8515625,70.0,57.0,13.0,29.46875,29.058653846153845,78.25,44.65384615384615,226.6826923076923
KA03AK3340,intellicar-KA03AK3340-2026-04-01_2026-05-01.csv,2026-04-06 03:25:17,2026-04-06 04:49:17,1.4,101365.75,58.0,46.0,12.0,27.1015625,23.93421052631579,83.625,44.0,225.84635416666666
KA03AK3340,intellicar-KA03AK3340-2026-04-01_2026-05-01.csv,2026-04-06 05:48:46,2026-04-06 06:16:17,0.45861111111111114,101392.984375,92.0,87.0,5.0,11.1328125,26.050884955752213,67.75,43.0,222.65625
KA03AK3340,intellicar-KA03AK3340-2026-04-01_2026-05-01.csv,2026-04-06 06:16:19,2026-04-06 09:39:49,3.3916666666666666,101403.65625,88.0,79.0,9.0,20.5390625,19.647769516728623,72.5,44.078066914498145,228.21180555555554
KA03AK3340,intellicar-KA03AK3340-2026-04-01_2026-05-01.csv,2026-04-06 09:40:17,2026-04-06 11:39:18,1.9836111111111112,101424.6875,80.0,63.0,17.0,32.7421875,19.63977024070022,78.75,45.34792122538293,192.60110294117646
KA03AK3340,intellicar-KA03AK3340-2026-04-01_2026-05-01.csv,2026-04-06 11:39:20,2026-04-06 15:33:49,3.9080555555555554,101457.0234375,64.0,46.0,18.0,34.609375,18.802061855670104,62.75,44.898969072164945,192.27430555555557
KA03AK3340,intellicar-KA03AK3340-2026-04-01_2026-05-01.csv,2026-04-06 15:33:51,2026-04-06 16:41:54,1.1341666666666668,101491.5859375,47.0,41.0,6.0,11.2265625,11.300544794188863,46.375,43.1501210653753,187.109375
KA03AK3340,intellicar-KA03AK3340-2026-04-01_2026-05-01.csv,2026-04-06 16:42:22,2026-04-06 17:52:22,1.1666666666666667,101502.7734375,42.0,32.0,10.0,20.5859375,31.680473372781066,64.0,43.201183431952664,205.859375
KA03AK3340,intellicar-KA03AK3340-2026-04-01_2026-05-01.csv,2026-04-06 17:52:50,2026-04-06 19:01:22,1.1422222222222222,101523.765625,33.0,13.0,20.0,49.2890625,46.44565217391305,86.0,45.30434782608695,246.4453125
KA03AK3340,intellicar-KA03AK3340-2026-04-01_2026-05-01.csv,2026-04-06 22:11:51,2026-04-07 03:05:22,4.891944444444444,101573.0703125,83.0,77.0,6.0,8.3125,10.245633187772926,47.75,41.27947598253275,138.54166666666669
KA03AK3340,intellicar-KA03AK3340-2026-04-01_2026-05-01.csv,2026-04-07 03:05:23,2026-04-07 04:01:52,0.9413888888888889,101581.328125,78.0,65.0,13.0,26.9375,30.731666666666666,78.125,39.888888888888886,207.21153846153845
KA03AK3340,intellicar-KA03AK3340-2026-04-01_2026-05-01.csv,2026-04-09 09:01:43,2026-04-09 13:56:13,4.908333333333333,101878.75,93.0,66.0,27.0,59.7578125,16.50903294367694,78.875,45.09883103081828,221.3252314814815
KA03AK3340,intellicar-KA03AK3340-2026-04-01_2026-05-01.csv,2026-04-09 13:56:42,2026-04-09 14:28:14,0.5255555555555556,101938.6796875,67.0,61.0,6.0,8.375,16.970703125,47.875,46.0,139.58333333333331
KA03AK3340,intellicar-KA03AK3340-2026-04-01_2026-05-01.csv,2026-04-09 14:28:42,2026-04-09 17:03:45,2.5841666666666665,101947.2265625,62.0,48.0,14.0,23.75,15.761421319796954,72.25,46.0,169.64285714285714
KA03AK3340,intellicar-KA03AK3340-2026-04-01_2026-05-01.csv,2026-04-10 06:44:47,2026-04-10 07:30:49,0.7672222222222222,102016.1328125,66.0,61.0,5.0,8.8984375,13.0,50.0,45.24731182795699,177.96875
KA03AK3340,intellicar-KA03AK3340-2026-04-01_2026-05-01.csv,2026-04-10 15:58:20,2026-04-10 16:46:54,0.8094444444444444,102107.6171875,24.0,18.0,6.0,13.1875,16.938144329896907,57.0,45.0,219.79166666666666
KA03AK3340,intellicar-KA03AK3340-2026-04-01_2026-05-01.csv,2026-04-11 01:57:54,2026-04-11 07:05:55,5.133611111111111,102120.828125,95.0,68.0,27.0,58.34375,26.928125,87.0,44.03214285714286,216.087962962963
KA03AK3340,intellicar-KA03AK3340-2026-04-01_2026-05-01.csv,2026-04-11 07:05:55,2026-04-11 08:20:28,1.2425,102178.28125,69.0,55.0,14.0,18.9765625,16.32864238410596,82.125,45.47682119205298,135.546875
KA03AK3340,intellicar-KA03AK3340-2026-04-01_2026-05-01.csv,2026-04-11 08:20:56,2026-04-11 09:25:58,1.083888888888889,102197.8046875,56.0,49.0,7.0,10.3203125,23.7265625,84.0,45.984375,147.43303571428572
KA03AK3340,intellicar-KA03AK3340-2026-04-01_2026-05-01.csv,2026-04-11 09:26:26,2026-04-11 12:52:00,3.426111111111111,102208.4609375,50.0,26.0,24.0,40.953125,17.44983552631579,64.625,45.89802631578947,170.63802083333331
KA03AK3340,intellicar-KA03AK3340-2026-04-01_2026-05-01.csv,2026-04-12 10:11:33,2026-04-12 11:35:34,1.4002777777777777,102360.8046875,71.0,61.0,10.0,19.6640625,15.148367952522255,64.875,45.038575667655785,196.640625
KA03AK3340,intellicar-KA03AK3340-2026-04-01_2026-05-01.csv,2026-04-12 11:35:36,2026-04-12 16:26:35,4.849722222222222,102380.3515625,62.0,53.0,9.0,12.125,5.725093109869646,56.0,45.21787709497207,134.72222222222223
KA03AK3340,intellicar-KA03AK3340-2026-04-01_2026-05-01.csv,2026-04-12 16:40:06,2026-04-12 18:52:37,2.2086111111111113,102395.7421875,52.0,33.0,19.0,40.1171875,19.24953007518797,66.0,44.169172932330824,211.14309210526315
KA03AK3340,intellicar-KA03AK3340-2026-04-01_2026-05-01.csv,2026-04-12 18:58:36,2026-04-12 19:19:37,0.3502777777777778,102438.203125,33.0,27.0,6.0,7.1875,22.816860465116278,55.125,45.0,119.79166666666667
KA03AK3340,intellicar-KA03AK3340-2026-06-01_2026-07-01.csv,2026-06-09 08:53:53,2026-06-09 09:37:53,0.7333333333333333,102611.828125,92.0,85.0,7.0,11.0625,15.39875,79.875,43.91,158.03571428571428
KA03AK3340,intellicar-KA03AK3340-2026-06-01_2026-07-01.csv,2026-06-09 09:38:23,2026-06-09 10:02:53,0.4083333333333333,102622.328125,86.0,76.0,10.0,19.859375,51.328125,80.375,44.607142857142854,198.59375
KA03AK3340,intellicar-KA03AK3340-2026-06-01_2026-07-01.csv,2026-06-09 10:03:23,2026-06-09 13:45:25,3.7005555555555554,102642.4765625,77.0,53.0,24.0,42.6796875,14.238665803108809,72.625,44.637305699481864,177.83203125
KA03AK3340,intellicar-KA03AK3340-2026-06-01_2026-07-01.csv,2026-06-09 13:52:25,2026-06-09 14:35:25,0.7166666666666667,102692.96875,51.0,42.0,9.0,20.390625,43.38319672131148,84.875,43.19672131147541,226.5625
KA03AK3340,intellicar-KA03AK3340-2026-06-01_2026-07-01.csv,2026-06-09 16:21:26,2026-06-09 21:28:27,5.116944444444444,102713.359375,96.0,50.0,46.0,105.703125,29.19136460554371,89.5,40.77185501066098,229.78940217391303
KA03AK3340,intellicar-KA03AK3340-2026-06-01_2026-07-01.csv,2026-06-09 21:28:27,2026-06-09 22:02:27,0.5666666666666667,102818.8203125,51.0,44.0,7.0,13.8828125,24.943840579710145,82.125,38.028985507246375,198.32589285714286
KA03AK3340,intellicar-KA03AK3340-2026-06-01_2026-07-01.csv,2026-06-09 23:29:57,2026-06-10 02:12:27,2.7083333333333335,102836.7734375,93.0,80.0,13.0,26.7109375,11.589406779661017,81.125,41.69491525423729,205.46875
KA03AK3340,intellicar-KA03AK3340-2026-06-01_2026-07-01.csv,2026-06-10 02:12:27,2026-06-10 02:50:28,0.6336111111111111,102863.375,81.0,74.0,7.0,15.8515625,30.742537313432837,84.25,40.0,226.45089285714283
KA03AK3340,intellicar-KA03AK3340-2026-06-01_2026-07-01.csv,2026-06-10 04:18:28,2026-06-10 04:51:28,0.55,102885.765625,95.0,90.0,5.0,8.8515625,28.204268292682926,67.625,42.0,177.03125
KA03AK3340,intellicar-KA03AK3340-2026-06-01_2026-07-01.csv,2026-06-10 04:51:28,2026-06-10 05:56:28,1.0833333333333333,102894.34375,91.0,75.0,16.0,36.359375,36.61259541984733,81.375,42.465648854961835,227.24609375
KA03AK3340,intellicar-KA03AK3340-2026-06-01_2026-07-01.csv,2026-06-10 05:56:58,2026-06-10 11:05:00,5.1338888888888885,102931.0703125,76.0,53.0,23.0,46.359375,17.691362359550563,69.0,42.59550561797753,201.5625
KA03AK3340,intellicar-KA03AK3340-2026-06-01_2026-07-01.csv,2026-06-24 19:06:02,2026-06-24 21:55:34,2.8255555555555554,103112.484375,75.0,55.0,20.0,42.6484375,28.422680412371133,77.875,36.68556701030928,213.2421875
KA03AK3340,intellicar-KA03AK3340-2026-06-01_2026-07-01.csv,2026-06-25 03:03:05,2026-06-25 08:25:06,5.366944444444444,103155.1328125,100.0,92.0,8.0,19.09375,14.174592391304348,63.375,36.54347826086956,238.671875
KA03AK3340,intellicar-KA03AK3340-2026-06-01_2026-07-01.csv,2026-06-25 08:25:36,2026-06-25 09:38:07,1.208611111111111,103174.453125,93.0,77.0,16.0,34.84375,31.155594405594407,76.0,40.53846153846154,217.7734375
KA03AK3340,intellicar-KA03AK3340-2026-06-01_2026-07-01.csv,2026-06-25 09:38:07,2026-06-25 11:21:18,1.7197222222222222,103209.046875,78.0,62.0,16.0,21.046875,13.800469483568076,47.375,42.12676056338028,131.54296875
KA03AK3340,intellicar-KA03AK3340-2026-06-01_2026-07-01.csv,2026-06-25 11:33:07,2026-06-25 16:34:09,5.017222222222222,103231.4765625,62.0,36.0,26.0,44.3671875,17.731697819314643,58.25,37.9190031152648,170.64302884615387
KA03AK3340,intellicar-KA03AK3340-2026-06-01_2026-07-01.csv,2026-06-25 16:34:09,2026-06-25 18:22:39,1.8083333333333333,103275.390625,37.0,27.0,10.0,14.90625,19.538834951456312,56.0,36.12621359223301,149.0625
KA03AK3340,intellicar-KA03AK3340-2026-06-01_2026-07-01.csv,2026-06-25 20:57:40,2026-06-25 21:27:10,0.49166666666666664,103290.421875,57.0,51.0,6.0,11.0625,33.38333333333333,79.875,37.0,184.375
KA03AK3340,intellicar-KA03AK3340-2026-06-01_2026-07-01.csv,2026-06-25 21:27:40,2026-06-25 23:00:41,1.5502777777777779,103301.78125,52.0,30.0,22.0,43.40625,42.474264705882355,88.125,36.47794117647059,197.30113636363635
KA03AK3340,intellicar-KA03AK3340-2026-06-01_2026-07-01.csv,2026-06-26 05:44:13,2026-06-26 08:27:44,2.725277777777778,103345.265625,100.0,78.0,22.0,40.1875,29.208152173913042,87.875,39.45217391304348,182.67045454545453
KA03AK3340,intellicar-KA03AK3340-2026-06-01_2026-07-01.csv,2026-06-26 08:28:14,2026-06-26 11:50:15,3.3669444444444445,103385.6953125,79.0,58.0,21.0,38.25,16.846003134796238,67.0,43.18495297805643,182.14285714285714
KA03AK3340,intellicar-KA03AK3340-2026-06-01_2026-07-01.csv,2026-06-26 12:18:15,2026-06-26 13:41:16,1.3836111111111111,103427.8203125,57.0,45.0,12.0,23.0625,18.133823529411764,80.875,43.0,192.1875
KA03AK3340,intellicar-KA03AK3340-2026-06-01_2026-07-01.csv,2026-06-26 13:43:16,2026-06-26 14:22:19,0.6508333333333334,103450.390625,46.0,37.0,9.0,20.203125,38.487132352941174,86.125,42.9264705882353,224.47916666666666
KA03AK3340,intellicar-KA03AK3340-2026-06-01_2026-07-01.csv,2026-06-26 20:00:48,2026-06-26 23:41:50,3.6838888888888888,103470.59375,100.0,94.0,6.0,10.734375,24.145089285714285,62.75,37.982142857142854,178.90625
KA03AK3340,intellicar-KA03AK3340-2026-06-01_2026-07-01.csv,2026-06-26 23:41:50,2026-06-27 02:57:50,3.2666666666666666,103481.140625,95.0,42.0,53.0,112.8046875,44.73498498498498,88.125,37.0,212.8390330188679
KA03AK3341,intellicar-KA03AK3341-2026-05-01_2026-06-01.csv,2026-05-20 21:44:09,2026-05-20 22:43:39,0.9916666666666667,108560.609375,62.0,40.0,22.0,31.6640625,33.54375,86.125,44.0,143.9275568181818
KA03AK3341,intellicar-KA03AK3341-2026-05-01_2026-06-01.csv,2026-05-22 06:09:19,2026-05-22 07:49:20,1.6669444444444443,108618.3984375,37.0,24.0,13.0,12.453125,7.402122641509434,37.75,39.155660377358494,95.79326923076923
KA03AK3341,intellicar-KA03AK3341-2026-05-01_2026-06-01.csv,2026-05-27 02:31:24,2026-05-27 03:58:54,1.4583333333333333,108670.7734375,31.0,21.0,10.0,21.4921875,18.70950704225352,79.125,36.23943661971831,214.92187500000003
KA03AK3341,intellicar-KA03AK3341-2026-05-01_2026-06-01.csv,2026-05-31 02:33:52,2026-05-31 02:56:52,0.38333333333333336,108782.1953125,91.0,84.0,7.0,10.859375,28.856382978723403,85.875,42.0,155.13392857142858
KA03AK3341,intellicar-KA03AK3341-2026-05-01_2026-06-01.csv,2026-05-31 02:57:22,2026-05-31 03:15:52,0.30833333333333335,108793.1796875,85.0,0.0,85.0,4.3125,15.285714285714286,48.875,43.371428571428574,5.073529411764706
KA03AK3341,intellicar-KA03AK3341-2026-05-01_2026-06-01.csv,2026-05-31 11:04:54,2026-05-31 11:29:24,0.4083333333333333,108830.4453125,88.0,82.0,6.0,7.609375,19.905,63.375,44.32,126.82291666666667
KA03AK3341,intellicar-KA03AK3341-2026-05-01_2026-06-01.csv,2026-05-31 11:29:54,2026-05-31 12:43:55,1.2336111111111112,108838.375,83.0,71.0,12.0,14.6015625,12.723154362416107,63.5,44.214765100671144,121.6796875
KA03AK3341,intellicar-KA03AK3341-2026-05-01_2026-06-01.csv,2026-05-31 12:44:25,2026-05-31 14:47:41,2.0544444444444445,108853.2578125,72.0,45.0,27.0,43.6796875,34.75920245398773,88.625,45.668711656441715,161.77662037037038
KA03AK3341,intellicar-KA03AK3341-2026-05-01_2026-06-01.csv,2026-05-31 15:16:56,2026-05-31 16:50:10,1.5538888888888889,108896.9375,80.0,51.0,29.0,48.5859375,34.633974358974356,89.25,45.85641025641026,167.53771551724137
KA03AK3341,intellicar-KA03AK3341-2026-05-01_2026-06-01.csv,2026-05-31 16:50:10,2026-05-31 17:09:26,0.3211111111111111,108945.25,52.0,46.0,6.0,10.9296875,36.294642857142854,73.75,44.976190476190474,182.16145833333331
KA03AK3343,intellicar-KA03AK3343-2026-05-01_2026-06-01.csv,2026-05-07 11:42:23,2026-05-07 14:16:26,2.5675,100832.5859375,42.0,29.0,13.0,17.4296875,9.395833333333334,48.375,45.265765765765764,134.07451923076923
KA03AK3343,intellicar-KA03AK3343-2026-05-01_2026-06-01.csv,2026-05-08 01:36:57,2026-05-08 04:05:28,2.475277777777778,100903.734375,96.0,72.0,24.0,43.59375,22.762600806451612,73.25,42.431451612903224,181.640625
KA03AK3343,intellicar-KA03AK3343-2026-05-01_2026-06-01.csv,2026-05-08 04:05:58,2026-05-08 07:07:29,3.0252777777777777,100947.84375,73.0,34.0,39.0,61.4921875,26.27122641509434,83.0,44.301886792452834,157.67227564102564
KA03AK3343,intellicar-KA03AK3343-2026-05-01_2026-06-01.csv,2026-05-09 12:51:10,2026-05-09 13:52:10,1.0166666666666666,101031.2578125,100.0,92.0,8.0,14.0625,13.740601503759398,62.5,43.54887218045113,175.78125
KA03AK3343,intellicar-KA03AK3343-2026-05-01_2026-06-01.csv,2026-05-09 13:52:40,2026-05-09 14:30:11,0.6252777777777778,101045.7578125,93.0,86.0,7.0,13.5078125,24.791666666666668,61.125,43.0,192.96875
KA03AK3343,intellicar-KA03AK3343-2026-05-01_2026-06-01.csv,2026-05-09 14:30:41,2026-05-09 19:59:13,5.475555555555555,101059.5078125,87.0,45.0,42.0,81.5078125,32.900621118012424,84.0,41.683229813664596,194.06622023809524
KA03AK3343,intellicar-KA03AK3343-2026-05-01_2026-06-01.csv,2026-05-09 19:59:43,2026-05-09 20:24:13,0.4083333333333333,101141.09375,46.0,41.0,5.0,7.0625,19.877717391304348,61.625,41.0,141.25
KA03AK3343,intellicar-KA03AK3343-2026-05-01_2026-06-01.csv,2026-05-09 21:21:43,2026-05-10 00:37:14,3.258611111111111,101148.1796875,94.0,75.0,19.0,37.3125,27.72471098265896,72.375,41.994219653179194,196.38157894736844
KA03AK3343,intellicar-KA03AK3343-2026-05-01_2026-06-01.csv,2026-05-10 00:37:44,2026-05-10 03:03:14,2.425,101185.8515625,76.0,58.0,18.0,32.7578125,19.991399082568808,76.0,40.63302752293578,181.98784722222223
KA03AK3343,intellicar-KA03AK3343-2026-05-01_2026-06-01.csv,2026-05-10 03:29:15,2026-05-10 08:01:16,4.533611111111111,101218.6171875,87.0,71.0,16.0,36.3359375,26.429775280898877,85.5,43.57865168539326,227.099609375
KA03AK3343,intellicar-KA03AK3343-2026-05-01_2026-06-01.csv,2026-05-10 08:31:17,2026-05-10 12:27:48,3.9419444444444443,101254.953125,93.0,23.0,70.0,111.953125,33.00459770114943,83.875,45.45747126436782,159.93303571428572
KA03AK3343,intellicar-KA03AK3343-2026-05-01_2026-06-01.csv,2026-05-10 12:28:18,2026-05-10 14:17:19,1.8169444444444445,101367.1328125,24.0,16.0,8.0,10.0078125,10.622881355932204,88.375,44.78813559322034,125.09765625
KA03AK3343,intellicar-KA03AK3343-2026-05-01_2026-06-01.csv,2026-05-10 15:49:49,2026-05-10 21:28:51,5.650555555555556,101377.140625,90.0,13.0,77.0,145.734375,29.350547730829422,88.0,43.24569640062598,189.26542207792207
KA03AK3343,intellicar-KA03AK3343-2026-05-01_2026-06-01.csv,2026-05-10 22:57:21,2026-05-11 02:36:22,3.6502777777777777,101522.875,93.0,65.0,28.0,53.7578125,26.16058052434457,87.0,42.60299625468165,191.9921875
KA03AK3343,intellicar-KA03AK3343-2026-05-01_2026-06-01.csv,2026-05-11 02:36:52,2026-05-11 05:59:53,3.383611111111111,101576.953125,66.0,37.0,29.0,40.4140625,14.350772471910112,79.875,43.31460674157304,139.35883620689654
KA03AK3343,intellicar-KA03AK3343-2026-05-01_2026-06-01.csv,2026-05-11 06:00:23,2026-05-11 06:12:53,0.20833333333333334,101617.6796875,38.0,31.0,7.0,10.6953125,53.68269230769231,81.25,45.11538461538461,152.79017857142858
KA03AK3343,intellicar-KA03AK3343-2026-05-01_2026-06-01.csv,2026-05-11 06:13:23,2026-05-11 08:31:24,2.3002777777777776,101628.6484375,32.0,25.0,7.0,8.2109375,13.26086956521739,65.875,46.03260869565217,117.29910714285714
KA03AK3343,intellicar-KA03AK3343-2026-05-01_2026-06-01.csv,2026-05-11 12:06:56,2026-05-11 15:43:57,3.6169444444444445,101636.859375,62.0,26.0,36.0,50.734375,16.818033854166668,72.625,45.247395833333336,140.92881944444443
KA03AK3343,intellicar-KA03AK3343-2026-05-01_2026-06-01.csv,2026-05-12 00:43:59,2026-05-12 01:56:30,1.208611111111111,101687.59375,100.0,0.0,100.0,23.296875,20.39554794520548,72.625,42.32876712328767,23.296875
KA03AK3343,intellicar-KA03AK3343-2026-05-01_2026-06-01.csv,2026-05-12 01:57:00,2026-05-12 02:06:30,0.15833333333333333,101710.9140625,87.0,82.0,5.0,5.21875,37.90625,79.875,42.0,104.375
KA03AK3343,intellicar-KA03AK3343-2026-05-01_2026-06-01.csv,2026-05-12 02:07:00,2026-05-12 06:33:31,4.441944444444444,101716.328125,83.0,36.0,47.0,77.609375,22.12727272727273,84.875,43.961363636363636,165.12632978723406
KA03AK3343,intellicar-KA03AK3343-2026-05-01_2026-06-01.csv,2026-05-12 08:42:32,2026-05-12 09:53:32,1.1833333333333333,101793.9375,94.0,79.0,15.0,19.625,17.76486013986014,74.125,44.91608391608391,130.83333333333334
KA03AK3343,intellicar-KA03AK3343-2026-05-01_2026-06-01.csv,2026-05-12 09:54:02,2026-05-12 15:46:05,5.8675,101814.1015625,80.0,25.0,55.0,72.25,15.693770903010034,69.375,45.01170568561873,131.36363636363637
KA03AK3343,intellicar-KA03AK3343-2026-05-01_2026-06-01.csv,2026-05-12 16:41:35,2026-05-12 17:14:05,0.5416666666666666,101888.9765625,53.0,48.0,5.0,9.2578125,16.917857142857144,48.625,45.885714285714286,185.15625
KA03AK3343,intellicar-KA03AK3343-2026-05-01_2026-06-01.csv,2026-05-12 17:14:35,2026-05-12 18:33:06,1.3086111111111112,101898.4609375,49.0,35.0,14.0,37.7734375,31.347861842105264,64.25,44.58552631578947,269.81026785714283
KA03AK3343,intellicar-KA03AK3343-2026-05-01_2026-06-01.csv,2026-05-13 05:39:09,2026-05-13 06:36:40,0.9586111111111111,101936.234375,100.0,90.0,10.0,13.578125,14.667735042735043,54.25,43.30769230769231,135.78125
KA03AK3343,intellicar-KA03AK3343-2026-05-01_2026-06-01.csv,2026-05-13 15:51:13,2026-05-13 17:25:14,1.5669444444444445,102037.484375,89.0,74.0,15.0,24.1015625,16.84259259259259,58.125,44.73015873015873,160.67708333333331
KA03AK3343,intellicar-KA03AK3343-2026-05-01_2026-06-01.csv,2026-05-13 17:25:44,2026-05-13 21:06:16,3.6755555555555555,102061.9140625,75.0,32.0,43.0,86.359375,26.188662790697673,70.625,43.86279069767442,200.83575581395348
KA03AK3343,intellicar-KA03AK3343-2026-05-01_2026-06-01.csv,2026-05-23 19:16:31,2026-05-23 20:07:01,0.8416666666666667,102222.0546875,71.0,66.0,5.0,8.0859375,15.571428571428571,65.375,39.0,161.71875
KA03AK3343,intellicar-KA03AK3343-2026-05-01_2026-06-01.csv,2026-05-23 21:15:31,2026-05-23 22:31:32,1.2669444444444444,102230.234375,96.0,77.0,19.0,39.078125,35.111111111111114,76.125,41.61805555555556,205.67434210526315
KA03AK3343,intellicar-KA03AK3343-2026-05-01_2026-06-01.csv,2026-05-24 14:46:36,2026-05-24 17:05:37,2.3169444444444443,102313.3828125,51.0,29.0,22.0,34.6484375,22.57107843137255,68.5,43.661764705882355,157.49289772727272
KA03AK3343,intellicar-KA03AK3343-2026-05-01_2026-06-01.csv,2026-05-25 15:02:46,2026-05-25 15:46:43,0.7325,102385.8125,47.0,39.0,8.0,12.6484375,20.7765625,55.5,45.8375,158.10546875
KA03AK3343,intellicar-KA03AK3343-2026-05-01_2026-06-01.csv,2026-05-26 01:57:46,2026-05-26 06:16:48,4.317222222222222,102416.453125,90.0,59.0,31.0,53.0078125,28.550747863247864,84.875,41.337606837606835,170.9929435483871
KA03AK3343,intellicar-KA03AK3343-2026-05-01_2026-06-01.csv,2026-05-26 06:16:48,2026-05-26 07:56:18,1.6583333333333334,102468.84375,60.0,35.0,25.0,46.390625,30.88015463917526,85.625,44.71649484536083,185.5625
KA03AK3343,intellicar-KA03AK3343-2026-05-01_2026-06-01.csv,2026-05-26 08:54:48,2026-05-26 13:16:50,4.367222222222222,102515.234375,93.0,45.0,48.0,72.84375,19.934851694915253,85.0,44.92796610169491,151.7578125
KA03AK3343,intellicar-KA03AK3343-2026-05-01_2026-06-01.csv,2026-05-27 07:16:25,2026-05-27 11:06:58,3.8425,102665.0390625,90.0,49.0,41.0,57.7109375,20.801120448179272,84.5,45.33613445378151,140.75838414634146
KA03AK3343,intellicar-KA03AK3343-2026-05-01_2026-06-01.csv,2026-05-27 15:08:29,2026-05-27 15:27:59,0.325,102727.375,87.0,81.0,6.0,9.4921875,31.7625,77.625,45.0,158.203125
KA03AK3343,intellicar-KA03AK3343-2026-05-01_2026-06-01.csv,2026-05-27 15:28:29,2026-05-27 15:53:59,0.425,102737.3984375,82.0,73.0,9.0,20.1875,50.81009615384615,83.875,45.0,224.30555555555554
KA03AK3343,intellicar-KA03AK3343-2026-05-01_2026-06-01.csv,2026-05-27 15:54:29,2026-05-27 16:53:30,0.9836111111111111,102757.8203125,74.0,65.0,9.0,15.7109375,19.445388349514563,60.0,44.80582524271845,174.56597222222223
KA03AK3343,intellicar-KA03AK3343-2026-05-01_2026-06-01.csv,2026-05-27 16:54:00,2026-05-27 18:16:30,1.375,102773.734375,66.0,49.0,17.0,25.2734375,19.93409090909091,69.625,43.72727272727273,148.6672794117647
KA03AK3343,intellicar-KA03AK3343-2026-05-01_2026-06-01.csv,2026-05-27 18:17:00,2026-05-27 19:14:30,0.9583333333333334,102799.15625,50.0,30.0,20.0,35.90625,41.82974137931034,78.625,43.0,179.53125
KA03AK3343,intellicar-KA03AK3343-2026-05-01_2026-06-01.csv,2026-05-28 05:11:04,2026-05-28 07:47:04,2.6,102844.109375,100.0,86.0,14.0,29.0625,32.09110169491525,79.375,42.55084745762712,207.58928571428572
KA03AK3343,intellicar-KA03AK3343-2026-05-01_2026-06-01.csv,2026-05-29 04:11:08,2026-05-29 04:59:08,0.8,102979.0390625,100.0,92.0,8.0,16.0546875,22.554521276595743,81.125,44.0,200.68359375
KA03AK3343,intellicar-KA03AK3343-2026-05-01_2026-06-01.csv,2026-05-29 04:59:38,2026-05-29 07:18:09,2.308611111111111,102995.3671875,93.0,66.0,27.0,42.875,22.536734693877552,72.75,45.012244897959185,158.7962962962963
KA03AK3343,intellicar-KA03AK3343-2026-05-01_2026-06-01.csv,2026-05-29 07:18:39,2026-05-29 08:21:40,1.0502777777777779,103038.5078125,67.0,59.0,8.0,14.1484375,23.641975308641975,64.0,45.30864197530864,176.85546875
KA03AK3343,intellicar-KA03AK3343-2026-05-01_2026-06-01.csv,2026-05-29 09:28:10,2026-05-29 10:04:53,0.6119444444444444,103057.5078125,90.0,76.0,14.0,27.5,49.28993055555556,84.125,45.30555555555556,196.42857142857142
KA03AK3343,intellicar-KA03AK3343-2026-05-01_2026-06-01.csv,2026-05-29 10:04:53,2026-05-29 12:27:12,2.3719444444444444,103084.671875,77.0,56.0,21.0,34.9921875,16.098859315589355,69.0,45.29657794676806,166.62946428571428
KA03AK3343,intellicar-KA03AK3343-2026-05-01_2026-06-01.csv,2026-05-29 12:27:42,2026-05-29 15:59:43,3.533611111111111,103119.859375,57.0,0.0,57.0,38.015625,16.256208609271525,50.5,42.46026490066225,66.69407894736842
KA03AK3343,intellicar-KA03AK3343-2026-05-01_2026-06-01.csv,2026-05-30 04:34:16,2026-05-30 05:38:46,1.075,103214.9296875,96.0,85.0,11.0,16.84375,17.11904761904762,84.0,41.79365079365079,153.125
KA03AK3343,intellicar-KA03AK3343-2026-05-01_2026-06-01.csv,2026-05-30 05:39:16,2026-05-30 06:39:16,1.0,103232.234375,86.0,65.0,21.0,34.1953125,37.753177966101696,88.875,44.97457627118644,162.83482142857142
KA03AK3343,intellicar-KA03AK3343-2026-05-01_2026-06-01.csv,2026-05-30 16:19:50,2026-05-30 17:01:50,0.7,103366.7421875,95.0,90.0,5.0,8.5,15.638698630136986,57.125,43.602739726027394,170.0
KA03AK3343,intellicar-KA03AK3343-2026-05-01_2026-06-01.csv,2026-05-30 17:02:20,2026-05-30 17:39:20,0.6166666666666667,103375.6328125,91.0,84.0,7.0,11.265625,20.04054054054054,56.75,43.0,160.9375
KA03AK3343,intellicar-KA03AK3343-2026-05-01_2026-06-01.csv,2026-05-30 17:39:20,2026-05-30 21:25:51,3.7752777777777777,103386.8671875,85.0,46.0,39.0,76.484375,22.944476082004556,77.75,41.30523917995444,196.11378205128204
KA03AK3343,intellicar-KA03AK3343-2026-05-01_2026-06-01.csv,2026-05-30 22:31:51,2026-05-30 22:45:21,0.225,103463.359375,100.0,93.0,7.0,8.0,39.441964285714285,86.5,44.0,114.28571428571428
KA03AK3343,intellicar-KA03AK3343-2026-05-01_2026-06-01.csv,2026-05-31 12:36:08,2026-05-31 18:13:57,5.630277777777778,103539.3671875,96.0,54.0,42.0,88.6953125,25.836363636363636,77.25,43.304545454545455,211.17931547619045
KA03AK3343,intellicar-KA03AK3343-2026-06-01_2026-07-01 (1).csv,2026-06-01 04:29:30,2026-06-01 07:29:30,3.0,103628.0859375,54.0,23.0,31.0,50.0234375,22.716145833333332,82.125,39.84722222222222,161.36592741935485
KA03AK3343,intellicar-KA03AK3343-2026-06-01_2026-07-01 (1).csv,2026-06-01 09:27:31,2026-06-01 10:56:17,1.4794444444444443,103678.125,100.0,84.0,16.0,33.5703125,31.311131386861312,89.125,44.78102189781022,209.814453125
KA03AK3343,intellicar-KA03AK3343-2026-06-01_2026-07-01 (1).csv,2026-06-02 04:59:07,2026-06-02 07:29:37,2.5083333333333333,103870.234375,71.0,55.0,16.0,21.4140625,10.750961538461539,63.25,44.58461538461538,133.837890625
KA03AK3343,intellicar-KA03AK3343-2026-06-01_2026-07-01 (1).csv,2026-06-02 07:30:07,2026-06-02 09:15:08,1.7502777777777778,103892.046875,56.0,47.0,9.0,6.578125,5.636744966442953,40.0,45.90604026845637,73.09027777777779
KA03AK3343,intellicar-KA03AK3343-2026-06-01_2026-07-01 (1).csv,2026-06-02 10:07:38,2026-06-02 14:57:10,4.825555555555556,103898.625,95.0,58.0,37.0,57.1953125,13.028947368421052,71.625,42.31228070175439,154.58192567567568
KA03AK3343,intellicar-KA03AK3343-2026-06-01_2026-07-01 (1).csv,2026-06-02 14:57:40,2026-06-02 16:03:40,1.1,103956.046875,59.0,51.0,8.0,13.484375,22.49375,60.375,40.8125,168.5546875
KA03AK3343,intellicar-KA03AK3343-2026-06-01_2026-07-01 (1).csv,2026-06-02 16:56:41,2026-06-02 17:23:11,0.44166666666666665,103969.53125,96.0,91.0,5.0,9.859375,23.927884615384617,57.75,43.67307692307692,197.1875
KA03AK3343,intellicar-KA03AK3343-2026-06-01_2026-07-01 (1).csv,2026-06-03 13:03:16,2026-06-03 14:54:17,1.8502777777777777,104101.5546875,45.0,33.0,12.0,24.1875,15.061611374407583,58.875,45.0,201.5625
KA03AK3343,intellicar-KA03AK3343-2026-06-01_2026-07-01 (1).csv,2026-06-03 16:08:47,2026-06-03 17:32:48,1.4002777777777777,104125.7421875,93.0,81.0,12.0,21.703125,17.931060606060605,57.125,43.03636363636364,180.859375
KA03AK3343,intellicar-KA03AK3343-2026-06-01_2026-07-01 (1).csv,2026-06-04 03:33:49,2026-06-04 04:01:20,0.45861111111111114,104169.3515625,71.0,66.0,5.0,8.0078125,20.022321428571427,64.25,37.732142857142854,160.15625
KA03AK3343,intellicar-KA03AK3343-2026-06-01_2026-07-01 (1).csv,2026-06-04 04:01:50,2026-06-04 06:22:51,2.350277777777778,104177.640625,67.0,49.0,18.0,34.625,21.895933014354068,79.0,39.57416267942584,192.36111111111111
KA03AK3343,intellicar-KA03AK3343-2026-06-01_2026-07-01 (1).csv,2026-06-04 07:18:21,2026-06-04 10:21:23,3.0505555555555555,104212.3984375,95.0,64.0,31.0,54.7734375,33.0625,82.875,44.699074074074076,176.68850806451613
KA03AK3343,intellicar-KA03AK3343-2026-06-01_2026-07-01 (1).csv,2026-06-04 10:21:23,2026-06-04 12:23:28,2.0347222222222223,104267.0,65.0,52.0,13.0,20.0703125,11.08186274509804,51.375,45.050980392156866,154.38701923076923
KA03AK3343,intellicar-KA03AK3343-2026-06-01_2026-07-01 (1).csv,2026-06-04 12:23:53,2026-06-04 13:11:54,0.8002777777777778,104287.1171875,53.0,48.0,5.0,4.53125,5.605053191489362,34.5,45.51063829787234,90.625
KA03AK3343,intellicar-KA03AK3343-2026-06-01_2026-07-01 (1).csv,2026-06-05 02:18:26,2026-06-05 05:23:57,3.0919444444444446,104339.5390625,94.0,64.0,30.0,52.34375,19.524642857142858,76.5,41.91428571428571,174.47916666666669
KA03AK3343,intellicar-KA03AK3343-2026-06-01_2026-07-01 (1).csv,2026-06-05 05:24:28,2026-06-05 08:23:59,2.9919444444444445,104392.265625,65.0,40.0,25.0,42.4453125,16.132697947214076,58.125,42.950146627565985,169.78125
KA03AK3343,intellicar-KA03AK3343-2026-06-01_2026-07-01 (1).csv,2026-06-05 17:47:32,2026-06-05 19:38:33,1.8502777777777777,104501.65625,57.0,41.0,16.0,25.453125,15.43113425925926,67.125,40.56481481481482,159.08203125
KA03AK3343,intellicar-KA03AK3343-2026-06-01_2026-07-01 (1).csv,2026-06-06 02:47:04,2026-06-06 04:56:04,2.15,104541.1171875,87.0,63.0,24.0,44.3515625,28.688451776649746,76.75,40.60406091370558,184.79817708333331
KA03AK3343,intellicar-KA03AK3343-2026-06-01_2026-07-01 (1).csv,2026-06-06 05:46:05,2026-06-06 09:40:36,3.908611111111111,104585.46875,96.0,71.0,25.0,43.4765625,16.016509433962263,70.25,44.99460916442049,173.90625
KA03AK3343,intellicar-KA03AK3343-2026-06-01_2026-07-01 (1).csv,2026-06-06 09:51:06,2026-06-06 15:11:08,5.333888888888889,104636.2265625,70.0,41.0,29.0,60.4765625,16.14701257861635,62.625,41.911949685534594,208.53987068965517
KA03AK3343,intellicar-KA03AK3343-2026-06-01_2026-07-01 (1).csv,2026-06-06 15:11:38,2026-06-06 16:31:08,1.325,104696.890625,42.0,27.0,15.0,38.09375,31.70970394736842,73.0,40.41447368421053,253.95833333333334
KA03AK3343,intellicar-KA03AK3343-2026-06-01_2026-07-01 (1).csv,2026-06-07 08:23:11,2026-06-07 12:07:43,3.7422222222222223,104812.4765625,100.0,66.0,34.0,52.6171875,14.892977528089888,67.0,44.95280898876405,154.75643382352942
KA03AK3343,intellicar-KA03AK3343-2026-06-01_2026-07-01 (1).csv,2026-06-07 12:08:13,2026-06-07 13:10:43,1.0416666666666667,104865.1796875,67.0,59.0,8.0,15.953125,17.548319327731093,56.875,42.15126050420168,199.4140625
KA03AK3343,intellicar-KA03AK3343-2026-06-01_2026-07-01 (1).csv,2026-06-07 13:11:13,2026-06-07 15:45:14,2.5669444444444443,104881.4765625,60.0,40.0,20.0,44.625,27.33313679245283,84.25,40.15094339622642,223.12500000000003
KA03AK3343,intellicar-KA03AK3343-2026-06-01_2026-07-01 (1).csv,2026-06-08 03:13:16,2026-06-08 03:28:46,0.25833333333333336,104941.09375,86.0,78.0,8.0,16.21875,65.03515625,78.375,36.6875,202.734375
KA03AK3343,intellicar-KA03AK3343-2026-06-01_2026-07-01 (1).csv,2026-06-08 03:29:16,2026-06-08 04:26:47,0.9586111111111111,104957.640625,79.0,70.0,9.0,14.609375,16.913716814159294,48.125,37.68141592920354,162.32638888888889
KA03AK3343,intellicar-KA03AK3343-2026-06-01_2026-07-01 (1).csv,2026-06-08 04:27:17,2026-06-08 06:25:17,1.9666666666666666,104972.34375,71.0,57.0,14.0,20.25,13.175925925925926,50.5,38.93121693121693,144.64285714285714
KA03AK3343,intellicar-KA03AK3343-2026-06-01_2026-07-01 (1).csv,2026-06-08 07:38:17,2026-06-08 09:19:48,1.6919444444444445,104992.625,86.0,75.0,11.0,21.15625,12.698863636363637,46.75,43.25252525252525,192.32954545454547
KA03AK3343,intellicar-KA03AK3343-2026-06-01_2026-07-01 (1).csv,2026-06-08 09:19:48,2026-06-08 12:02:49,2.7169444444444446,105013.4921875,76.0,57.0,19.0,27.7265625,11.832367549668874,61.125,44.794701986754966,145.92927631578948
KA03AK3343,intellicar-KA03AK3343-2026-06-01_2026-07-01 (1).csv,2026-06-08 12:03:19,2026-06-08 13:20:19,1.2833333333333334,105041.375,58.0,34.0,24.0,35.3203125,29.50904605263158,86.625,45.30921052631579,147.16796875
KA03AK3343,intellicar-KA03AK3343-2026-06-01_2026-07-01 (1).csv,2026-06-09 13:49:25,2026-06-09 14:57:55,1.1416666666666666,105200.4609375,57.0,49.0,8.0,15.2734375,11.98502994011976,41.375,43.0,190.91796875
KA03AK3343,intellicar-KA03AK3343-2026-06-01_2026-07-01 (1).csv,2026-06-10 12:03:00,2026-06-10 13:09:00,1.1,105333.46875,51.0,45.0,6.0,8.0390625,8.213983050847459,51.875,45.58474576271186,133.984375
KA03AK3343,intellicar-KA03AK3343-2026-06-01_2026-07-01 (1).csv,2026-06-10 13:09:00,2026-06-10 16:08:01,2.983611111111111,105341.5078125,46.0,27.0,19.0,34.6015625,13.51095166163142,52.125,43.90634441087613,182.11348684210526
KA03AK3343,intellicar-KA03AK3343-2026-06-01_2026-07-01 (1).csv,2026-06-11 04:16:34,2026-06-11 07:54:05,3.625277777777778,105449.234375,100.0,71.0,29.0,46.359375,18.429810725552052,67.625,42.1198738170347,159.85991379310346
KA03AK3343,intellicar-KA03AK3343-2026-06-01_2026-07-01 (1).csv,2026-06-11 07:54:35,2026-06-11 11:59:06,4.075277777777778,105495.8828125,72.0,46.0,26.0,37.484375,11.82375,55.625,45.0,144.1706730769231
KA03AK3343,intellicar-KA03AK3343-2026-06-01_2026-07-01 (1).csv,2026-06-11 11:59:36,2026-06-11 13:35:36,1.6,105533.5390625,47.0,33.0,14.0,20.5078125,13.577956989247312,60.625,44.6505376344086,146.484375
KA03AK3343,intellicar-KA03AK3343-2026-06-01_2026-07-01 (1).csv,2026-06-11 14:38:07,2026-06-11 16:03:07,1.4166666666666667,105554.046875,95.0,85.0,10.0,18.09375,13.79093567251462,53.75,43.14035087719298,180.9375
KA03AK3343,intellicar-KA03AK3343-2026-06-01_2026-07-01 (1).csv,2026-06-12 02:56:09,2026-06-12 07:10:40,4.241944444444444,105647.1953125,96.0,63.0,33.0,81.265625,27.332808564231737,79.125,43.27959697732997,246.2594696969697
KA03AK3343,intellicar-KA03AK3343-2026-06-01_2026-07-01 (1).csv,2026-06-12 07:11:10,2026-06-12 08:42:11,1.5169444444444444,105728.6171875,64.0,54.0,10.0,21.2578125,17.930555555555557,64.125,44.0,212.57812500000003
KA03AK3343,intellicar-KA03AK3343-2026-06-01_2026-07-01 (1).csv,2026-06-12 09:38:41,2026-06-12 14:01:42,4.383611111111111,105749.875,93.0,68.0,25.0,51.0625,16.882614213197968,70.625,43.04060913705584,204.25
KA03AK3343,intellicar-KA03AK3343-2026-06-01_2026-07-01 (1).csv,2026-06-12 16:00:13,2026-06-12 17:31:43,1.525,105800.9375,86.0,65.0,21.0,43.3203125,33.04715568862275,78.625,37.73053892215569,206.28720238095238
KA03AK3343,intellicar-KA03AK3343-2026-06-01_2026-07-01 (1).csv,2026-06-12 17:32:13,2026-06-12 19:47:14,2.250277777777778,105844.3671875,66.0,39.0,27.0,46.8671875,22.768939393939394,67.75,35.91287878787879,173.58217592592592
KA03AK3343,intellicar-KA03AK3343-2026-06-01_2026-07-01 (1).csv,2026-06-13 08:18:46,2026-06-13 10:10:47,1.8669444444444445,105975.421875,94.0,77.0,17.0,29.8671875,33.418432203389834,76.0,44.601694915254235,175.68933823529412
KA03AK3343,intellicar-KA03AK3343-2026-06-01_2026-07-01 (1).csv,2026-06-13 10:11:17,2026-06-13 13:19:48,3.1419444444444444,106005.5078125,78.0,61.0,17.0,27.3828125,10.306008902077151,64.5,44.77744807121662,161.07536764705884
KA03AK3343,intellicar-KA03AK3343-2026-06-01_2026-07-01 (1).csv,2026-06-13 13:41:18,2026-06-13 18:21:49,4.675277777777778,106032.890625,87.0,54.0,33.0,62.2265625,17.75110864745011,61.125,41.951219512195124,188.5653409090909
KA03AK3343,intellicar-KA03AK3343-2026-06-01_2026-07-01 (1).csv,2026-06-14 07:51:22,2026-06-14 10:48:53,2.9586111111111113,106129.453125,88.0,55.0,33.0,48.921875,18.14501404494382,69.375,41.73876404494382,148.24810606060606
KA03AK3343,intellicar-KA03AK3343-2026-06-01_2026-07-01 (1).csv,2026-06-14 10:49:23,2026-06-14 11:36:53,0.7916666666666666,106178.8984375,56.0,44.0,12.0,26.0546875,35.415364583333336,88.25,42.0,217.12239583333334
KA03AK3343,intellicar-KA03AK3343-2026-06-01_2026-07-01 (1).csv,2026-06-14 12:26:53,2026-06-14 13:57:54,1.5169444444444444,106204.9609375,91.0,77.0,14.0,28.65625,42.8448275862069,77.5,43.91954022988506,204.6875
KA03AK3343,intellicar-KA03AK3343-2026-06-01_2026-07-01 (1).csv,2026-06-14 14:13:24,2026-06-14 17:30:25,3.283611111111111,106239.5078125,76.0,57.0,19.0,30.0703125,12.055817610062894,57.375,40.72641509433962,158.26480263157893
KA03AK3343,intellicar-KA03AK3343-2026-06-01_2026-07-01 (1).csv,2026-06-15 01:07:56,2026-06-15 03:34:27,2.4419444444444443,106311.0859375,80.0,59.0,21.0,38.1484375,27.21961325966851,83.75,38.47513812154696,181.65922619047618
KA03AK3343,intellicar-KA03AK3343-2026-06-01_2026-07-01 (1).csv,2026-06-15 03:34:57,2026-06-15 05:39:57,2.0833333333333335,106349.5703125,60.0,37.0,23.0,37.4765625,18.86503984063745,82.375,39.44223107569721,162.94157608695653
KA03AK3343,intellicar-KA03AK3343-2026-06-01_2026-07-01 (1).csv,2026-06-15 05:40:27,2026-06-15 07:15:28,1.583611111111111,106387.2890625,38.0,28.0,10.0,19.578125,14.789739884393063,52.625,42.13294797687861,195.78125
KA03AK3343,intellicar-KA03AK3343-2026-06-01_2026-07-01 (1).csv,2026-06-15 08:22:58,2026-06-15 12:23:29,4.008611111111111,106407.46875,91.0,51.0,40.0,63.4921875,18.75172018348624,87.125,45.419724770642205,158.73046875
KA03AK3343,intellicar-KA03AK3343-2026-06-01_2026-07-01 (1).csv,2026-06-15 15:09:00,2026-06-15 19:04:32,3.9255555555555555,106475.1328125,79.0,44.0,35.0,65.96875,22.181,77.125,42.541333333333334,188.48214285714286
KA03AK3343,intellicar-KA03AK3343-2026-06-01_2026-07-01 (1).csv,2026-06-16 05:41:04,2026-06-16 07:48:34,2.125,106603.109375,100.0,83.0,17.0,38.859375,28.641369047619047,78.125,44.80357142857143,228.5845588235294
KA03AK3343,intellicar-KA03AK3343-2026-06-01_2026-07-01 (1).csv,2026-06-17 14:14:44,2026-06-17 16:32:45,2.3002777777777776,106804.1015625,62.0,42.0,20.0,30.4453125,16.560185185185187,64.5,44.91769547325103,152.2265625
KA03AK3343,intellicar-KA03AK3343-2026-06-01_2026-07-01 (1).csv,2026-06-17 16:33:15,2026-06-17 16:57:45,0.4083333333333333,106835.0546875,43.0,37.0,6.0,14.296875,38.28061224489796,79.0,44.0,238.28125
KA03AK3343,intellicar-KA03AK3343-2026-06-01_2026-07-01 (1).csv,2026-06-18 04:42:17,2026-06-18 06:03:17,1.35,106899.6015625,73.0,59.0,14.0,20.59375,16.358128834355828,62.75,39.0,147.09821428571428
KA03AK3343,intellicar-KA03AK3343-2026-06-01_2026-07-01 (1).csv,2026-06-18 06:03:47,2026-06-18 07:13:47,1.1666666666666667,106920.5625,60.0,49.0,11.0,19.6953125,18.05939716312057,51.5,39.794326241134755,179.04829545454547
KA03AK3343,intellicar-KA03AK3343-2026-06-01_2026-07-01 (1).csv,2026-06-18 07:52:48,2026-06-18 13:34:50,5.700555555555556,106940.2578125,95.0,75.0,20.0,42.78125,12.598579545454545,65.75,43.30227272727273,213.90625
KA03AK3343,intellicar-KA03AK3343-2026-06-01_2026-07-01 (1).csv,2026-06-18 13:35:20,2026-06-18 15:35:50,2.0083333333333333,106982.7734375,76.0,55.0,21.0,47.984375,25.808673469387756,80.125,41.6530612244898,228.49702380952382
KA03AK3343,intellicar-KA03AK3343-2026-06-01_2026-07-01 (1).csv,2026-06-18 17:19:51,2026-06-18 19:53:22,2.558611111111111,107030.7578125,100.0,69.0,31.0,67.5,32.545539033457246,78.625,41.817843866171,217.74193548387095
KA03AK3343,intellicar-KA03AK3343-2026-06-01_2026-07-01 (1).csv,2026-06-19 08:17:55,2026-06-19 08:52:55,0.5833333333333334,107124.2734375,83.0,69.0,14.0,23.078125,43.40357142857143,87.5,42.07142857142857,164.84375
KA03AK3343,intellicar-KA03AK3343-2026-06-01_2026-07-01 (1).csv,2026-06-19 08:52:55,2026-06-19 09:54:25,1.025,107146.8046875,70.0,64.0,6.0,10.4609375,25.15509259259259,76.0,43.092592592592595,174.34895833333331
KA03AK3343,intellicar-KA03AK3343-2026-06-01_2026-07-01 (1).csv,2026-06-19 10:42:56,2026-06-19 16:36:28,5.892222222222222,107157.265625,100.0,43.0,57.0,106.609375,19.516654978962134,82.5,44.17531556802244,187.0339912280702
KA03AK3343,intellicar-KA03AK3343-2026-06-01_2026-07-01 (1).csv,2026-06-22 07:41:45,2026-06-22 09:35:15,1.8916666666666666,107348.359375,94.0,73.0,21.0,26.3046875,15.383296460176991,83.25,45.02654867256637,125.26041666666667
KA03AK3343,intellicar-KA03AK3343-2026-06-01_2026-07-01 (1).csv,2026-06-22 09:35:45,2026-06-22 10:07:16,0.5252777777777777,107375.140625,74.0,60.0,14.0,20.7578125,43.224609375,82.0,44.859375,148.27008928571428
KA03AK3343,intellicar-KA03AK3343-2026-06-01_2026-07-01 (1).csv,2026-06-22 10:07:46,2026-06-22 11:36:46,1.4833333333333334,107396.078125,61.0,53.0,8.0,10.40625,15.349184782608695,80.5,46.0,130.078125
KA03AK3343,intellicar-KA03AK3343-2026-06-01_2026-07-01 (1).csv,2026-06-22 12:08:16,2026-06-22 13:29:47,1.3586111111111112,107406.484375,91.0,71.0,20.0,41.46875,32.22337278106509,75.875,45.514792899408285,207.34374999999997
KA03AK3343,intellicar-KA03AK3343-2026-06-01_2026-07-01 (1).csv,2026-06-22 13:29:47,2026-06-22 13:50:17,0.3416666666666667,107447.6171875,72.0,67.0,5.0,9.875,30.41346153846154,57.75,44.97435897435897,197.5
KA03AK3343,intellicar-KA03AK3343-2026-06-01_2026-07-01 (1).csv,2026-06-22 13:50:17,2026-06-22 16:38:18,2.8002777777777776,107457.296875,68.0,47.0,21.0,38.4140625,15.64937106918239,52.25,43.144654088050316,182.92410714285714
KA03AK3343,intellicar-KA03AK3343-2026-06-01_2026-07-01 (1).csv,2026-06-23 01:05:49,2026-06-23 01:33:19,0.4583333333333333,107531.6171875,80.0,70.0,10.0,17.7421875,41.578125,79.875,38.0,177.421875
KA03AK3343,intellicar-KA03AK3343-2026-06-01_2026-07-01 (1).csv,2026-06-23 15:44:24,2026-06-23 18:11:25,2.450277777777778,107709.2578125,96.0,80.0,16.0,32.65625,19.461805555555557,71.625,41.7962962962963,204.1015625
KA03AK3343,intellicar-KA03AK3343-2026-06-01_2026-07-01 (1).csv,2026-06-23 18:11:55,2026-06-23 20:11:25,1.9916666666666667,107742.0859375,81.0,63.0,18.0,37.5,20.319791666666667,65.75,40.55416666666667,208.33333333333334
KA03AK3343,intellicar-KA03AK3343-2026-06-01_2026-07-01 (1).csv,2026-06-24 09:05:28,2026-06-24 14:55:30,5.833888888888889,107840.9140625,96.0,65.0,31.0,58.65625,16.540885416666665,71.125,44.97083333333333,189.21370967741936
KA03AK3343,intellicar-KA03AK3343-2026-06-01_2026-07-01 (1).csv,2026-06-24 14:55:30,2026-06-24 15:46:01,0.8419444444444445,107899.4453125,66.0,58.0,8.0,13.1171875,16.7359693877551,48.375,43.0,163.96484375
KA03AK3343,intellicar-KA03AK3343-2026-06-01_2026-07-01 (1).csv,2026-06-24 15:46:01,2026-06-24 16:08:01,0.36666666666666664,107912.0859375,59.0,54.0,5.0,7.3671875,20.421195652173914,67.75,43.0,147.34375
KA03AK3343,intellicar-KA03AK3343-2026-06-01_2026-07-01 (1).csv,2026-06-24 16:08:31,2026-06-24 16:52:01,0.725,107919.5078125,55.0,47.0,8.0,13.921875,20.72159090909091,41.875,42.03409090909091,174.0234375
KA03AK3343,intellicar-KA03AK3343-2026-06-01_2026-07-01 (1).csv,2026-06-24 16:52:31,2026-06-24 19:05:32,2.2169444444444446,107933.6328125,48.0,32.0,16.0,30.7578125,18.20703125,57.5,41.36607142857143,192.236328125
KA03AK3343,intellicar-KA03AK3343-2026-06-01_2026-07-01 (1).csv,2026-06-25 09:41:37,2026-06-25 15:10:08,5.4752777777777775,108053.7578125,95.0,55.0,40.0,77.6171875,16.338031045751634,77.5,42.95751633986928,194.04296875
KA03AK3343,intellicar-KA03AK3343-2026-06-01_2026-07-01 (1).csv,2026-06-25 15:54:09,2026-06-25 17:42:39,1.8083333333333333,108131.3984375,93.0,79.0,14.0,31.0390625,18.236811926605505,55.875,43.325688073394495,221.70758928571428
KA03AK3343,intellicar-KA03AK3343-2026-06-01_2026-07-01 (1).csv,2026-06-25 17:54:09,2026-06-25 18:21:40,0.45861111111111114,108168.7265625,77.0,71.0,6.0,10.6328125,24.875,60.625,42.42857142857143,177.21354166666669
KA03AK3343,intellicar-KA03AK3343-2026-06-01_2026-07-01 (1).csv,2026-06-26 01:35:41,2026-06-26 02:17:42,0.7002777777777778,108207.40625,60.0,44.0,16.0,29.265625,44.77205882352941,77.875,37.0,182.91015625
KA03AK3343,intellicar-KA03AK3343-2026-06-01_2026-07-01 (1).csv,2026-06-26 03:50:12,2026-06-26 05:01:42,1.1916666666666667,108243.5234375,96.0,85.0,11.0,18.5703125,17.908088235294116,74.125,44.14705882352941,168.82102272727272
KA03AK3343,intellicar-KA03AK3343-2026-06-01_2026-07-01 (1).csv,2026-06-26 05:02:12,2026-06-26 08:34:44,3.542222222222222,108262.5078125,86.0,58.0,28.0,52.7265625,20.23177842565598,77.75,44.12536443148688,188.30915178571428
KA03AK3343,intellicar-KA03AK3343-2026-06-01_2026-07-01 (1).csv,2026-06-26 08:35:14,2026-06-26 11:27:19,2.8680555555555554,108315.5703125,59.0,27.0,32.0,56.2265625,21.298188405797102,84.5,44.85507246376812,175.7080078125
KA03AK3343,intellicar-KA03AK3343-2026-06-01_2026-07-01 (1).csv,2026-06-27 09:36:24,2026-06-27 10:58:55,1.3752777777777778,108541.9375,100.0,87.0,13.0,20.296875,19.610902255639097,75.375,44.82706766917293,156.12980769230768
KA03AK3343,intellicar-KA03AK3343-2026-06-01_2026-07-01 (1).csv,2026-06-27 10:59:25,2026-06-27 16:57:57,5.975555555555555,108562.5078125,88.0,34.0,54.0,97.71875,18.984756097560975,79.0,44.144817073170735,180.96064814814815
KA03AK3343,intellicar-KA03AK3343-2026-06-01_2026-07-01 (1).csv,2026-06-28 14:25:03,2026-06-28 16:10:33,1.7583333333333333,108851.828125,96.0,76.0,20.0,44.9296875,33.24644886363637,68.875,42.69318181818182,224.6484375
KA03AK3343,intellicar-KA03AK3343-2026-06-01_2026-07-01 (1).csv,2026-06-28 16:11:03,2026-06-28 20:19:04,4.133611111111111,108897.09375,77.0,36.0,41.0,89.3828125,27.09251740139211,85.5,41.23665893271462,218.00685975609758
KA03AK3343,intellicar-KA03AK3343-2026-06-01_2026-07-01 (1).csv,2026-06-29 05:12:36,2026-06-29 05:25:06,0.20833333333333334,109009.1328125,81.0,75.0,6.0,11.59375,58.63942307692308,80.875,40.07692307692308,193.22916666666669
KA03AK3343,intellicar-KA03AK3343-2026-06-01_2026-07-01 (1).csv,2026-06-29 05:25:36,2026-06-29 10:35:09,5.159166666666667,109021.109375,76.0,41.0,35.0,58.59375,15.597107438016529,57.125,43.328512396694215,167.41071428571428
KA03AK3343,intellicar-KA03AK3343-2026-06-01_2026-07-01 (1).csv,2026-06-29 19:46:42,2026-06-29 20:02:12,0.25833333333333336,109221.09375,25.0,0.0,25.0,6.0078125,24.13671875,60.125,39.625,24.03125
KA03AK3343,intellicar-KA03AK3343-2026-06-01_2026-07-01 (1).csv,2026-06-30 01:28:43,2026-06-30 02:05:43,0.6166666666666667,109227.875,100.0,89.0,11.0,20.3515625,36.317567567567565,81.5,40.12162162162162,185.01420454545453
KA03AK3343,intellicar-KA03AK3343-2026-06-01_2026-07-01 (1).csv,2026-06-30 02:15:13,2026-06-30 03:23:14,1.1336111111111111,109255.9140625,87.0,76.0,11.0,22.7109375,21.500912408759124,81.875,40.0,206.46306818181816
KA03AK3343,intellicar-KA03AK3343-2026-06-01_2026-07-01 (1).csv,2026-06-30 12:40:47,2026-06-30 14:34:17,1.8916666666666666,109347.9609375,96.0,79.0,17.0,24.7578125,13.720394736842104,49.0,43.89912280701754,145.63419117647058
KA03AK3343,intellicar-KA03AK3343-2026-06-01_2026-07-01 (1).csv,2026-06-30 14:34:17,2026-06-30 16:54:48,2.3419444444444446,109372.65625,80.0,66.0,14.0,23.03125,13.195212765957447,55.875,42.56170212765957,164.50892857142858
KA03AK3343,intellicar-KA03AK3343-2026-06-01_2026-07-01 (1).csv,2026-06-30 16:54:48,2026-06-30 17:15:18,0.3416666666666667,109395.515625,67.0,61.0,6.0,11.3359375,34.74702380952381,65.375,41.0,188.93229166666669
KA03AK3343,intellicar-KA03AK3343-2026-06-01_2026-07-01 (1).csv,2026-06-30 17:15:18,2026-06-30 18:03:19,0.8002777777777778,109406.3359375,62.0,49.0,13.0,29.9609375,38.55681818181818,82.25,40.63636363636363,230.46875
KA03AK3343,intellicar-KA03AK3343-2026-06-01_2026-07-01.csv,2026-06-01 04:29:30,2026-06-01 07:29:30,3.0,103628.0859375,54.0,23.0,31.0,50.0234375,22.716145833333332,82.125,39.84722222222222,161.36592741935485
KA03AK3343,intellicar-KA03AK3343-2026-06-01_2026-07-01.csv,2026-06-01 09:27:31,2026-06-01 10:56:17,1.4794444444444443,103678.125,100.0,84.0,16.0,33.5703125,31.311131386861312,89.125,44.78102189781022,209.814453125
KA03AK3343,intellicar-KA03AK3343-2026-06-01_2026-07-01.csv,2026-06-02 04:59:07,2026-06-02 07:29:37,2.5083333333333333,103870.234375,71.0,55.0,16.0,21.4140625,10.750961538461539,63.25,44.58461538461538,133.837890625
KA03AK3343,intellicar-KA03AK3343-2026-06-01_2026-07-01.csv,2026-06-02 07:30:07,2026-06-02 09:15:08,1.7502777777777778,103892.046875,56.0,47.0,9.0,6.578125,5.636744966442953,40.0,45.90604026845637,73.09027777777779
KA03AK3343,intellicar-KA03AK3343-2026-06-01_2026-07-01.csv,2026-06-02 10:07:38,2026-06-02 14:57:10,4.825555555555556,103898.625,95.0,58.0,37.0,57.1953125,13.028947368421052,71.625,42.31228070175439,154.58192567567568
KA03AK3343,intellicar-KA03AK3343-2026-06-01_2026-07-01.csv,2026-06-02 14:57:40,2026-06-02 16:03:40,1.1,103956.046875,59.0,51.0,8.0,13.484375,22.49375,60.375,40.8125,168.5546875
KA03AK3343,intellicar-KA03AK3343-2026-06-01_2026-07-01.csv,2026-06-02 16:56:41,2026-06-02 17:23:11,0.44166666666666665,103969.53125,96.0,91.0,5.0,9.859375,23.927884615384617,57.75,43.67307692307692,197.1875
KA03AK3343,intellicar-KA03AK3343-2026-06-01_2026-07-01.csv,2026-06-03 13:03:16,2026-06-03 14:54:17,1.8502777777777777,104101.5546875,45.0,33.0,12.0,24.1875,15.061611374407583,58.875,45.0,201.5625
KA03AK3343,intellicar-KA03AK3343-2026-06-01_2026-07-01.csv,2026-06-03 16:08:47,2026-06-03 17:32:48,1.4002777777777777,104125.7421875,93.0,81.0,12.0,21.703125,17.931060606060605,57.125,43.03636363636364,180.859375
KA03AK3343,intellicar-KA03AK3343-2026-06-01_2026-07-01.csv,2026-06-04 03:33:49,2026-06-04 04:01:20,0.45861111111111114,104169.3515625,71.0,66.0,5.0,8.0078125,20.022321428571427,64.25,37.732142857142854,160.15625
KA03AK3343,intellicar-KA03AK3343-2026-06-01_2026-07-01.csv,2026-06-04 04:01:50,2026-06-04 06:22:51,2.350277777777778,104177.640625,67.0,49.0,18.0,34.625,21.895933014354068,79.0,39.57416267942584,192.36111111111111
KA03AK3343,intellicar-KA03AK3343-2026-06-01_2026-07-01.csv,2026-06-04 07:18:21,2026-06-04 10:21:23,3.0505555555555555,104212.3984375,95.0,64.0,31.0,54.7734375,33.0625,82.875,44.699074074074076,176.68850806451613
KA03AK3343,intellicar-KA03AK3343-2026-06-01_2026-07-01.csv,2026-06-04 10:21:23,2026-06-04 12:23:28,2.0347222222222223,104267.0,65.0,52.0,13.0,20.0703125,11.08186274509804,51.375,45.050980392156866,154.38701923076923
KA03AK3343,intellicar-KA03AK3343-2026-06-01_2026-07-01.csv,2026-06-04 12:23:53,2026-06-04 13:11:54,0.8002777777777778,104287.1171875,53.0,48.0,5.0,4.53125,5.605053191489362,34.5,45.51063829787234,90.625
KA03AK3343,intellicar-KA03AK3343-2026-06-01_2026-07-01.csv,2026-06-05 02:18:26,2026-06-05 05:23:57,3.0919444444444446,104339.5390625,94.0,64.0,30.0,52.34375,19.524642857142858,76.5,41.91428571428571,174.47916666666669
KA03AK3343,intellicar-KA03AK3343-2026-06-01_2026-07-01.csv,2026-06-05 05:24:28,2026-06-05 08:23:59,2.9919444444444445,104392.265625,65.0,40.0,25.0,42.4453125,16.132697947214076,58.125,42.950146627565985,169.78125
KA03AK3343,intellicar-KA03AK3343-2026-06-01_2026-07-01.csv,2026-06-05 17:47:32,2026-06-05 19:38:33,1.8502777777777777,104501.65625,57.0,41.0,16.0,25.453125,15.43113425925926,67.125,40.56481481481482,159.08203125
KA03AK3343,intellicar-KA03AK3343-2026-06-01_2026-07-01.csv,2026-06-06 02:47:04,2026-06-06 04:56:04,2.15,104541.1171875,87.0,63.0,24.0,44.3515625,28.688451776649746,76.75,40.60406091370558,184.79817708333331
KA03AK3343,intellicar-KA03AK3343-2026-06-01_2026-07-01.csv,2026-06-06 05:46:05,2026-06-06 09:40:36,3.908611111111111,104585.46875,96.0,71.0,25.0,43.4765625,16.016509433962263,70.25,44.99460916442049,173.90625
KA03AK3343,intellicar-KA03AK3343-2026-06-01_2026-07-01.csv,2026-06-06 09:51:06,2026-06-06 15:11:08,5.333888888888889,104636.2265625,70.0,41.0,29.0,60.4765625,16.14701257861635,62.625,41.911949685534594,208.53987068965517
KA03AK3343,intellicar-KA03AK3343-2026-06-01_2026-07-01.csv,2026-06-06 15:11:38,2026-06-06 16:31:08,1.325,104696.890625,42.0,27.0,15.0,38.09375,31.70970394736842,73.0,40.41447368421053,253.95833333333334
KA03AK3343,intellicar-KA03AK3343-2026-06-01_2026-07-01.csv,2026-06-07 08:23:11,2026-06-07 12:07:43,3.7422222222222223,104812.4765625,100.0,66.0,34.0,52.6171875,14.892977528089888,67.0,44.95280898876405,154.75643382352942
KA03AK3343,intellicar-KA03AK3343-2026-06-01_2026-07-01.csv,2026-06-07 12:08:13,2026-06-07 13:10:43,1.0416666666666667,104865.1796875,67.0,59.0,8.0,15.953125,17.548319327731093,56.875,42.15126050420168,199.4140625
KA03AK3343,intellicar-KA03AK3343-2026-06-01_2026-07-01.csv,2026-06-07 13:11:13,2026-06-07 15:45:14,2.5669444444444443,104881.4765625,60.0,40.0,20.0,44.625,27.33313679245283,84.25,40.15094339622642,223.12500000000003
KA03AK3343,intellicar-KA03AK3343-2026-06-01_2026-07-01.csv,2026-06-08 03:13:16,2026-06-08 03:28:46,0.25833333333333336,104941.09375,86.0,78.0,8.0,16.21875,65.03515625,78.375,36.6875,202.734375
KA03AK3343,intellicar-KA03AK3343-2026-06-01_2026-07-01.csv,2026-06-08 03:29:16,2026-06-08 04:26:47,0.9586111111111111,104957.640625,79.0,70.0,9.0,14.609375,16.913716814159294,48.125,37.68141592920354,162.32638888888889
KA03AK3343,intellicar-KA03AK3343-2026-06-01_2026-07-01.csv,2026-06-08 04:27:17,2026-06-08 06:25:17,1.9666666666666666,104972.34375,71.0,57.0,14.0,20.25,13.175925925925926,50.5,38.93121693121693,144.64285714285714
KA03AK3343,intellicar-KA03AK3343-2026-06-01_2026-07-01.csv,2026-06-08 07:38:17,2026-06-08 09:19:48,1.6919444444444445,104992.625,86.0,75.0,11.0,21.15625,12.698863636363637,46.75,43.25252525252525,192.32954545454547
KA03AK3343,intellicar-KA03AK3343-2026-06-01_2026-07-01.csv,2026-06-08 09:19:48,2026-06-08 12:02:49,2.7169444444444446,105013.4921875,76.0,57.0,19.0,27.7265625,11.832367549668874,61.125,44.794701986754966,145.92927631578948
KA03AK3343,intellicar-KA03AK3343-2026-06-01_2026-07-01.csv,2026-06-08 12:03:19,2026-06-08 13:20:19,1.2833333333333334,105041.375,58.0,34.0,24.0,35.3203125,29.50904605263158,86.625,45.30921052631579,147.16796875
KA03AK3343,intellicar-KA03AK3343-2026-06-01_2026-07-01.csv,2026-06-09 13:49:25,2026-06-09 14:57:55,1.1416666666666666,105200.4609375,57.0,49.0,8.0,15.2734375,11.98502994011976,41.375,43.0,190.91796875
KA03AK3343,intellicar-KA03AK3343-2026-06-01_2026-07-01.csv,2026-06-10 12:03:00,2026-06-10 13:09:00,1.1,105333.46875,51.0,45.0,6.0,8.0390625,8.213983050847459,51.875,45.58474576271186,133.984375
KA03AK3343,intellicar-KA03AK3343-2026-06-01_2026-07-01.csv,2026-06-10 13:09:00,2026-06-10 16:08:01,2.983611111111111,105341.5078125,46.0,27.0,19.0,34.6015625,13.51095166163142,52.125,43.90634441087613,182.11348684210526
KA03AK3343,intellicar-KA03AK3343-2026-06-01_2026-07-01.csv,2026-06-11 04:16:34,2026-06-11 07:54:05,3.625277777777778,105449.234375,100.0,71.0,29.0,46.359375,18.429810725552052,67.625,42.1198738170347,159.85991379310346
KA03AK3343,intellicar-KA03AK3343-2026-06-01_2026-07-01.csv,2026-06-11 07:54:35,2026-06-11 11:59:06,4.075277777777778,105495.8828125,72.0,46.0,26.0,37.484375,11.82375,55.625,45.0,144.1706730769231
KA03AK3343,intellicar-KA03AK3343-2026-06-01_2026-07-01.csv,2026-06-11 11:59:36,2026-06-11 13:35:36,1.6,105533.5390625,47.0,33.0,14.0,20.5078125,13.577956989247312,60.625,44.6505376344086,146.484375
KA03AK3343,intellicar-KA03AK3343-2026-06-01_2026-07-01.csv,2026-06-11 14:38:07,2026-06-11 16:03:07,1.4166666666666667,105554.046875,95.0,85.0,10.0,18.09375,13.79093567251462,53.75,43.14035087719298,180.9375
KA03AK3343,intellicar-KA03AK3343-2026-06-01_2026-07-01.csv,2026-06-12 02:56:09,2026-06-12 07:10:40,4.241944444444444,105647.1953125,96.0,63.0,33.0,81.265625,27.332808564231737,79.125,43.27959697732997,246.2594696969697
KA03AK3343,intellicar-KA03AK3343-2026-06-01_2026-07-01.csv,2026-06-12 07:11:10,2026-06-12 08:42:11,1.5169444444444444,105728.6171875,64.0,54.0,10.0,21.2578125,17.930555555555557,64.125,44.0,212.57812500000003
KA03AK3343,intellicar-KA03AK3343-2026-06-01_2026-07-01.csv,2026-06-12 09:38:41,2026-06-12 14:01:42,4.383611111111111,105749.875,93.0,68.0,25.0,51.0625,16.882614213197968,70.625,43.04060913705584,204.25
KA03AK3343,intellicar-KA03AK3343-2026-06-01_2026-07-01.csv,2026-06-12 16:00:13,2026-06-12 17:31:43,1.525,105800.9375,86.0,65.0,21.0,43.3203125,33.04715568862275,78.625,37.73053892215569,206.28720238095238
KA03AK3343,intellicar-KA03AK3343-2026-06-01_2026-07-01.csv,2026-06-12 17:32:13,2026-06-12 19:47:14,2.250277777777778,105844.3671875,66.0,39.0,27.0,46.8671875,22.768939393939394,67.75,35.91287878787879,173.58217592592592
KA03AK3343,intellicar-KA03AK3343-2026-06-01_2026-07-01.csv,2026-06-13 08:18:46,2026-06-13 10:10:47,1.8669444444444445,105975.421875,94.0,77.0,17.0,29.8671875,33.418432203389834,76.0,44.601694915254235,175.68933823529412
KA03AK3343,intellicar-KA03AK3343-2026-06-01_2026-07-01.csv,2026-06-13 10:11:17,2026-06-13 13:19:48,3.1419444444444444,106005.5078125,78.0,61.0,17.0,27.3828125,10.306008902077151,64.5,44.77744807121662,161.07536764705884
KA03AK3343,intellicar-KA03AK3343-2026-06-01_2026-07-01.csv,2026-06-13 13:41:18,2026-06-13 18:21:49,4.675277777777778,106032.890625,87.0,54.0,33.0,62.2265625,17.75110864745011,61.125,41.951219512195124,188.5653409090909
KA03AK3343,intellicar-KA03AK3343-2026-06-01_2026-07-01.csv,2026-06-14 07:51:22,2026-06-14 10:48:53,2.9586111111111113,106129.453125,88.0,55.0,33.0,48.921875,18.14501404494382,69.375,41.73876404494382,148.24810606060606
KA03AK3343,intellicar-KA03AK3343-2026-06-01_2026-07-01.csv,2026-06-14 10:49:23,2026-06-14 11:36:53,0.7916666666666666,106178.8984375,56.0,44.0,12.0,26.0546875,35.415364583333336,88.25,42.0,217.12239583333334
KA03AK3343,intellicar-KA03AK3343-2026-06-01_2026-07-01.csv,2026-06-14 12:26:53,2026-06-14 13:57:54,1.5169444444444444,106204.9609375,91.0,77.0,14.0,28.65625,42.8448275862069,77.5,43.91954022988506,204.6875
KA03AK3343,intellicar-KA03AK3343-2026-06-01_2026-07-01.csv,2026-06-14 14:13:24,2026-06-14 17:30:25,3.283611111111111,106239.5078125,76.0,57.0,19.0,30.0703125,12.055817610062894,57.375,40.72641509433962,158.26480263157893
KA03AK3343,intellicar-KA03AK3343-2026-06-01_2026-07-01.csv,2026-06-15 01:07:56,2026-06-15 03:34:27,2.4419444444444443,106311.0859375,80.0,59.0,21.0,38.1484375,27.21961325966851,83.75,38.47513812154696,181.65922619047618
KA03AK3343,intellicar-KA03AK3343-2026-06-01_2026-07-01.csv,2026-06-15 03:34:57,2026-06-15 05:39:57,2.0833333333333335,106349.5703125,60.0,37.0,23.0,37.4765625,18.86503984063745,82.375,39.44223107569721,162.94157608695653
KA03AK3343,intellicar-KA03AK3343-2026-06-01_2026-07-01.csv,2026-06-15 05:40:27,2026-06-15 07:15:28,1.583611111111111,106387.2890625,38.0,28.0,10.0,19.578125,14.789739884393063,52.625,42.13294797687861,195.78125
KA03AK3343,intellicar-KA03AK3343-2026-06-01_2026-07-01.csv,2026-06-15 08:22:58,2026-06-15 12:23:29,4.008611111111111,106407.46875,91.0,51.0,40.0,63.4921875,18.75172018348624,87.125,45.419724770642205,158.73046875
KA03AK3343,intellicar-KA03AK3343-2026-06-01_2026-07-01.csv,2026-06-15 15:09:00,2026-06-15 19:04:32,3.9255555555555555,106475.1328125,79.0,44.0,35.0,65.96875,22.181,77.125,42.541333333333334,188.48214285714286
KA03AK3343,intellicar-KA03AK3343-2026-06-01_2026-07-01.csv,2026-06-16 05:41:04,2026-06-16 07:48:34,2.125,106603.109375,100.0,83.0,17.0,38.859375,28.641369047619047,78.125,44.80357142857143,228.5845588235294
KA03AK3343,intellicar-KA03AK3343-2026-06-01_2026-07-01.csv,2026-06-17 14:14:44,2026-06-17 16:32:45,2.3002777777777776,106804.1015625,62.0,42.0,20.0,30.4453125,16.560185185185187,64.5,44.91769547325103,152.2265625
KA03AK3343,intellicar-KA03AK3343-2026-06-01_2026-07-01.csv,2026-06-17 16:33:15,2026-06-17 16:57:45,0.4083333333333333,106835.0546875,43.0,37.0,6.0,14.296875,38.28061224489796,79.0,44.0,238.28125
KA03AK3343,intellicar-KA03AK3343-2026-06-01_2026-07-01.csv,2026-06-18 04:42:17,2026-06-18 06:03:17,1.35,106899.6015625,73.0,59.0,14.0,20.59375,16.358128834355828,62.75,39.0,147.09821428571428
KA03AK3343,intellicar-KA03AK3343-2026-06-01_2026-07-01.csv,2026-06-18 06:03:47,2026-06-18 07:13:47,1.1666666666666667,106920.5625,60.0,49.0,11.0,19.6953125,18.05939716312057,51.5,39.794326241134755,179.04829545454547
KA03AK3343,intellicar-KA03AK3343-2026-06-01_2026-07-01.csv,2026-06-18 07:52:48,2026-06-18 13:34:50,5.700555555555556,106940.2578125,95.0,75.0,20.0,42.78125,12.598579545454545,65.75,43.30227272727273,213.90625
KA03AK3343,intellicar-KA03AK3343-2026-06-01_2026-07-01.csv,2026-06-18 13:35:20,2026-06-18 15:35:50,2.0083333333333333,106982.7734375,76.0,55.0,21.0,47.984375,25.808673469387756,80.125,41.6530612244898,228.49702380952382
KA03AK3343,intellicar-KA03AK3343-2026-06-01_2026-07-01.csv,2026-06-18 17:19:51,2026-06-18 19:53:22,2.558611111111111,107030.7578125,100.0,69.0,31.0,67.5,32.545539033457246,78.625,41.817843866171,217.74193548387095
KA03AK3343,intellicar-KA03AK3343-2026-06-01_2026-07-01.csv,2026-06-19 08:17:55,2026-06-19 08:52:55,0.5833333333333334,107124.2734375,83.0,69.0,14.0,23.078125,43.40357142857143,87.5,42.07142857142857,164.84375
KA03AK3343,intellicar-KA03AK3343-2026-06-01_2026-07-01.csv,2026-06-19 08:52:55,2026-06-19 09:54:25,1.025,107146.8046875,70.0,64.0,6.0,10.4609375,25.15509259259259,76.0,43.092592592592595,174.34895833333331
KA03AK3343,intellicar-KA03AK3343-2026-06-01_2026-07-01.csv,2026-06-19 10:42:56,2026-06-19 16:36:28,5.892222222222222,107157.265625,100.0,43.0,57.0,106.609375,19.516654978962134,82.5,44.17531556802244,187.0339912280702
KA03AK3343,intellicar-KA03AK3343-2026-06-01_2026-07-01.csv,2026-06-22 07:41:45,2026-06-22 09:35:15,1.8916666666666666,107348.359375,94.0,73.0,21.0,26.3046875,15.383296460176991,83.25,45.02654867256637,125.26041666666667
KA03AK3343,intellicar-KA03AK3343-2026-06-01_2026-07-01.csv,2026-06-22 09:35:45,2026-06-22 10:07:16,0.5252777777777777,107375.140625,74.0,60.0,14.0,20.7578125,43.224609375,82.0,44.859375,148.27008928571428
KA03AK3343,intellicar-KA03AK3343-2026-06-01_2026-07-01.csv,2026-06-22 10:07:46,2026-06-22 11:36:46,1.4833333333333334,107396.078125,61.0,53.0,8.0,10.40625,15.349184782608695,80.5,46.0,130.078125
KA03AK3343,intellicar-KA03AK3343-2026-06-01_2026-07-01.csv,2026-06-22 12:08:16,2026-06-22 13:29:47,1.3586111111111112,107406.484375,91.0,71.0,20.0,41.46875,32.22337278106509,75.875,45.514792899408285,207.34374999999997
KA03AK3343,intellicar-KA03AK3343-2026-06-01_2026-07-01.csv,2026-06-22 13:29:47,2026-06-22 13:50:17,0.3416666666666667,107447.6171875,72.0,67.0,5.0,9.875,30.41346153846154,57.75,44.97435897435897,197.5
KA03AK3343,intellicar-KA03AK3343-2026-06-01_2026-07-01.csv,2026-06-22 13:50:17,2026-06-22 16:38:18,2.8002777777777776,107457.296875,68.0,47.0,21.0,38.4140625,15.64937106918239,52.25,43.144654088050316,182.92410714285714
KA03AK3343,intellicar-KA03AK3343-2026-06-01_2026-07-01.csv,2026-06-23 01:05:49,2026-06-23 01:33:19,0.4583333333333333,107531.6171875,80.0,70.0,10.0,17.7421875,41.578125,79.875,38.0,177.421875
KA03AK3343,intellicar-KA03AK3343-2026-06-01_2026-07-01.csv,2026-06-23 15:44:24,2026-06-23 18:11:25,2.450277777777778,107709.2578125,96.0,80.0,16.0,32.65625,19.461805555555557,71.625,41.7962962962963,204.1015625
KA03AK3343,intellicar-KA03AK3343-2026-06-01_2026-07-01.csv,2026-06-23 18:11:55,2026-06-23 20:11:25,1.9916666666666667,107742.0859375,81.0,63.0,18.0,37.5,20.319791666666667,65.75,40.55416666666667,208.33333333333334
KA03AK3343,intellicar-KA03AK3343-2026-06-01_2026-07-01.csv,2026-06-24 09:05:28,2026-06-24 14:55:30,5.833888888888889,107840.9140625,96.0,65.0,31.0,58.65625,16.540885416666665,71.125,44.97083333333333,189.21370967741936
KA03AK3343,intellicar-KA03AK3343-2026-06-01_2026-07-01.csv,2026-06-24 14:55:30,2026-06-24 15:46:01,0.8419444444444445,107899.4453125,66.0,58.0,8.0,13.1171875,16.7359693877551,48.375,43.0,163.96484375
KA03AK3343,intellicar-KA03AK3343-2026-06-01_2026-07-01.csv,2026-06-24 15:46:01,2026-06-24 16:08:01,0.36666666666666664,107912.0859375,59.0,54.0,5.0,7.3671875,20.421195652173914,67.75,43.0,147.34375
KA03AK3343,intellicar-KA03AK3343-2026-06-01_2026-07-01.csv,2026-06-24 16:08:31,2026-06-24 16:52:01,0.725,107919.5078125,55.0,47.0,8.0,13.921875,20.72159090909091,41.875,42.03409090909091,174.0234375
KA03AK3343,intellicar-KA03AK3343-2026-06-01_2026-07-01.csv,2026-06-24 16:52:31,2026-06-24 19:05:32,2.2169444444444446,107933.6328125,48.0,32.0,16.0,30.7578125,18.20703125,57.5,41.36607142857143,192.236328125
KA03AK3343,intellicar-KA03AK3343-2026-06-01_2026-07-01.csv,2026-06-25 09:41:37,2026-06-25 15:10:08,5.4752777777777775,108053.7578125,95.0,55.0,40.0,77.6171875,16.338031045751634,77.5,42.95751633986928,194.04296875
KA03AK3343,intellicar-KA03AK3343-2026-06-01_2026-07-01.csv,2026-06-25 15:54:09,2026-06-25 17:42:39,1.8083333333333333,108131.3984375,93.0,79.0,14.0,31.0390625,18.236811926605505,55.875,43.325688073394495,221.70758928571428
KA03AK3343,intellicar-KA03AK3343-2026-06-01_2026-07-01.csv,2026-06-25 17:54:09,2026-06-25 18:21:40,0.45861111111111114,108168.7265625,77.0,71.0,6.0,10.6328125,24.875,60.625,42.42857142857143,177.21354166666669
KA03AK3343,intellicar-KA03AK3343-2026-06-01_2026-07-01.csv,2026-06-26 01:35:41,2026-06-26 02:17:42,0.7002777777777778,108207.40625,60.0,44.0,16.0,29.265625,44.77205882352941,77.875,37.0,182.91015625
KA03AK3343,intellicar-KA03AK3343-2026-06-01_2026-07-01.csv,2026-06-26 03:50:12,2026-06-26 05:01:42,1.1916666666666667,108243.5234375,96.0,85.0,11.0,18.5703125,17.908088235294116,74.125,44.14705882352941,168.82102272727272
KA03AK3343,intellicar-KA03AK3343-2026-06-01_2026-07-01.csv,2026-06-26 05:02:12,2026-06-26 08:34:44,3.542222222222222,108262.5078125,86.0,58.0,28.0,52.7265625,20.23177842565598,77.75,44.12536443148688,188.30915178571428
KA03AK3343,intellicar-KA03AK3343-2026-06-01_2026-07-01.csv,2026-06-26 08:35:14,2026-06-26 11:27:19,2.8680555555555554,108315.5703125,59.0,27.0,32.0,56.2265625,21.298188405797102,84.5,44.85507246376812,175.7080078125
KA03AK3343,intellicar-KA03AK3343-2026-06-01_2026-07-01.csv,2026-06-27 09:36:24,2026-06-27 10:58:55,1.3752777777777778,108541.9375,100.0,87.0,13.0,20.296875,19.610902255639097,75.375,44.82706766917293,156.12980769230768
KA03AK3343,intellicar-KA03AK3343-2026-06-01_2026-07-01.csv,2026-06-27 10:59:25,2026-06-27 16:57:57,5.975555555555555,108562.5078125,88.0,34.0,54.0,97.71875,18.984756097560975,79.0,44.144817073170735,180.96064814814815
KA03AK3343,intellicar-KA03AK3343-2026-06-01_2026-07-01.csv,2026-06-28 14:25:03,2026-06-28 16:10:33,1.7583333333333333,108851.828125,96.0,76.0,20.0,44.9296875,33.24644886363637,68.875,42.69318181818182,224.6484375
KA03AK3343,intellicar-KA03AK3343-2026-06-01_2026-07-01.csv,2026-06-28 16:11:03,2026-06-28 20:19:04,4.133611111111111,108897.09375,77.0,36.0,41.0,89.3828125,27.09251740139211,85.5,41.23665893271462,218.00685975609758
KA03AK3343,intellicar-KA03AK3343-2026-06-01_2026-07-01.csv,2026-06-29 05:12:36,2026-06-29 05:25:06,0.20833333333333334,109009.1328125,81.0,75.0,6.0,11.59375,58.63942307692308,80.875,40.07692307692308,193.22916666666669
KA03AK3343,intellicar-KA03AK3343-2026-06-01_2026-07-01.csv,2026-06-29 05:25:36,2026-06-29 10:35:09,5.159166666666667,109021.109375,76.0,41.0,35.0,58.59375,15.597107438016529,57.125,43.328512396694215,167.41071428571428
KA03AK3343,intellicar-KA03AK3343-2026-06-01_2026-07-01.csv,2026-06-29 19:46:42,2026-06-29 20:02:12,0.25833333333333336,109221.09375,25.0,0.0,25.0,6.0078125,24.13671875,60.125,39.625,24.03125
KA03AK3343,intellicar-KA03AK3343-2026-06-01_2026-07-01.csv,2026-06-30 01:28:43,2026-06-30 02:05:43,0.6166666666666667,109227.875,100.0,89.0,11.0,20.3515625,36.317567567567565,81.5,40.12162162162162,185.01420454545453
KA03AK3343,intellicar-KA03AK3343-2026-06-01_2026-07-01.csv,2026-06-30 02:15:13,2026-06-30 03:23:14,1.1336111111111111,109255.9140625,87.0,76.0,11.0,22.7109375,21.500912408759124,81.875,40.0,206.46306818181816
KA03AK3343,intellicar-KA03AK3343-2026-06-01_2026-07-01.csv,2026-06-30 12:40:47,2026-06-30 14:34:17,1.8916666666666666,109347.9609375,96.0,79.0,17.0,24.7578125,13.720394736842104,49.0,43.89912280701754,145.63419117647058
KA03AK3343,intellicar-KA03AK3343-2026-06-01_2026-07-01.csv,2026-06-30 14:34:17,2026-06-30 16:54:48,2.3419444444444446,109372.65625,80.0,66.0,14.0,23.03125,13.195212765957447,55.875,42.56170212765957,164.50892857142858
KA03AK3343,intellicar-KA03AK3343-2026-06-01_2026-07-01.csv,2026-06-30 16:54:48,2026-06-30 17:15:18,0.3416666666666667,109395.515625,67.0,61.0,6.0,11.3359375,34.74702380952381,65.375,41.0,188.93229166666669
KA03AK3343,intellicar-KA03AK3343-2026-06-01_2026-07-01.csv,2026-06-30 17:15:18,2026-06-30 18:03:19,0.8002777777777778,109406.3359375,62.0,49.0,13.0,29.9609375,38.55681818181818,82.25,40.63636363636363,230.46875
KA03AK3347,intellicar-KA03AK3347-2026-04-01_2026-05-01.csv,2026-04-05 11:19:40,2026-04-05 14:11:13,2.859166666666667,99250.5390625,100.0,54.0,46.0,74.1640625,30.124228395061728,90.25,44.70987654320987,161.22622282608697
KA03AK3347,intellicar-KA03AK3347-2026-04-01_2026-05-01.csv,2026-04-05 15:30:42,2026-04-05 21:00:46,5.501111111111111,99324.796875,90.0,39.0,51.0,75.3125,19.82561099796334,79.0,44.026476578411405,147.671568627451
KA03AK3347,intellicar-KA03AK3347-2026-04-01_2026-05-01.csv,2026-04-05 22:40:14,2026-04-05 23:32:15,0.8669444444444444,99400.109375,96.0,74.0,22.0,35.4609375,44.391666666666666,84.625,45.457142857142856,161.18607954545453
KA03AK3347,intellicar-KA03AK3347-2026-04-01_2026-05-01.csv,2026-04-05 23:32:44,2026-04-06 05:13:47,5.684166666666667,99435.90625,75.0,32.0,43.0,68.3359375,32.22173144876325,89.5,43.3886925795053,158.92078488372093
KA03AK3347,intellicar-KA03AK3347-2026-04-01_2026-05-01.csv,2026-04-06 06:52:46,2026-04-06 10:44:49,3.8675,99504.2421875,100.0,68.0,32.0,29.1015625,9.370341614906833,69.25,44.98136645962733,90.9423828125
KA03AK3347,intellicar-KA03AK3347-2026-04-01_2026-05-01.csv,2026-04-06 10:44:50,2026-04-06 11:22:49,0.6330555555555556,99533.1015625,69.0,54.0,15.0,28.1640625,47.52205882352941,85.875,44.49673202614379,187.76041666666669
KA03AK3347,intellicar-KA03AK3347-2026-04-01_2026-05-01.csv,2026-04-06 11:23:18,2026-04-06 11:50:09,0.4475,99561.640625,55.0,47.0,8.0,12.3203125,29.56712962962963,87.875,44.22222222222222,154.00390625
KA03AK3347,intellicar-KA03AK3347-2026-04-01_2026-05-01.csv,2026-04-06 11:50:36,2026-04-06 13:14:20,1.3955555555555557,99574.203125,48.0,42.0,6.0,8.28125,21.091346153846153,76.0,45.0,138.02083333333331
KA03AK3347,intellicar-KA03AK3347-2026-04-01_2026-05-01.csv,2026-04-06 13:32:18,2026-04-06 13:50:21,0.30083333333333334,99582.484375,61.0,52.0,9.0,11.890625,42.736486486486484,86.25,44.45945945945946,132.11805555555557
KA03AK3347,intellicar-KA03AK3347-2026-04-01_2026-05-01.csv,2026-04-06 13:50:49,2026-04-06 14:32:51,0.7005555555555556,99594.546875,53.0,42.0,11.0,13.40625,19.44736842105263,88.0,43.01169590643275,121.875
KA03AK3347,intellicar-KA03AK3347-2026-04-01_2026-05-01.csv,2026-04-06 14:32:51,2026-04-06 15:04:21,0.525,99607.4140625,43.0,30.0,13.0,22.8515625,46.3531746031746,77.0,44.833333333333336,175.78125
KA03AK3347,intellicar-KA03AK3347-2026-04-01_2026-05-01.csv,2026-04-06 15:04:21,2026-04-06 15:58:19,0.8994444444444445,99629.734375,31.0,22.0,9.0,17.6640625,16.817781690140844,70.5,46.0,196.26736111111111
KA03AK3347,intellicar-KA03AK3347-2026-04-01_2026-05-01.csv,2026-04-07 03:27:22,2026-04-07 06:35:56,3.142777777777778,99792.65625,100.0,69.0,31.0,39.1953125,15.822085889570552,74.25,45.00613496932515,126.43649193548387
KA03AK3347,intellicar-KA03AK3347-2026-04-01_2026-05-01.csv,2026-04-07 06:36:24,2026-04-07 07:38:26,1.0338888888888889,99832.328125,70.0,56.0,14.0,23.8046875,29.769607843137255,86.375,45.36274509803921,170.03348214285714
KA03AK3347,intellicar-KA03AK3347-2026-04-01_2026-05-01.csv,2026-04-07 17:32:28,2026-04-07 18:47:32,1.251111111111111,99897.0859375,96.0,75.0,21.0,40.4296875,35.04801324503311,88.375,45.58940397350993,192.52232142857142
KA03AK3347,intellicar-KA03AK3347-2026-04-01_2026-05-01.csv,2026-04-07 18:47:58,2026-04-07 22:10:01,3.3675,99937.828125,76.0,35.0,41.0,62.1171875,29.0095818815331,86.75,43.18815331010453,151.50533536585365
KA03AK3347,intellicar-KA03AK3347-2026-04-01_2026-05-01.csv,2026-04-08 05:01:00,2026-04-08 10:08:35,5.126388888888889,100006.1015625,100.0,39.0,61.0,75.2421875,21.655975877192983,92.0,44.791666666666664,123.34784836065573
KA03AK3347,intellicar-KA03AK3347-2026-04-01_2026-05-01.csv,2026-04-08 12:21:04,2026-04-08 14:30:35,2.158611111111111,100082.78125,94.0,67.0,27.0,35.4765625,17.43217054263566,84.125,44.992248062015506,131.39467592592592
KA03AK3347,intellicar-KA03AK3347-2026-04-01_2026-05-01.csv,2026-04-08 14:30:37,2026-04-08 14:38:07,0.125,100117.7890625,68.0,63.0,5.0,9.3359375,70.9475806451613,86.25,44.0,186.71875
KA03AK3347,intellicar-KA03AK3347-2026-04-01_2026-05-01.csv,2026-04-08 14:38:38,2026-04-08 15:11:38,0.55,100127.40625,64.0,54.0,10.0,20.703125,40.13251879699248,89.375,44.0,207.03125
KA03AK3347,intellicar-KA03AK3347-2026-04-01_2026-05-01.csv,2026-04-08 16:59:38,2026-04-08 22:40:08,5.675,100152.75,97.0,35.0,62.0,120.171875,28.654255319148938,89.25,43.05550416281221,193.82560483870967
KA03AK3347,intellicar-KA03AK3347-2026-04-01_2026-05-01.csv,2026-04-09 12:50:16,2026-04-09 13:26:44,0.6077777777777778,100301.9375,77.0,64.0,13.0,19.0625,33.25904605263158,88.0,43.6578947368421,146.6346153846154
KA03AK3347,intellicar-KA03AK3347-2026-04-01_2026-05-01.csv,2026-04-09 14:12:45,2026-04-09 16:28:43,2.266111111111111,100323.9453125,60.0,36.0,24.0,32.984375,16.041440217391305,61.625,45.719202898550726,137.43489583333331
KA03AK3347,intellicar-KA03AK3347-2026-04-01_2026-05-01.csv,2026-04-09 16:28:45,2026-04-09 17:08:45,0.6666666666666666,100356.65625,37.0,28.0,9.0,13.9765625,22.43944099378882,60.5,44.39751552795031,155.29513888888889
KA03AK3347,intellicar-KA03AK3347-2026-04-01_2026-05-01.csv,2026-04-10 06:16:17,2026-04-10 07:46:17,1.5,100394.0625,95.0,85.0,10.0,9.1875,22.06590909090909,60.5,43.763636363636365,91.875
KA03AK3347,intellicar-KA03AK3347-2026-04-01_2026-05-01.csv,2026-04-10 07:46:19,2026-04-10 12:08:51,4.375555555555556,100402.8515625,86.0,66.0,20.0,20.8203125,21.634,71.875,44.912,104.1015625
KA03AK3347,intellicar-KA03AK3347-2026-04-01_2026-05-01.csv,2026-04-10 12:34:49,2026-04-10 17:34:57,5.002222222222223,100423.671875,85.0,21.0,64.0,91.8359375,22.57638888888889,88.5,45.32037037037037,143.49365234375
KA03AK3347,intellicar-KA03AK3347-2026-04-01_2026-05-01.csv,2026-04-11 09:00:56,2026-04-11 12:05:57,3.0836111111111113,100629.5859375,83.0,29.0,54.0,82.1171875,28.539244186046513,91.5,45.06976744186046,152.06886574074073
KA03AK3347,intellicar-KA03AK3347-2026-04-01_2026-05-01.csv,2026-04-13 13:21:11,2026-04-13 14:21:41,1.0083333333333333,100711.8671875,72.0,62.0,10.0,10.421875,11.901431718061675,48.125,43.91629955947136,104.21875
KA03AK3347,intellicar-KA03AK3347-2026-04-01_2026-05-01.csv,2026-04-15 15:05:25,2026-04-15 15:33:00,0.4597222222222222,100732.640625,92.0,87.0,5.0,5.0078125,12.216216216216216,54.125,45.55855855855856,100.15624999999999
KA03AK3347,intellicar-KA03AK3347-2026-04-01_2026-05-01.csv,2026-04-18 15:17:15,2026-04-18 15:36:13,0.3161111111111111,100807.3671875,79.0,73.0,6.0,9.0625,30.18421052631579,54.625,43.0,151.04166666666669
KA03AK3347,intellicar-KA03AK3347-2026-04-01_2026-05-01.csv,2026-04-18 15:36:16,2026-04-18 16:06:47,0.5086111111111111,100816.234375,74.0,68.0,6.0,6.46875,12.516129032258064,40.875,43.83870967741935,107.8125
KA03AK3347,intellicar-KA03AK3347-2026-04-01_2026-05-01.csv,2026-04-18 16:07:13,2026-04-18 17:55:16,1.8008333333333333,100822.9296875,69.0,51.0,18.0,32.0078125,19.3536866359447,77.625,44.0,177.82118055555557
KA03AK3347,intellicar-KA03AK3347-2026-05-01_2026-06-01.csv,2026-05-12 10:16:03,2026-05-12 12:04:33,1.8083333333333333,100945.890625,97.0,85.0,12.0,17.65625,13.999251497005988,77.875,44.78443113772455,147.13541666666669
KA03AK3347,intellicar-KA03AK3347-2026-05-01_2026-06-01.csv,2026-05-12 12:19:33,2026-05-12 12:46:04,0.4419444444444444,100967.8203125,84.0,79.0,5.0,5.3046875,16.907894736842106,46.0,46.0,106.09375000000001
KA03AK3347,intellicar-KA03AK3347-2026-05-01_2026-06-01.csv,2026-05-12 12:46:07,2026-05-12 17:26:05,4.666111111111111,100976.6015625,78.0,41.0,37.0,55.421875,13.93542531120332,80.375,44.093360995850624,149.78885135135135
KA03AK3347,intellicar-KA03AK3347-2026-05-01_2026-06-01.csv,2026-05-13 01:17:37,2026-05-13 02:38:38,1.3502777777777777,101032.078125,100.0,93.0,7.0,12.96875,13.363051470588236,69.0,41.19117647058823,185.26785714285714
KA03AK3347,intellicar-KA03AK3347-2026-05-01_2026-06-01.csv,2026-05-13 02:39:08,2026-05-13 03:22:38,0.725,101045.2890625,94.0,87.0,7.0,11.203125,16.707386363636363,57.125,41.125,160.04464285714286
KA03AK3347,intellicar-KA03AK3347-2026-05-01_2026-06-01.csv,2026-05-13 09:47:41,2026-05-13 11:55:12,2.125277777777778,101121.28125,41.0,25.0,16.0,15.0546875,7.81396484375,90.75,44.6328125,94.091796875
KA03AK3347,intellicar-KA03AK3347-2026-05-01_2026-06-01.csv,2026-05-13 13:21:12,2026-05-13 17:26:44,4.092222222222222,101136.3359375,95.0,54.0,41.0,71.140625,18.82550505050505,73.0,44.18585858585858,173.5137195121951
KA03AK3347,intellicar-KA03AK3347-2026-05-01_2026-06-01.csv,2026-05-13 17:27:14,2026-05-13 19:45:45,2.308611111111111,101207.6484375,55.0,25.0,30.0,55.7578125,27.528451492537314,70.375,44.309701492537314,185.859375
KA03AK3347,intellicar-KA03AK3347-2026-05-01_2026-06-01.csv,2026-05-14 01:47:16,2026-05-14 03:14:47,1.458611111111111,101263.40625,94.0,75.0,19.0,33.6875,24.874289772727273,82.0,44.36363636363637,177.30263157894737
KA03AK3347,intellicar-KA03AK3347-2026-05-01_2026-06-01.csv,2026-05-14 03:15:17,2026-05-14 03:44:47,0.49166666666666664,101297.6875,76.0,64.0,12.0,24.0078125,53.7375,87.75,44.0,200.06510416666666
KA03AK3347,intellicar-KA03AK3347-2026-05-01_2026-06-01.csv,2026-05-14 05:49:48,2026-05-14 07:13:48,1.4,101323.7265625,95.0,80.0,15.0,25.9453125,20.601708074534162,69.75,44.714285714285715,172.96875
KA03AK3347,intellicar-KA03AK3347-2026-05-01_2026-06-01.csv,2026-05-14 07:14:18,2026-05-14 08:20:49,1.1086111111111112,101349.96875,81.0,66.0,15.0,24.6484375,23.89365671641791,56.0,45.0,164.32291666666669
KA03AK3347,intellicar-KA03AK3347-2026-05-01_2026-06-01.csv,2026-05-14 08:21:19,2026-05-14 09:34:49,1.225,101375.0390625,67.0,55.0,12.0,18.09375,15.327540106951872,52.0,44.80213903743316,150.78125
KA03AK3347,intellicar-KA03AK3347-2026-05-01_2026-06-01.csv,2026-05-14 14:45:22,2026-05-14 16:27:22,1.7,101448.859375,45.0,24.0,21.0,40.078125,22.920652173913044,80.625,44.6,190.84821428571428
KA03AK3347,intellicar-KA03AK3347-2026-05-01_2026-06-01.csv,2026-05-14 17:59:53,2026-05-14 19:24:24,1.408611111111111,101488.9375,93.0,77.0,16.0,30.1796875,25.102848101265824,79.875,44.93037974683544,188.623046875
KA03AK3347,intellicar-KA03AK3347-2026-05-01_2026-06-01.csv,2026-05-15 03:05:25,2026-05-15 04:15:25,1.1666666666666667,101566.1953125,55.0,37.0,18.0,34.15625,32.05673758865248,90.375,42.00709219858156,189.75694444444443
KA03AK3347,intellicar-KA03AK3347-2026-05-01_2026-06-01.csv,2026-05-15 05:26:26,2026-05-15 06:37:56,1.1916666666666667,101600.3515625,95.0,75.0,20.0,42.5390625,39.23090277777778,82.625,44.479166666666664,212.6953125
KA03AK3347,intellicar-KA03AK3347-2026-05-01_2026-06-01.csv,2026-05-15 06:37:56,2026-05-15 07:03:56,0.43333333333333335,101642.765625,76.0,71.0,5.0,6.78125,16.955188679245282,56.625,45.0,135.625
KA03AK3347,intellicar-KA03AK3347-2026-05-01_2026-06-01.csv,2026-05-15 07:03:56,2026-05-15 11:53:28,4.825555555555556,101649.8203125,72.0,40.0,32.0,47.5703125,14.066518847006652,85.5,45.070953436807095,148.6572265625
KA03AK3347,intellicar-KA03AK3347-2026-05-01_2026-06-01.csv,2026-05-15 11:53:58,2026-05-15 16:47:00,4.8838888888888885,101697.671875,41.0,33.0,8.0,10.578125,7.19527027027027,81.625,42.83783783783784,132.2265625
KA03AK3347,intellicar-KA03AK3347-2026-05-01_2026-06-01.csv,2026-05-16 05:42:04,2026-05-16 06:54:34,1.2083333333333333,101769.421875,62.0,50.0,12.0,18.390625,16.486206896551725,58.5,44.11724137931034,153.25520833333331
KA03AK3347,intellicar-KA03AK3347-2026-05-01_2026-06-01.csv,2026-05-16 06:55:04,2026-05-16 07:55:05,1.0002777777777778,101787.9765625,51.0,41.0,10.0,12.0625,12.923958333333333,67.5,45.458333333333336,120.625
KA03AK3347,intellicar-KA03AK3347-2026-05-01_2026-06-01.csv,2026-05-16 07:55:34,2026-05-16 08:32:35,0.6169444444444444,101800.5078125,42.0,25.0,17.0,30.9609375,53.79666666666667,89.0,44.72,182.12316176470588
KA03AK3347,intellicar-KA03AK3347-2026-05-01_2026-06-01.csv,2026-05-16 18:12:08,2026-05-16 20:21:09,2.1502777777777777,101915.7578125,95.0,63.0,32.0,66.25,32.722972972972975,82.75,43.270270270270274,207.03125
KA03AK3347,intellicar-KA03AK3347-2026-05-01_2026-06-01.csv,2026-05-17 01:35:10,2026-05-17 05:25:42,3.8422222222222224,101982.03125,100.0,68.0,32.0,69.7734375,20.893061926605505,88.0,42.190366972477065,218.0419921875
KA03AK3347,intellicar-KA03AK3347-2026-05-01_2026-06-01.csv,2026-05-17 06:05:42,2026-05-17 07:39:12,1.5583333333333333,102051.8203125,91.0,68.0,23.0,38.703125,26.736037234042552,84.375,45.138297872340424,168.27445652173913
KA03AK3347,intellicar-KA03AK3347-2026-05-01_2026-06-01.csv,2026-05-17 07:39:42,2026-05-17 09:04:13,1.408611111111111,102090.6640625,69.0,49.0,20.0,28.8671875,21.860294117647058,86.5,45.088235294117645,144.3359375
KA03AK3347,intellicar-KA03AK3347-2026-05-01_2026-06-01.csv,2026-05-17 10:09:44,2026-05-17 11:29:14,1.325,102119.53125,77.0,61.0,16.0,26.9296875,21.654503105590063,82.25,46.0,168.310546875
KA03AK3347,intellicar-KA03AK3347-2026-05-01_2026-06-01.csv,2026-05-17 23:28:48,2026-05-17 23:46:18,0.2916666666666667,102177.09375,32.0,22.0,10.0,20.734375,75.55357142857143,86.25,41.285714285714285,207.34374999999997
KA03AK3347,intellicar-KA03AK3347-2026-05-01_2026-06-01.csv,2026-05-24 03:09:02,2026-05-24 03:56:33,0.7919444444444445,102429.2578125,65.0,58.0,7.0,14.5,22.882440476190474,71.125,37.0,207.14285714285717
KA03AK3347,intellicar-KA03AK3347-2026-05-01_2026-06-01.csv,2026-05-24 03:57:03,2026-05-24 04:48:03,0.85,102444.203125,59.0,47.0,12.0,23.5859375,30.212740384615383,74.125,38.03846153846154,196.54947916666669
KA03AK3347,intellicar-KA03AK3347-2026-05-01_2026-06-01.csv,2026-05-24 06:40:04,2026-05-24 09:27:35,2.7919444444444443,102475.125,90.0,76.0,14.0,32.6484375,17.03,74.5,44.664,233.203125
KA03AK3347,intellicar-KA03AK3347-2026-05-01_2026-06-01.csv,2026-05-24 09:28:05,2026-05-24 11:04:05,1.6,102508.2578125,77.0,60.0,17.0,36.21875,27.729910714285715,74.125,44.482142857142854,213.05147058823528
KA03AK3347,intellicar-KA03AK3347-2026-05-01_2026-06-01.csv,2026-05-24 11:04:35,2026-05-24 11:58:05,0.8916666666666667,102544.5859375,61.0,51.0,10.0,18.1015625,22.11574074074074,69.875,44.629629629629626,181.015625
KA03AK3347,intellicar-KA03AK3347-2026-05-01_2026-06-01.csv,2026-05-24 11:58:35,2026-05-24 12:27:36,0.4836111111111111,102562.9609375,52.0,47.0,5.0,6.7109375,14.889830508474576,59.125,45.0,134.21875
KA03AK3347,intellicar-KA03AK3347-2026-05-01_2026-06-01.csv,2026-05-24 12:28:06,2026-05-24 14:24:06,1.9333333333333333,102570.078125,48.0,36.0,12.0,20.5234375,12.768028846153847,52.125,45.64903846153846,171.02864583333331
KA03AK3347,intellicar-KA03AK3347-2026-05-01_2026-06-01.csv,2026-05-24 15:31:37,2026-05-24 16:23:37,0.8666666666666667,102590.640625,74.0,59.0,15.0,31.28125,38.931603773584904,87.125,45.113207547169814,208.54166666666666
KA03AK3347,intellicar-KA03AK3347-2026-05-01_2026-06-01.csv,2026-05-24 16:24:07,2026-05-24 17:10:37,0.775,102622.203125,60.0,55.0,5.0,10.203125,20.277985074626866,63.75,44.6865671641791,204.0625
KA03AK3347,intellicar-KA03AK3347-2026-05-01_2026-06-01.csv,2026-05-24 17:30:07,2026-05-24 18:21:38,0.8586111111111111,102632.40625,75.0,62.0,13.0,25.8203125,39.18181818181818,85.625,44.77272727272727,198.61778846153845
KA03AK3347,intellicar-KA03AK3347-2026-05-01_2026-06-01.csv,2026-05-24 18:22:08,2026-05-24 18:51:38,0.49166666666666664,102658.5859375,63.0,55.0,8.0,17.2421875,39.00416666666667,67.75,43.4,215.52734375
KA03AK3347,intellicar-KA03AK3347-2026-05-01_2026-06-01.csv,2026-05-24 18:52:08,2026-05-24 19:51:38,0.9916666666666667,102675.984375,56.0,43.0,13.0,25.609375,28.408333333333335,83.375,41.93333333333333,196.99519230769232
KA03AK3347,intellicar-KA03AK3347-2026-05-01_2026-06-01.csv,2026-05-25 03:49:39,2026-05-25 06:25:10,2.5919444444444446,102708.6875,97.0,80.0,17.0,37.4609375,18.330615942028984,64.875,42.54347826086956,220.35845588235296
KA03AK3347,intellicar-KA03AK3347-2026-05-01_2026-06-01.csv,2026-05-25 06:25:40,2026-05-25 07:21:40,0.9333333333333333,102746.328125,81.0,73.0,8.0,11.515625,15.377525252525253,57.125,44.72727272727273,143.9453125
KA03AK3347,intellicar-KA03AK3347-2026-05-01_2026-06-01.csv,2026-05-25 07:22:11,2026-05-25 08:35:11,1.2166666666666666,102758.140625,74.0,56.0,18.0,30.8046875,26.909013605442176,91.0,44.70068027210884,171.13715277777777
KA03AK3347,intellicar-KA03AK3347-2026-05-01_2026-06-01.csv,2026-05-25 21:20:45,2026-05-26 00:21:46,3.0169444444444444,102841.4375,100.0,87.0,13.0,31.4140625,12.275593471810089,61.125,40.86646884272997,241.6466346153846
KA03AK3347,intellicar-KA03AK3347-2026-05-01_2026-06-01.csv,2026-05-26 00:22:16,2026-05-26 03:44:47,3.375277777777778,102873.0234375,88.0,56.0,32.0,72.0078125,45.09642857142857,90.5,39.74761904761905,225.0244140625
KA03AK3347,intellicar-KA03AK3347-2026-05-01_2026-06-01.csv,2026-05-26 03:45:17,2026-05-26 06:51:18,3.100277777777778,102945.15625,57.0,32.0,25.0,52.6328125,23.906357388316152,85.375,41.51546391752577,210.53125
KA03AK3347,intellicar-KA03AK3347-2026-05-01_2026-06-01.csv,2026-05-26 10:28:49,2026-05-26 12:48:20,2.325277777777778,103004.6328125,96.0,71.0,25.0,51.59375,23.60611510791367,89.125,44.9136690647482,206.37500000000003
KA03AK3347,intellicar-KA03AK3347-2026-05-01_2026-06-01.csv,2026-05-26 14:48:21,2026-05-26 15:58:51,1.175,103064.0859375,99.0,85.0,14.0,27.125,25.533450704225352,81.875,43.49295774647887,193.75
KA03AK3347,intellicar-KA03AK3347-2026-05-01_2026-06-01.csv,2026-05-26 15:59:21,2026-05-26 18:09:52,2.1752777777777776,103091.765625,86.0,66.0,20.0,42.5859375,21.763671875,82.875,38.73046875,212.9296875
KA03AK3347,intellicar-KA03AK3347-2026-05-01_2026-06-01.csv,2026-05-26 18:10:22,2026-05-26 21:10:52,3.0083333333333333,103134.4609375,67.0,47.0,20.0,47.296875,38.64351851851852,87.5,35.48148148148148,236.484375
KA03AK3347,intellicar-KA03AK3347-2026-05-01_2026-06-01.csv,2026-05-26 22:17:53,2026-05-27 03:02:54,4.750277777777778,103181.7578125,95.0,54.0,41.0,96.6640625,34.8131906077348,85.25,39.549723756906076,235.76600609756096
KA03AK3347,intellicar-KA03AK3347-2026-05-01_2026-06-01.csv,2026-05-27 04:03:54,2026-05-27 08:29:26,4.4255555555555555,103278.421875,96.0,59.0,37.0,82.1953125,26.28746928746929,84.5,44.285012285012286,222.14949324324326
KA03AK3347,intellicar-KA03AK3347-2026-05-01_2026-06-01.csv,2026-05-27 09:38:27,2026-05-27 14:44:59,5.108888888888889,103365.625,86.0,79.0,7.0,18.6328125,16.90714285714286,61.0,41.77857142857143,266.1830357142857
KA03AK3347,intellicar-KA03AK3347-2026-05-01_2026-06-01.csv,2026-05-28 02:20:02,2026-05-28 06:04:33,3.7419444444444445,103443.9765625,94.0,61.0,33.0,69.1015625,25.104166666666668,91.25,42.28142076502732,209.39867424242422
KA03AK3347,intellicar-KA03AK3347-2026-05-01_2026-06-01.csv,2026-05-28 06:05:03,2026-05-28 07:44:04,1.6502777777777777,103513.546875,62.0,0.0,62.0,34.8046875,45.89819587628866,88.625,45.03092783505155,56.13659274193549
KA03AK3347,intellicar-KA03AK3347-2026-05-01_2026-06-01.csv,2026-05-28 09:09:04,2026-05-28 13:08:35,3.9919444444444445,103548.375,95.0,40.0,55.0,107.3125,33.986009732360095,102.0,44.442822384428226,195.11363636363637
KA03AK3347,intellicar-KA03AK3347-2026-05-01_2026-06-01.csv,2026-05-28 16:01:36,2026-05-28 20:06:07,4.075277777777778,103656.09375,84.0,56.0,28.0,65.28125,20.867901234567903,76.125,40.51851851851852,233.14732142857144
KA03AK3347,intellicar-KA03AK3347-2026-05-01_2026-06-01.csv,2026-05-28 23:38:37,2026-05-29 00:56:38,1.3002777777777779,103721.375,100.0,80.0,20.0,38.1328125,31.50079617834395,92.5,39.10828025477707,190.6640625
KA03AK3347,intellicar-KA03AK3347-2026-05-01_2026-06-01.csv,2026-05-29 00:57:08,2026-05-29 01:28:38,0.525,103759.9921875,81.0,71.0,10.0,20.390625,49.50454545454546,89.125,40.0,203.90625
KA03AK3347,intellicar-KA03AK3347-2026-05-01_2026-06-01.csv,2026-05-29 01:57:08,2026-05-29 05:50:39,3.8919444444444444,103780.40625,95.0,77.0,18.0,42.6015625,35.4827302631579,80.125,42.18421052631579,236.67534722222223
KA03AK3347,intellicar-KA03AK3347-2026-05-01_2026-06-01.csv,2026-05-29 05:50:39,2026-05-29 08:34:40,2.733611111111111,103823.53125,78.0,38.0,40.0,85.59375,33.407174556213015,89.375,44.562130177514796,213.98437499999997
KA03AK3347,intellicar-KA03AK3347-2026-05-01_2026-06-01.csv,2026-05-29 10:15:40,2026-05-29 13:32:42,3.283888888888889,103911.3984375,95.0,65.0,30.0,72.0,31.873679577464788,73.875,44.79577464788732,240.0
KA03AK3347,intellicar-KA03AK3347-2026-05-01_2026-06-01.csv,2026-05-30 00:38:44,2026-05-30 01:27:15,0.8086111111111111,104056.3359375,67.0,50.0,17.0,43.8984375,57.74872448979592,90.0,34.69387755102041,258.22610294117646
KA03AK3347,intellicar-KA03AK3347-2026-05-01_2026-06-01.csv,2026-05-30 01:27:45,2026-05-30 02:49:15,1.3583333333333334,104100.5546875,51.0,43.0,8.0,14.2578125,26.269642857142856,83.125,35.0,178.22265625
KA03AK3347,intellicar-KA03AK3347-2026-05-01_2026-06-01.csv,2026-05-30 04:04:46,2026-05-30 05:58:16,1.8916666666666666,104114.8125,95.0,76.0,19.0,41.6484375,29.537292817679557,75.25,44.46408839779006,219.20230263157893
KA03AK3347,intellicar-KA03AK3347-2026-05-01_2026-06-01.csv,2026-05-30 05:58:46,2026-05-30 07:36:17,1.6252777777777778,104156.75,77.0,60.0,17.0,39.90625,34.11764705882353,79.875,45.21568627450981,234.74264705882354
KA03AK3347,intellicar-KA03AK3347-2026-05-01_2026-06-01.csv,2026-05-30 08:34:17,2026-05-30 09:28:47,0.9083333333333333,104196.671875,95.0,78.0,17.0,37.2109375,43.85454545454545,78.375,44.42727272727273,218.88786764705884
KA03AK3347,intellicar-KA03AK3347-2026-05-01_2026-06-01.csv,2026-05-30 09:29:17,2026-05-30 09:58:48,0.49194444444444446,104234.21875,79.0,71.0,8.0,13.3515625,30.00423728813559,70.0,45.40677966101695,166.89453125
KA03AK3347,intellicar-KA03AK3347-2026-05-01_2026-06-01.csv,2026-05-30 09:59:18,2026-05-30 15:04:49,5.091944444444445,104248.09375,72.0,39.0,33.0,61.828125,23.784156976744185,86.625,42.10755813953488,187.35795454545453
KA03AK3347,intellicar-KA03AK3347-2026-05-01_2026-06-01.csv,2026-05-30 16:36:20,2026-05-30 20:10:51,3.575277777777778,104312.703125,94.0,55.0,39.0,94.28125,33.715753424657535,88.875,40.61917808219178,241.7467948717949
KA03AK3347,intellicar-KA03AK3347-2026-05-01_2026-06-01.csv,2026-05-30 21:26:21,2026-05-31 01:29:22,4.050277777777778,104411.8046875,97.0,61.0,36.0,79.796875,37.52075645756457,83.125,40.49815498154982,221.65798611111111
KA03AK3347,intellicar-KA03AK3347-2026-05-01_2026-06-01.csv,2026-05-31 02:23:22,2026-05-31 07:32:23,5.150277777777778,104491.625,96.0,50.0,46.0,94.90625,29.450477326968972,84.5,43.64439140811456,206.3179347826087
KA03AK3347,intellicar-KA03AK3347-2026-05-01_2026-06-01.csv,2026-05-31 08:37:54,2026-05-31 09:48:24,1.175,104586.53125,94.0,74.0,20.0,42.5078125,42.75576923076923,85.625,45.01538461538462,212.5390625
KA03AK3347,intellicar-KA03AK3347-2026-05-01_2026-06-01.csv,2026-05-31 09:48:54,2026-05-31 10:45:54,0.95,104629.421875,75.0,63.0,12.0,22.0859375,30.221534653465348,68.375,43.801980198019805,184.04947916666669
KA03AK3347,intellicar-KA03AK3347-2026-07-01_2026-08-01.csv,2026-07-01 00:59:20,2026-07-01 04:24:20,3.4166666666666665,105888.96875,94.0,56.0,38.0,62.4375,20.271780303030305,84.375,43.765151515151516,164.3092105263158
KA03AK3347,intellicar-KA03AK3347-2026-07-01_2026-08-01.csv,2026-07-01 04:25:50,2026-07-01 10:10:22,5.742222222222222,105952.359375,57.0,43.0,14.0,20.53125,18.382758620689657,79.5,41.6,146.65178571428572
KA03AK3347,intellicar-KA03AK3347-2026-07-01_2026-08-01.csv,2026-07-01 10:10:22,2026-07-01 11:55:53,1.7586111111111111,105972.7421875,44.0,26.0,18.0,30.3671875,20.06894329896907,76.0,40.61340206185567,168.70659722222223
KA03AK3347,intellicar-KA03AK3347-2026-07-01_2026-08-01.csv,2026-07-02 01:35:26,2026-07-02 04:41:27,3.100277777777778,106151.171875,57.0,24.0,33.0,65.7578125,33.03186274509804,85.5,43.11764705882353,199.2660984848485
KA03AK3347,intellicar-KA03AK3347-2026-07-01_2026-08-01.csv,2026-07-02 04:41:57,2026-07-02 09:51:59,5.167222222222223,106217.4609375,25.0,0.0,25.0,12.0,7.381004366812227,64.25,43.262008733624455,48.0
KA03AK3347,intellicar-KA03AK3347-2026-07-01_2026-08-01.csv,2026-07-02 11:35:30,2026-07-02 12:37:01,1.0252777777777777,106229.4609375,56.0,31.0,25.0,42.265625,44.6849593495935,93.75,43.479674796747965,169.0625
KA03AK3347,intellicar-KA03AK3347-2026-07-01_2026-08-01.csv,2026-07-02 12:37:31,2026-07-02 13:16:01,0.6416666666666667,106271.84375,32.0,26.0,6.0,6.8359375,14.860416666666667,35.375,43.9,113.93229166666667
KA03AK3347,intellicar-KA03AK3347-2026-07-01_2026-08-01.csv,2026-07-02 15:46:33,2026-07-02 16:14:33,0.4666666666666667,106278.9375,96.0,91.0,5.0,7.5546875,17.424568965517242,65.25,45.775862068965516,151.09375
KA03AK3347,intellicar-KA03AK3347-2026-07-01_2026-08-01.csv,2026-07-03 04:07:36,2026-07-03 05:08:06,1.0083333333333333,106386.765625,39.0,32.0,7.0,12.578125,13.929166666666667,72.25,38.0,179.6875
KA03AK3347,intellicar-KA03AK3347-2026-07-01_2026-08-01.csv,2026-07-03 05:08:06,2026-07-03 05:54:20,0.7705555555555555,106399.1171875,33.0,28.0,5.0,4.4296875,7.267045454545454,77.75,39.47727272727273,88.59375
KA03AK3347,intellicar-KA03AK3347-2026-07-01_2026-08-01.csv,2026-07-03 16:32:41,2026-07-03 16:59:11,0.44166666666666665,106424.4140625,81.0,76.0,5.0,8.3046875,21.319444444444443,50.625,39.0,166.09375
KA03AK3347,intellicar-KA03AK3347-2026-07-01_2026-08-01.csv,2026-07-03 16:59:41,2026-07-03 18:43:12,1.7252777777777777,106432.984375,77.0,64.0,13.0,18.1484375,11.45897435897436,82.75,39.05128205128205,139.6033653846154
KA03AK3347,intellicar-KA03AK3347-2026-07-01_2026-08-01.csv,2026-07-03 18:43:42,2026-07-03 19:31:12,0.7916666666666666,106451.375,65.0,55.0,10.0,17.3671875,31.72861842105263,80.75,38.23684210526316,173.671875
KA03AK3347,intellicar-KA03AK3347-2026-07-01_2026-08-01.csv,2026-07-03 19:31:42,2026-07-03 22:18:12,2.775,106469.1328125,56.0,29.0,27.0,47.21875,27.20138888888889,84.875,37.995726495726494,174.88425925925927
KA03AK3347,intellicar-KA03AK3347-2026-07-01_2026-08-01.csv,2026-07-03 23:25:43,2026-07-03 23:46:43,0.35,106517.09375,91.0,85.0,6.0,9.7578125,30.406976744186046,65.125,43.0,162.63020833333331
KA03AK3347,intellicar-KA03AK3347-2026-07-01_2026-08-01.csv,2026-07-04 19:49:20,2026-07-05 01:21:50,5.541666666666667,106628.3046875,26.0,21.0,5.0,4.765625,26.744565217391305,70.5,37.52173913043478,95.3125
KA03AK3347,intellicar-KA03AK3347-2026-07-01_2026-08-01.csv,2026-07-06 10:36:33,2026-07-06 13:25:04,2.808611111111111,106860.2109375,40.0,26.0,14.0,21.8203125,13.707512315270936,74.625,40.94088669950739,155.859375
KA03AK3347,intellicar-KA03AK3347-2026-07-01_2026-08-01.csv,2026-07-06 14:29:04,2026-07-06 15:25:04,0.9333333333333333,106882.046875,90.0,84.0,6.0,9.3671875,10.388274336283185,55.25,43.67256637168141,156.11979166666669
KA03AK3347,intellicar-KA03AK3347-2026-07-01_2026-08-01.csv,2026-07-07 01:02:37,2026-07-07 02:51:07,1.8083333333333333,106907.2578125,78.0,58.0,20.0,35.5625,24.126984126984127,92.625,36.65079365079365,177.8125
KA03AK3347,intellicar-KA03AK3347-2026-07-01_2026-08-01.csv,2026-07-07 02:51:37,2026-07-07 04:03:07,1.1916666666666667,106943.140625,59.0,43.0,16.0,30.8359375,28.766843971631207,79.125,37.02127659574468,192.724609375
KA03AK3347,intellicar-KA03AK3347-2026-07-01_2026-08-01.csv,2026-07-07 04:03:07,2026-07-07 05:12:07,1.15,106974.9765625,44.0,31.0,13.0,17.9609375,19.99576271186441,74.75,38.92372881355932,138.16105769230768
KA03AK3347,intellicar-KA03AK3347-2026-07-01_2026-08-01.csv,2026-07-07 05:38:08,2026-07-07 08:52:39,3.2419444444444445,106992.9375,58.0,53.0,5.0,5.9140625,14.82451923076923,40.5,42.30769230769231,118.28125
KA03AK3347,intellicar-KA03AK3347-2026-07-01_2026-08-01.csv,2026-07-07 08:55:09,2026-07-07 10:48:40,1.8919444444444444,106999.4296875,53.0,44.0,9.0,12.1875,20.35096153846154,74.5,41.44871794871795,135.41666666666669
KA03AK3347,intellicar-KA03AK3347-2026-07-01_2026-08-01.csv,2026-07-07 11:03:10,2026-07-07 12:15:40,1.2083333333333333,107015.1328125,43.0,31.0,12.0,19.953125,23.16554054054054,74.75,42.531531531531535,166.27604166666669
KA03AK3347,intellicar-KA03AK3347-2026-07-01_2026-08-01.csv,2026-07-08 03:51:13,2026-07-08 04:24:43,0.5583333333333333,107134.7890625,71.0,64.0,7.0,11.78125,24.916044776119403,77.375,44.0,168.30357142857142
KA03AK3347,intellicar-KA03AK3347-2026-07-01_2026-08-01.csv,2026-07-08 13:38:46,2026-07-08 16:47:17,3.1419444444444444,107197.1171875,96.0,75.0,21.0,48.234375,16.231012658227847,80.75,43.56708860759494,229.6875
KA03AK3347,intellicar-KA03AK3347-2026-07-01_2026-08-01.csv,2026-07-09 13:24:22,2026-07-09 14:53:52,1.4916666666666667,107385.3359375,92.0,80.0,12.0,17.5546875,12.332638888888889,51.75,45.0,146.2890625
KA03AK3347,intellicar-KA03AK3347-2026-07-01_2026-08-01.csv,2026-07-10 03:01:25,2026-07-10 05:49:26,2.8002777777777776,107454.875,76.0,56.0,20.0,37.21875,15.806089743589743,76.125,38.75320512820513,186.09375
KA03AK3347,intellicar-KA03AK3347-2026-07-01_2026-08-01.csv,2026-07-10 15:24:29,2026-07-10 16:11:29,0.7833333333333333,107515.1796875,43.0,36.0,7.0,10.71875,15.465909090909092,68.375,38.69318181818182,153.125
KA03AK3347,intellicar-KA03AK3347-2026-07-01_2026-08-01.csv,2026-07-10 17:13:59,2026-07-10 17:55:29,0.6916666666666667,107525.921875,91.0,86.0,5.0,10.5390625,16.745426829268293,53.0,45.792682926829265,210.78125
KA03AK3347,intellicar-KA03AK3347-2026-07-01_2026-08-01.csv,2026-07-11 05:16:02,2026-07-11 07:39:02,2.3833333333333333,107599.609375,90.0,80.0,10.0,16.0625,20.045238095238094,54.875,42.68571428571428,160.625
KA03AK3347,intellicar-KA03AK3347-2026-07-01_2026-08-01.csv,2026-07-11 15:39:04,2026-07-11 17:35:35,1.9419444444444445,107674.53125,46.0,24.0,22.0,50.65625,31.495772946859905,81.5,44.65700483091788,230.25568181818184
KA03AK3347,intellicar-KA03AK3347-2026-07-01_2026-08-01.csv,2026-07-11 18:34:05,2026-07-11 19:26:05,0.8666666666666667,107725.1875,91.0,83.0,8.0,16.640625,20.988095238095237,56.0,44.142857142857146,208.0078125
KA03AK3347,intellicar-KA03AK3347-2026-07-01_2026-08-01.csv,2026-07-11 19:26:35,2026-07-11 21:25:36,1.9836111111111112,107742.09375,84.0,67.0,17.0,30.3984375,19.994318181818183,75.625,42.76262626262626,178.81433823529412
KA03AK3347,intellicar-KA03AK3347-2026-07-01_2026-08-01.csv,2026-07-12 17:29:11,2026-07-12 19:08:42,1.658611111111111,107790.4921875,94.0,89.0,5.0,10.1328125,21.9453125,79.125,43.859375,202.65624999999997
KA03AK3347,intellicar-KA03AK3347-2026-07-01_2026-08-01.csv,2026-07-12 19:26:12,2026-07-12 21:02:43,1.6086111111111112,107810.484375,86.0,66.0,20.0,38.9765625,26.132124352331605,71.0,42.196891191709845,194.8828125
KA03AK3347,intellicar-KA03AK3347-2026-07-01_2026-08-01.csv,2026-07-12 21:02:43,2026-07-13 00:58:43,3.933333333333333,107849.1015625,67.0,21.0,46.0,84.921875,32.50593471810089,83.875,39.56973293768546,184.61277173913044
KA03AK3347,intellicar-KA03AK3347-2026-07-01_2026-08-01.csv,2026-07-13 02:35:13,2026-07-13 05:45:14,3.1669444444444443,107934.03125,95.0,73.0,22.0,39.21875,19.58117529880478,72.75,42.91235059760956,178.26704545454547
KA03AK3347,intellicar-KA03AK3347-2026-07-01_2026-08-01.csv,2026-07-13 05:45:44,2026-07-13 06:18:14,0.5416666666666666,107973.6640625,74.0,63.0,11.0,17.8046875,35.65909090909091,81.875,43.89393939393939,161.86079545454547
KA03AK3347,intellicar-KA03AK3347-2026-07-01_2026-08-01.csv,2026-07-13 07:42:45,2026-07-13 13:04:16,5.358611111111111,107993.3515625,100.0,65.0,35.0,53.328125,15.867562929061785,69.0,45.40045766590389,152.36607142857144
KA03AK3347,intellicar-KA03AK3347-2026-07-01_2026-08-01.csv,2026-07-13 13:04:46,2026-07-13 15:58:17,2.8919444444444444,108046.9140625,66.0,47.0,19.0,28.453125,10.910342261904763,77.625,45.651785714285715,149.7532894736842
KA03AK3347,intellicar-KA03AK3347-2026-07-01_2026-08-01.csv,2026-07-14 11:05:22,2026-07-14 11:25:52,0.3416666666666667,108175.3671875,33.0,26.0,7.0,11.53125,35.845238095238095,70.375,44.523809523809526,164.73214285714286
KA03AK3347,intellicar-KA03AK3347-2026-07-01_2026-08-01.csv,2026-07-15 04:00:26,2026-07-15 04:17:26,0.2833333333333333,108203.6640625,89.0,84.0,5.0,6.765625,26.603571428571428,57.625,37.714285714285715,135.3125
KA03AK3347,intellicar-KA03AK3347-2026-07-01_2026-08-01.csv,2026-07-15 04:17:56,2026-07-15 04:43:57,0.4336111111111111,108210.5703125,85.0,79.0,6.0,9.2421875,23.221698113207548,68.25,38.339622641509436,154.03645833333331
KA03AK3347,intellicar-KA03AK3347-2026-07-01_2026-08-01.csv,2026-07-16 11:37:05,2026-07-16 13:02:05,1.4166666666666667,108310.90625,64.0,54.0,10.0,14.7265625,22.518333333333334,74.25,42.10666666666667,147.265625
KA03AK3347,intellicar-KA03AK3347-2026-07-01_2026-08-01.csv,2026-07-18 18:54:21,2026-07-18 20:54:52,2.008611111111111,108601.140625,87.0,69.0,18.0,37.2265625,28.93373015873016,68.0,43.473015873015875,206.81423611111111
KA03AK3347,intellicar-KA03AK3347-2026-07-01_2026-08-01.csv,2026-07-19 19:28:28,2026-07-19 19:52:58,0.4083333333333333,108705.125,94.0,88.0,6.0,9.7265625,29.902439024390244,68.125,43.0,162.109375
KA03AK3347,intellicar-KA03AK3347-2026-07-01_2026-08-01.csv,2026-07-19 19:53:28,2026-07-19 20:01:58,0.14166666666666666,108715.3125,89.0,84.0,5.0,6.3671875,49.65972222222222,70.75,43.0,127.34375
KA03AK3347,intellicar-KA03AK3347-2026-07-01_2026-08-01.csv,2026-07-19 20:02:28,2026-07-19 20:24:58,0.375,108722.0,85.0,80.0,5.0,9.171875,25.793478260869566,62.0,42.56521739130435,183.4375
KA03AK3347,intellicar-KA03AK3347-2026-07-01_2026-08-01.csv,2026-07-19 20:25:28,2026-07-19 20:50:58,0.425,108731.296875,81.0,69.0,12.0,18.2421875,45.84803921568628,77.0,42.0,152.01822916666669
KA03AK3347,intellicar-KA03AK3347-2026-07-01_2026-08-01.csv,2026-07-19 20:50:58,2026-07-19 23:04:29,2.225277777777778,108749.015625,70.0,40.0,30.0,50.28125,24.09340148698885,76.5,40.066914498141266,167.60416666666666
KA03AK3356,intellicar-KA03AK3356-2026-04-01_2026-05-01.csv,2026-04-01 02:55:36,2026-04-01 04:16:37,1.3502777777777777,105539.3359375,96.0,80.0,16.0,22.0390625,18.101635514018692,72.25,43.22118380062305,137.744140625
KA03AK3356,intellicar-KA03AK3356-2026-04-01_2026-05-01.csv,2026-04-01 04:16:38,2026-04-01 07:04:40,2.8005555555555555,105561.1484375,81.0,53.0,28.0,57.078125,40.7563672922252,91.875,45.34584450402145,203.85044642857144
KA03AK3356,intellicar-KA03AK3356-2026-04-01_2026-05-01.csv,2026-04-01 07:05:07,2026-04-01 08:56:40,1.8591666666666666,105618.671875,54.0,25.0,29.0,38.3671875,23.531536697247706,87.0,44.91284403669725,132.30064655172413
KA03AK3356,intellicar-KA03AK3356-2026-04-01_2026-05-01.csv,2026-04-01 17:33:41,2026-04-01 19:48:13,2.2422222222222223,105770.0859375,71.0,35.0,36.0,71.46875,40.11378205128205,89.0,43.38461538461539,198.52430555555557
KA03AK3356,intellicar-KA03AK3356-2026-04-01_2026-05-01.csv,2026-04-02 03:10:13,2026-04-02 05:36:45,2.442222222222222,105841.5546875,100.0,76.0,24.0,35.453125,16.13157894736842,78.75,42.373514431239386,147.72135416666669
KA03AK3356,intellicar-KA03AK3356-2026-04-01_2026-05-01.csv,2026-04-02 05:36:46,2026-04-02 06:07:16,0.5083333333333333,105876.8984375,77.0,63.0,14.0,21.7578125,47.93089430894309,87.875,45.34959349593496,155.41294642857142
KA03AK3356,intellicar-KA03AK3356-2026-04-01_2026-05-01.csv,2026-04-02 06:53:45,2026-04-02 08:11:47,1.3005555555555555,105900.28125,96.0,72.0,24.0,48.4140625,40.83359872611465,85.25,45.146496815286625,201.72526041666666
KA03AK3356,intellicar-KA03AK3356-2026-04-01_2026-05-01.csv,2026-04-02 08:12:15,2026-04-02 10:38:49,2.4427777777777777,105948.8515625,73.0,50.0,23.0,32.2890625,21.56346153846154,89.75,44.91282051282051,140.38722826086956
KA03AK3356,intellicar-KA03AK3356-2026-04-01_2026-05-01.csv,2026-04-02 11:54:17,2026-04-02 13:17:19,1.383888888888889,105981.140625,98.0,79.0,19.0,34.234375,27.648203592814372,84.25,44.94011976047904,180.18092105263156
KA03AK3356,intellicar-KA03AK3356-2026-04-01_2026-05-01.csv,2026-04-02 13:17:47,2026-04-02 18:38:51,5.351111111111111,106015.6328125,80.0,24.0,56.0,90.234375,19.177795655671762,88.375,44.879324215607404,161.1328125
KA03AK3356,intellicar-KA03AK3356-2026-04-01_2026-05-01.csv,2026-04-02 18:38:51,2026-04-02 19:09:51,0.5166666666666667,106105.2734375,25.0,16.0,9.0,18.1015625,36.258,90.25,45.48,201.12847222222223
KA03AK3356,intellicar-KA03AK3356-2026-04-01_2026-05-01.csv,2026-04-03 02:24:51,2026-04-03 03:06:51,0.7,106123.421875,95.0,82.0,13.0,26.640625,41.280701754385966,92.875,44.0,204.9278846153846
KA03AK3356,intellicar-KA03AK3356-2026-04-01_2026-05-01.csv,2026-04-03 03:06:53,2026-04-03 06:42:13,3.588888888888889,106149.3828125,83.0,46.0,37.0,56.796875,19.269391025641024,95.625,44.13846153846154,153.50506756756758
KA03AK3356,intellicar-KA03AK3356-2026-04-01_2026-05-01.csv,2026-04-03 06:42:13,2026-04-03 10:38:56,3.9452777777777777,106206.0234375,47.0,22.0,25.0,28.65625,13.099557522123893,71.875,45.43716814159292,114.625
KA03AK3356,intellicar-KA03AK3356-2026-04-01_2026-05-01.csv,2026-04-03 19:47:59,2026-04-03 20:37:59,0.8333333333333334,106324.9375,43.0,24.0,19.0,28.734375,41.49371508379888,82.625,43.93854748603352,151.23355263157893
KA03AK3356,intellicar-KA03AK3356-2026-04-01_2026-05-01.csv,2026-04-03 23:54:28,2026-04-04 05:47:33,5.884722222222222,106353.671875,100.0,31.0,69.0,132.9453125,33.50477099236641,93.0,42.60687022900763,192.67436594202897
KA03AK3356,intellicar-KA03AK3356-2026-04-01_2026-05-01.csv,2026-04-04 07:07:30,2026-04-04 07:33:33,0.43416666666666665,106486.6171875,87.0,82.0,5.0,8.3984375,25.694444444444443,71.625,44.71111111111111,167.96875
KA03AK3356,intellicar-KA03AK3356-2026-04-01_2026-05-01.csv,2026-04-04 07:34:00,2026-04-04 09:26:33,1.8758333333333332,106495.171875,83.0,50.0,33.0,56.8359375,32.97434497816594,91.875,44.76419213973799,172.23011363636365
KA03AK3356,intellicar-KA03AK3356-2026-04-01_2026-05-01.csv,2026-04-04 10:53:02,2026-04-04 15:22:33,4.491944444444444,106552.0078125,95.0,48.0,47.0,74.84375,20.21472392638037,88.375,44.25153374233129,159.24202127659575
KA03AK3356,intellicar-KA03AK3356-2026-04-01_2026-05-01.csv,2026-04-04 15:22:35,2026-04-04 15:51:04,0.4747222222222222,106626.6875,49.0,42.0,7.0,9.453125,21.051535087719298,60.625,44.01754385964912,135.04464285714286
KA03AK3356,intellicar-KA03AK3356-2026-04-01_2026-05-01.csv,2026-04-04 15:51:05,2026-04-04 18:34:36,2.725277777777778,106635.796875,43.0,19.0,24.0,37.3359375,19.87165637860082,70.375,44.69135802469136,155.56640625
KA03AK3356,intellicar-KA03AK3356-2026-04-01_2026-05-01.csv,2026-04-05 02:01:06,2026-04-05 05:39:39,3.6425,106673.140625,96.0,56.0,40.0,66.8671875,24.731948228882835,84.5,43.5858310626703,167.16796875
KA03AK3356,intellicar-KA03AK3356-2026-04-01_2026-05-01.csv,2026-04-05 05:40:07,2026-04-05 09:28:12,3.801388888888889,106740.1484375,57.0,13.0,44.0,61.7109375,20.8828125,85.5,44.9453125,140.2521306818182
KA03AK3356,intellicar-KA03AK3356-2026-04-01_2026-05-01.csv,2026-04-05 10:22:40,2026-04-05 11:01:41,0.6502777777777777,106801.859375,81.0,71.0,10.0,15.6875,28.16722972972973,74.0,45.25675675675676,156.875
KA03AK3356,intellicar-KA03AK3356-2026-04-01_2026-05-01.csv,2026-04-05 11:02:10,2026-04-05 14:01:43,2.9925,106817.9296875,72.0,24.0,48.0,93.0,38.47820919175911,90.625,44.89381933438986,193.75
KA03AK3356,intellicar-KA03AK3356-2026-04-01_2026-05-01.csv,2026-04-06 08:21:46,2026-04-06 11:08:20,2.776111111111111,106919.25,42.0,12.0,30.0,38.6328125,16.413216560509554,67.125,44.98407643312102,128.77604166666669
KA03AK3356,intellicar-KA03AK3356-2026-04-01_2026-05-01.csv,2026-04-06 15:52:22,2026-04-06 17:18:52,1.4416666666666667,106958.265625,96.0,81.0,15.0,30.8046875,23.25106534090909,71.75,44.15909090909091,205.36458333333334
KA03AK3356,intellicar-KA03AK3356-2026-04-01_2026-05-01.csv,2026-04-07 06:51:55,2026-04-07 11:12:28,4.3425,107030.21875,54.0,13.0,41.0,61.984375,17.174116424116423,74.5,44.96257796257796,151.1814024390244
KA03AK3356,intellicar-KA03AK3356-2026-04-01_2026-05-01.csv,2026-04-07 13:07:26,2026-04-07 15:47:30,2.667777777777778,107092.203125,91.0,63.0,28.0,51.84375,20.92867867867868,84.25,45.012012012012015,185.15625
KA03AK3356,intellicar-KA03AK3356-2026-04-01_2026-05-01.csv,2026-04-07 15:47:57,2026-04-07 18:46:00,2.9675,107144.53125,64.0,30.0,34.0,68.015625,25.363795518207283,79.0,45.0,200.04595588235296
KA03AK3356,intellicar-KA03AK3356-2026-04-01_2026-05-01.csv,2026-04-08 08:14:32,2026-04-08 10:30:03,2.258611111111111,107222.3359375,90.0,69.0,21.0,26.234375,14.655847639484978,39.25,45.06008583690987,124.92559523809523
KA03AK3356,intellicar-KA03AK3356-2026-04-01_2026-05-01.csv,2026-04-08 10:30:36,2026-04-08 13:51:05,3.341388888888889,107248.546875,70.0,37.0,33.0,51.2578125,16.97898505603985,79.75,44.74844333748443,155.32670454545453
KA03AK3356,intellicar-KA03AK3356-2026-04-01_2026-05-01.csv,2026-04-08 13:51:07,2026-04-08 14:11:07,0.3333333333333333,107299.6796875,38.0,33.0,5.0,7.2265625,20.685185185185187,60.75,44.888888888888886,144.53125
KA03AK3356,intellicar-KA03AK3356-2026-04-01_2026-05-01.csv,2026-04-08 14:11:35,2026-04-08 15:12:37,1.0172222222222222,107307.1484375,34.0,26.0,8.0,10.65625,14.39,46.75,45.62,133.203125
KA03AK3356,intellicar-KA03AK3356-2026-04-01_2026-05-01.csv,2026-04-08 16:23:06,2026-04-08 17:17:06,0.9,107317.8046875,80.0,69.0,11.0,17.8671875,20.76900921658986,60.25,43.14746543778802,162.42897727272728
KA03AK3356,intellicar-KA03AK3356-2026-04-01_2026-05-01.csv,2026-04-08 17:17:08,2026-04-08 17:40:07,0.38305555555555554,107335.40625,70.0,64.0,6.0,12.2265625,35.79331683168317,66.5,43.633663366336634,203.77604166666666
KA03AK3356,intellicar-KA03AK3356-2026-04-01_2026-05-01.csv,2026-04-09 13:23:12,2026-04-09 16:51:45,3.4758333333333336,107423.8046875,94.0,55.0,39.0,64.109375,20.8263723150358,79.75,45.031026252983295,164.38301282051282
KA03AK3356,intellicar-KA03AK3356-2026-04-01_2026-05-01.csv,2026-04-10 08:10:50,2026-04-10 12:00:21,3.825277777777778,107522.859375,57.0,12.0,45.0,65.0234375,18.364762931034484,68.25,44.946120689655174,144.49652777777777
KA03AK3356,intellicar-KA03AK3356-2026-04-01_2026-05-01.csv,2026-04-10 14:13:50,2026-04-10 17:00:23,2.7758333333333334,107587.8828125,100.0,71.0,29.0,47.6875,18.778153153153152,73.375,45.01801801801802,164.43965517241378
KA03AK3356,intellicar-KA03AK3356-2026-04-01_2026-05-01.csv,2026-04-11 09:52:28,2026-04-11 12:07:59,2.258611111111111,107716.7890625,16.0,11.0,5.0,15.4296875,11.695046439628483,89.75,45.860681114551085,308.59375
KA03AK3356,intellicar-KA03AK3356-2026-05-01_2026-06-01.csv,2026-05-07 17:39:26,2026-05-07 19:59:26,2.3333333333333335,107822.3515625,67.0,44.0,23.0,41.5,20.775845864661655,65.5,42.556390977443606,180.43478260869566
KA03AK3356,intellicar-KA03AK3356-2026-05-01_2026-06-01.csv,2026-05-07 21:12:56,2026-05-07 23:41:57,2.483611111111111,107863.8515625,92.0,65.0,27.0,56.90625,27.388297872340427,66.625,42.04609929078014,210.76388888888889
KA03AK3356,intellicar-KA03AK3356-2026-05-01_2026-06-01.csv,2026-05-07 23:42:27,2026-05-08 01:52:57,2.175,107921.0859375,66.0,48.0,18.0,36.5390625,27.625718390804597,82.75,40.8448275862069,202.99479166666666
KA03AK3356,intellicar-KA03AK3356-2026-05-01_2026-06-01.csv,2026-05-08 01:53:57,2026-05-08 03:05:27,1.1916666666666667,107957.859375,49.0,44.0,5.0,7.578125,22.4375,63.375,39.854166666666664,151.5625
KA03AK3356,intellicar-KA03AK3356-2026-05-01_2026-06-01.csv,2026-05-08 03:05:57,2026-05-08 04:26:28,1.3419444444444444,107965.6484375,45.0,37.0,8.0,14.578125,14.9251968503937,57.5,40.330708661417326,182.2265625
KA03AK3356,intellicar-KA03AK3356-2026-05-01_2026-06-01.csv,2026-05-08 17:14:03,2026-05-08 19:23:34,2.158611111111111,108064.8046875,96.0,76.0,20.0,37.4296875,20.511170212765958,89.0,42.85531914893617,187.1484375
KA03AK3356,intellicar-KA03AK3356-2026-05-01_2026-06-01.csv,2026-05-08 19:24:04,2026-05-08 21:34:04,2.1666666666666665,108102.3984375,77.0,60.0,17.0,24.46875,32.922872340425535,81.125,42.159574468085104,143.93382352941177
KA03AK3356,intellicar-KA03AK3356-2026-05-01_2026-06-01.csv,2026-05-08 21:34:04,2026-05-09 00:27:35,2.8919444444444444,108126.484375,61.0,26.0,35.0,61.828125,27.829225352112676,81.625,41.348591549295776,176.65178571428572
KA03AK3356,intellicar-KA03AK3356-2026-05-01_2026-06-01.csv,2026-05-09 09:38:39,2026-05-09 13:37:10,3.975277777777778,108282.03125,33.0,22.0,11.0,16.4375,11.865331491712707,65.25,43.07734806629834,149.4318181818182
KA03AK3356,intellicar-KA03AK3356-2026-05-01_2026-06-01.csv,2026-05-09 14:30:41,2026-05-09 18:16:12,3.758611111111111,108298.46875,81.0,58.0,23.0,36.796875,17.026690391459073,59.75,43.04982206405694,159.98641304347828
KA03AK3356,intellicar-KA03AK3356-2026-05-01_2026-06-01.csv,2026-05-09 18:16:12,2026-05-09 19:44:43,1.4752777777777777,108335.0859375,59.0,47.0,12.0,21.8203125,22.890398550724637,80.75,41.0,181.8359375
KA03AK3356,intellicar-KA03AK3356-2026-05-01_2026-06-01.csv,2026-05-10 05:22:15,2026-05-10 05:48:15,0.43333333333333335,108511.234375,19.0,13.0,6.0,11.453125,27.669811320754718,72.25,45.320754716981135,190.88541666666669
KA03AK3356,intellicar-KA03AK3356-2026-05-01_2026-06-01.csv,2026-05-10 06:50:46,2026-05-10 08:28:17,1.6252777777777778,108522.6875,82.0,62.0,20.0,25.7890625,18.520138888888887,82.0,44.92777777777778,128.9453125
KA03AL8074,intellicar-KA03AL8074-2026-05-01_2026-06-01.csv,2026-05-16 06:14:34,2026-05-16 09:39:05,3.408611111111111,98307.8984375,63.0,38.0,25.0,40.5078125,14.182333333333334,77.625,43.178666666666665,162.03125
KA03AL8074,intellicar-KA03AL8074-2026-05-01_2026-06-01.csv,2026-05-16 09:39:05,2026-05-16 12:25:36,2.7752777777777777,98348.109375,39.0,10.0,29.0,50.9765625,29.21677927927928,87.5,46.78378378378378,175.78125
KA03AL8074,intellicar-KA03AL8074-2026-05-01_2026-06-01.csv,2026-05-17 03:48:41,2026-05-17 05:11:11,1.375,98542.984375,18.0,11.0,7.0,8.1640625,12.676966292134832,69.75,40.78651685393258,116.62946428571428
KA03AL8074,intellicar-KA03AL8074-2026-05-01_2026-06-01.csv,2026-05-17 07:12:15,2026-05-17 07:48:42,0.6075,98551.1484375,92.0,81.0,11.0,14.578125,30.325396825396826,83.875,43.317460317460316,132.5284090909091
KA03AL8074,intellicar-KA03AL8074-2026-05-01_2026-06-01.csv,2026-05-17 07:48:42,2026-05-17 08:01:13,0.2086111111111111,98564.6640625,83.0,71.0,12.0,15.609375,63.50416666666667,85.25,45.2,130.078125
KA03AL8074,intellicar-KA03AL8074-2026-05-01_2026-06-01.csv,2026-05-17 08:01:43,2026-05-17 09:48:13,1.775,98580.8203125,72.0,45.0,27.0,38.9375,24.371495327102803,78.125,47.8411214953271,144.21296296296296
KA03AL8074,intellicar-KA03AL8074-2026-05-01_2026-06-01.csv,2026-05-18 03:08:18,2026-05-18 06:48:50,3.6755555555555555,98678.8125,98.0,49.0,49.0,72.8125,21.270880361173816,85.75,42.963882618510155,148.5969387755102
KA03AL8074,intellicar-KA03AL8074-2026-05-01_2026-06-01.csv,2026-05-19 04:57:57,2026-05-19 10:12:29,5.242222222222222,98840.8125,32.0,9.0,23.0,40.3203125,19.77,70.875,39.67636363636364,175.30570652173913
KA03AL8074,intellicar-KA03AL8074-2026-05-01_2026-06-01.csv,2026-05-19 11:33:29,2026-05-19 13:55:30,2.3669444444444445,98881.15625,55.0,42.0,13.0,18.6328125,21.78240740740741,88.25,41.46296296296296,143.3293269230769
KA03AL8074,intellicar-KA03AL8074-2026-05-01_2026-06-01.csv,2026-05-23 19:07:01,2026-05-23 22:19:32,3.2086111111111113,98917.8828125,80.0,58.0,22.0,47.046875,31.059974747474747,79.625,39.656565656565654,213.84943181818184
KA03AL8074,intellicar-KA03AL8074-2026-05-01_2026-06-01.csv,2026-05-23 22:20:02,2026-05-23 22:40:32,0.3416666666666667,98965.03125,59.0,52.0,7.0,14.828125,47.36734693877551,81.25,39.0,211.83035714285717
KA03AL8078,intellicar-KA03AL8078-2026-02-01_2026-04-01.csv,2026-02-01 00:00:00,2026-02-01 02:01:30,2.025,88923.5234375,90.0,69.0,21.0,41.6953125,22.738193018480494,62.125,34.23613963039014,198.54910714285714
KA03AL8078,intellicar-KA03AL8078-2026-02-01_2026-04-01.csv,2026-02-01 02:01:59,2026-02-01 02:59:00,0.9502777777777778,88965.34375,70.0,63.0,7.0,11.7734375,13.29094827586207,70.125,33.293103448275865,168.19196428571428
KA03AL8078,intellicar-KA03AL8078-2026-02-01_2026-04-01.csv,2026-02-01 03:16:29,2026-02-01 05:38:01,2.358888888888889,88984.65625,61.0,39.0,22.0,46.7890625,21.770833333333332,65.125,33.864583333333336,212.67755681818184
KA03AL8078,intellicar-KA03AL8078-2026-02-01_2026-04-01.csv,2026-02-01 23:07:05,2026-02-02 01:03:06,1.9336111111111112,89145.828125,95.0,79.0,16.0,33.96875,21.121376811594203,62.625,40.2512077294686,212.3046875
KA03AL8078,intellicar-KA03AL8078-2026-02-01_2026-04-01.csv,2026-02-02 01:23:37,2026-02-02 01:54:37,0.5166666666666667,89182.6875,78.0,73.0,5.0,8.8046875,17.888,42.75,37.056,176.09375
KA03AL8078,intellicar-KA03AL8078-2026-02-01_2026-04-01.csv,2026-02-02 01:55:06,2026-02-02 04:32:38,2.6255555555555556,89191.6640625,74.0,57.0,17.0,36.90625,16.05441640378549,52.625,35.36593059936909,217.09558823529412
KA03AL8078,intellicar-KA03AL8078-2026-02-01_2026-04-01.csv,2026-02-02 05:52:37,2026-02-02 08:30:40,2.6341666666666668,89228.5703125,100.0,86.0,14.0,28.9375,12.456591639871382,61.0,41.37942122186495,206.69642857142856
KA03AL8078,intellicar-KA03AL8078-2026-02-01_2026-04-01.csv,2026-02-02 08:31:08,2026-02-02 11:42:11,3.1841666666666666,89257.6875,87.0,68.0,19.0,40.5859375,15.071286472148541,53.125,43.352785145888596,213.61019736842107
KA03AL8078,intellicar-KA03AL8078-2026-02-01_2026-04-01.csv,2026-02-03 00:15:13,2026-02-03 00:52:44,0.6252777777777778,89325.8828125,88.0,82.0,6.0,10.8203125,19.66,47.125,33.0,180.33854166666669
KA03AL8078,intellicar-KA03AL8078-2026-02-01_2026-04-01.csv,2026-02-03 08:43:45,2026-02-03 09:40:47,0.9505555555555556,89417.9609375,93.0,87.0,6.0,11.90625,20.27848101265823,57.75,41.075949367088604,198.4375
KA03AL8078,intellicar-KA03AL8078-2026-02-01_2026-04-01.csv,2026-02-03 09:41:16,2026-02-03 11:54:50,2.226111111111111,89430.171875,88.0,76.0,12.0,25.2578125,13.530882352941177,54.375,42.34901960784314,210.48177083333334
KA03AL8078,intellicar-KA03AL8078-2026-02-01_2026-04-01.csv,2026-02-03 11:55:17,2026-02-03 14:10:20,2.2508333333333335,89455.6953125,77.0,56.0,21.0,31.171875,16.188080495356036,54.5,43.0,148.4375
KA03AL8078,intellicar-KA03AL8078-2026-02-01_2026-04-01.csv,2026-02-03 14:10:47,2026-02-03 16:00:50,1.8341666666666667,89487.0859375,57.0,51.0,6.0,8.9453125,14.611607142857142,49.5,42.13095238095238,149.08854166666669
KA03AL8078,intellicar-KA03AL8078-2026-02-01_2026-04-01.csv,2026-02-05 00:45:57,2026-02-05 01:39:58,0.9002777777777777,89655.359375,95.0,85.0,10.0,18.203125,22.271788990825687,55.75,40.39449541284404,182.03125
KA03AL8078,intellicar-KA03AL8078-2026-02-01_2026-04-01.csv,2026-02-05 01:40:27,2026-02-05 02:06:59,0.44222222222222224,89673.6171875,86.0,81.0,5.0,9.3125,25.10648148148148,58.0,38.611111111111114,186.25
KA03AL8078,intellicar-KA03AL8078-2026-02-01_2026-04-01.csv,2026-02-05 02:07:27,2026-02-05 03:51:30,1.7341666666666666,89683.21875,82.0,71.0,11.0,22.6328125,18.589080459770116,63.0,36.68390804597701,205.7528409090909
KA03AL8078,intellicar-KA03AL8078-2026-02-01_2026-04-01.csv,2026-02-05 04:04:28,2026-02-05 05:10:59,1.1086111111111112,89712.109375,70.0,54.0,16.0,35.9765625,38.958333333333336,80.875,36.58536585365854,224.853515625
KA03AL8078,intellicar-KA03AL8078-2026-02-01_2026-04-01.csv,2026-02-05 06:03:29,2026-02-05 09:30:31,3.4505555555555554,89748.0859375,92.0,63.0,29.0,53.1484375,19.93608757062147,69.5,44.0819209039548,183.27047413793102
KA03AL8078,intellicar-KA03AL8078-2026-02-01_2026-04-01.csv,2026-02-05 09:31:15,2026-02-05 11:37:53,2.1105555555555555,89801.4296875,64.0,53.0,11.0,19.0,13.694060773480663,56.0,45.0,172.72727272727272
KA03AL8078,intellicar-KA03AL8078-2026-02-01_2026-04-01.csv,2026-02-05 12:35:31,2026-02-05 13:55:36,1.3347222222222221,89820.4453125,95.0,89.0,6.0,9.8671875,8.744127516778523,56.25,40.53020134228188,164.453125
KA03AL8078,intellicar-KA03AL8078-2026-02-01_2026-04-01.csv,2026-02-05 13:56:13,2026-02-05 17:09:34,3.2225,89830.6328125,90.0,65.0,25.0,55.15625,19.645065789473684,69.25,39.67631578947368,220.62499999999997
KA03AL8078,intellicar-KA03AL8078-2026-02-01_2026-04-01.csv,2026-02-06 02:39:34,2026-02-06 04:48:37,2.1508333333333334,89907.1328125,93.0,81.0,12.0,26.7890625,14.329681274900398,56.75,36.44223107569721,223.2421875
KA03AL8078,intellicar-KA03AL8078-2026-02-01_2026-04-01.csv,2026-02-06 04:49:05,2026-02-06 06:37:37,1.808888888888889,89934.0,82.0,70.0,12.0,21.8984375,13.6026376146789,58.125,37.3394495412844,182.48697916666669
KA03AL8078,intellicar-KA03AL8078-2026-02-01_2026-04-01.csv,2026-02-06 06:38:06,2026-02-06 11:06:09,4.4675,89956.046875,71.0,40.0,31.0,56.046875,15.553037848605578,64.5,41.67131474103586,180.79637096774192
KA03AL8078,intellicar-KA03AL8078-2026-02-01_2026-04-01.csv,2026-02-07 02:29:42,2026-02-07 03:30:43,1.0169444444444444,90069.984375,89.0,77.0,12.0,26.5078125,28.437244897959182,82.5,34.08571428571429,220.8984375
KA03AL8078,intellicar-KA03AL8078-2026-02-01_2026-04-01.csv,2026-02-07 03:30:43,2026-02-07 05:50:15,2.3255555555555554,90095.9453125,78.0,60.0,18.0,44.265625,21.043449197860962,79.125,35.93048128342246,245.92013888888889
KA03AL8078,intellicar-KA03AL8078-2026-02-01_2026-04-01.csv,2026-02-07 07:07:44,2026-02-07 08:24:48,1.2844444444444445,90140.25,94.0,86.0,8.0,16.484375,14.267628205128204,59.25,42.14102564102564,206.0546875
KA03AL8078,intellicar-KA03AL8078-2026-02-01_2026-04-01.csv,2026-02-07 08:25:15,2026-02-07 09:39:47,1.2422222222222221,90157.0390625,87.0,79.0,8.0,15.4140625,13.716666666666667,53.125,43.58,192.67578125
KA03AL8078,intellicar-KA03AL8078-2026-02-01_2026-04-01.csv,2026-02-08 00:25:20,2026-02-08 02:12:52,1.7922222222222222,90237.765625,95.0,77.0,18.0,36.40625,24.14738805970149,76.375,39.39303482587065,202.25694444444446
KA03AL8078,intellicar-KA03AL8078-2026-02-01_2026-04-01.csv,2026-02-08 02:46:21,2026-02-08 03:49:22,1.0502777777777779,90274.171875,94.0,85.0,9.0,15.984375,16.580708661417322,47.75,38.803149606299215,177.60416666666669
KA03AL8078,intellicar-KA03AL8078-2026-02-01_2026-04-01.csv,2026-02-08 04:10:23,2026-02-08 05:20:53,1.175,90298.5625,83.0,72.0,11.0,21.609375,20.585247349823323,65.75,38.487632508833926,196.44886363636365
KA03AL8078,intellicar-KA03AL8078-2026-02-01_2026-04-01.csv,2026-02-08 05:21:22,2026-02-08 06:02:54,0.6922222222222222,90320.609375,73.0,59.0,14.0,30.8671875,49.194940476190474,83.875,39.773809523809526,220.47991071428572
KA03AL8078,intellicar-KA03AL8078-2026-02-01_2026-04-01.csv,2026-02-09 00:58:29,2026-02-09 03:26:01,2.4588888888888887,90445.2578125,94.0,72.0,22.0,50.0703125,22.812710437710436,63.5,40.484848484848484,227.59232954545453
KA03AL8078,intellicar-KA03AL8078-2026-02-01_2026-04-01.csv,2026-02-09 03:26:30,2026-02-09 04:13:30,0.7833333333333333,90495.453125,73.0,67.0,6.0,6.9375,9.574866310160427,51.375,38.0,115.625
KA03AL8078,intellicar-KA03AL8078-2026-02-01_2026-04-01.csv,2026-02-09 04:13:30,2026-02-09 06:10:32,1.9505555555555556,90502.359375,68.0,59.0,9.0,12.8671875,8.349878934624698,51.5,38.0,142.96875
KA03AL8078,intellicar-KA03AL8078-2026-02-01_2026-04-01.csv,2026-02-09 07:22:01,2026-02-09 12:14:05,4.8677777777777775,90515.2265625,96.0,60.0,36.0,74.640625,17.09608843537415,67.625,43.92006802721088,207.33506944444446
KA03AL8078,intellicar-KA03AL8078-2026-02-01_2026-04-01.csv,2026-02-10 01:51:37,2026-02-10 03:22:09,1.508888888888889,90627.59375,82.0,69.0,13.0,25.75,18.96771978021978,70.5,34.89010989010989,198.0769230769231
KA03AL8078,intellicar-KA03AL8078-2026-02-01_2026-04-01.csv,2026-02-10 03:22:37,2026-02-10 04:48:41,1.4344444444444444,90653.5703125,70.0,63.0,7.0,12.4609375,9.03757225433526,50.875,35.16184971098266,178.01339285714286
KA03AL8078,intellicar-KA03AL8078-2026-02-01_2026-04-01.csv,2026-02-10 05:37:08,2026-02-10 06:15:38,0.6416666666666667,90666.03125,96.0,91.0,5.0,7.6640625,12.578225806451613,57.875,41.0,153.28125
KA03AL8078,intellicar-KA03AL8078-2026-02-01_2026-04-01.csv,2026-02-11 06:07:18,2026-02-11 07:12:17,1.0830555555555557,90741.078125,95.0,87.0,8.0,14.5546875,13.203971119133573,54.0,38.43682310469314,181.93359375
KA03AL8078,intellicar-KA03AL8078-2026-02-01_2026-04-01.csv,2026-02-11 07:12:19,2026-02-11 11:56:20,4.733611111111111,90755.40625,88.0,45.0,43.0,75.625,18.56511839708561,76.125,41.35883424408014,175.87209302325581
KA03AL8078,intellicar-KA03AL8078-2026-02-01_2026-04-01.csv,2026-02-12 04:26:54,2026-02-12 09:17:57,4.850833333333333,90912.6875,95.0,60.0,35.0,61.390625,17.01904296875,78.25,39.751953125,175.4017857142857
KA03AL8078,intellicar-KA03AL8078-2026-02-01_2026-04-01.csv,2026-02-12 10:01:56,2026-02-12 13:48:30,3.776111111111111,90974.078125,95.0,69.0,26.0,44.53125,12.979580573951434,59.25,42.083885209713024,171.27403846153845
KA03AL8078,intellicar-KA03AL8078-2026-02-01_2026-04-01.csv,2026-02-13 01:15:31,2026-02-13 02:33:31,1.3,91057.296875,82.0,60.0,22.0,55.15625,46.673722044728436,77.0,34.48562300319489,250.71022727272728
KA03AL8078,intellicar-KA03AL8078-2026-02-01_2026-04-01.csv,2026-02-13 03:32:02,2026-02-13 05:50:35,2.3091666666666666,91115.3046875,95.0,73.0,22.0,42.109375,26.657582938388625,79.375,40.28909952606635,191.40625
KA03AL8078,intellicar-KA03AL8078-2026-02-01_2026-04-01.csv,2026-02-13 05:51:03,2026-02-13 07:35:05,1.7338888888888888,91157.578125,74.0,59.0,15.0,21.453125,13.317535545023697,55.0,42.81990521327014,143.02083333333334
KA03AL8078,intellicar-KA03AL8078-2026-02-01_2026-04-01.csv,2026-02-13 08:32:34,2026-02-13 13:31:38,4.984444444444445,91179.0390625,96.0,75.0,21.0,30.9609375,12.962848297213622,60.625,43.51393188854489,147.43303571428572
KA03AL8078,intellicar-KA03AL8078-2026-02-01_2026-04-01.csv,2026-02-14 03:52:10,2026-02-14 07:27:26,3.5877777777777777,91254.2421875,75.0,51.0,24.0,37.5546875,13.29188829787234,60.625,36.64627659574468,156.47786458333331
KA03AL8078,intellicar-KA03AL8078-2026-02-01_2026-04-01.csv,2026-02-14 08:44:42,2026-02-14 10:26:12,1.6916666666666667,91298.9609375,90.0,77.0,13.0,19.1015625,12.652777777777779,59.625,44.55050505050505,146.93509615384613
KA03AL8078,intellicar-KA03AL8078-2026-02-01_2026-04-01.csv,2026-02-14 10:26:42,2026-02-14 12:29:45,2.0508333333333333,91318.2421875,78.0,67.0,11.0,18.640625,12.672794117647058,46.375,46.568627450980394,169.46022727272728
KA03AL8078,intellicar-KA03AL8078-2026-02-01_2026-04-01.csv,2026-02-15 02:17:47,2026-02-15 07:30:50,5.2175,91366.5859375,81.0,39.0,42.0,75.1015625,18.307395644283122,64.75,37.82577132486389,178.81324404761904
KA03AL8078,intellicar-KA03AL8078-2026-02-01_2026-04-01.csv,2026-02-15 08:24:49,2026-02-15 09:50:43,1.4316666666666666,91441.6875,91.0,78.0,13.0,16.4140625,13.677941176470588,60.5,42.11764705882353,126.26201923076923
KA03AL8078,intellicar-KA03AL8078-2026-02-01_2026-04-01.csv,2026-02-17 00:01:01,2026-02-17 05:17:35,5.276111111111111,91475.65625,94.0,48.0,46.0,93.703125,19.40570866141732,69.0,35.91181102362205,203.70244565217394
KA03AL8078,intellicar-KA03AL8078-2026-02-01_2026-04-01.csv,2026-02-17 06:10:33,2026-02-17 09:41:06,3.5091666666666668,91569.359375,95.0,76.0,19.0,38.75,12.357185273159145,65.125,42.23040380047506,203.9473684210526
KA03AL8078,intellicar-KA03AL8078-2026-02-01_2026-04-01.csv,2026-02-17 09:41:34,2026-02-17 11:43:05,2.0252777777777777,91608.234375,77.0,64.0,13.0,28.03125,15.595511482254697,64.625,44.61586638830898,215.625
KA03AL8078,intellicar-KA03AL8078-2026-02-01_2026-04-01.csv,2026-02-18 00:24:38,2026-02-18 05:47:11,5.3758333333333335,91680.5859375,94.0,55.0,39.0,83.609375,18.198765432098764,75.75,37.13168724279836,214.38301282051282
KA03AL8078,intellicar-KA03AL8078-2026-02-01_2026-04-01.csv,2026-02-18 05:47:12,2026-02-18 07:05:48,1.31,91764.1328125,56.0,47.0,9.0,12.59375,10.85983606557377,60.5,38.514754098360655,139.93055555555557
KA03AL8078,intellicar-KA03AL8078-2026-02-01_2026-04-01.csv,2026-02-18 08:01:40,2026-02-18 12:30:44,4.484444444444445,91776.7265625,96.0,67.0,29.0,43.265625,11.032129455909944,62.625,43.58536585365854,149.1918103448276
KA03AL8078,intellicar-KA03AL8078-2026-02-01_2026-04-01.csv,2026-02-18 12:31:12,2026-02-18 15:01:15,2.5008333333333335,91820.1875,68.0,59.0,9.0,13.84375,6.302740863787376,45.875,44.24252491694352,153.81944444444443
KA03AL8078,intellicar-KA03AL8078-2026-02-01_2026-04-01.csv,2026-02-19 02:27:15,2026-02-19 02:46:46,0.3252777777777778,91874.84375,77.0,69.0,8.0,18.0234375,60.46141975308642,79.875,35.0,225.29296875
KA03AL8078,intellicar-KA03AL8078-2026-02-01_2026-04-01.csv,2026-02-19 03:56:46,2026-02-19 05:39:56,1.7194444444444446,91901.9921875,96.0,90.0,6.0,12.8671875,10.466176470588236,77.625,38.49411764705882,214.453125
KA03AL8078,intellicar-KA03AL8078-2026-02-01_2026-04-01.csv,2026-02-19 23:44:29,2026-02-20 01:36:29,1.8666666666666667,91973.6171875,95.0,78.0,17.0,39.359375,22.851614699331847,70.75,36.342984409799556,231.52573529411765
KA03AL8078,intellicar-KA03AL8078-2026-02-01_2026-04-01.csv,2026-02-20 01:36:30,2026-02-20 05:31:32,3.917222222222222,92012.7421875,79.0,49.0,30.0,52.03125,16.50056882821388,68.5,36.85551763367463,173.4375
KA03AL8078,intellicar-KA03AL8078-2026-02-01_2026-04-01.csv,2026-02-20 05:32:01,2026-02-20 06:24:02,0.8669444444444444,92065.09375,50.0,45.0,5.0,15.3046875,22.429347826086957,58.875,39.5,306.09375
KA03AL8078,intellicar-KA03AL8078-2026-02-01_2026-04-01.csv,2026-02-20 07:32:45,2026-02-20 10:11:48,2.6508333333333334,92080.421875,93.0,73.0,20.0,34.4921875,16.236355633802816,67.125,43.91197183098591,172.4609375
KA03AL8078,intellicar-KA03AL8078-2026-02-01_2026-04-01.csv,2026-02-20 10:55:08,2026-02-20 13:02:35,2.1241666666666665,92114.9140625,96.0,84.0,12.0,24.0859375,12.587693798449612,60.375,41.58527131782946,200.71614583333334
KA03AL8078,intellicar-KA03AL8078-2026-02-01_2026-04-01.csv,2026-02-20 13:03:03,2026-02-20 13:59:35,0.9422222222222222,92139.140625,85.0,79.0,6.0,7.828125,9.297149122807017,38.75,42.0,130.46875
KA03AL8078,intellicar-KA03AL8078-2026-02-01_2026-04-01.csv,2026-02-21 02:54:37,2026-02-21 03:21:09,0.44222222222222224,92197.5234375,75.0,70.0,5.0,8.15625,20.35185185185185,52.125,36.0,163.125
KA03AL8078,intellicar-KA03AL8078-2026-02-01_2026-04-01.csv,2026-02-21 03:21:37,2026-02-21 04:28:39,1.1172222222222221,92205.8046875,71.0,66.0,5.0,8.1953125,18.103515625,54.125,36.0,163.90625
KA03AL8078,intellicar-KA03AL8078-2026-02-01_2026-04-01.csv,2026-02-21 04:55:09,2026-02-21 05:49:39,0.9083333333333333,92220.9453125,64.0,59.0,5.0,11.1640625,17.011834319526628,58.375,37.16568047337278,223.28125
KA03AL8078,intellicar-KA03AL8078-2026-02-01_2026-04-01.csv,2026-02-21 06:18:38,2026-02-21 12:13:12,5.9094444444444445,92232.109375,90.0,55.0,35.0,61.640625,11.799859550561798,54.25,45.50140449438202,176.11607142857142
KA03AL8078,intellicar-KA03AL8078-2026-02-01_2026-04-01.csv,2026-02-22 01:06:14,2026-02-22 01:50:16,0.7338888888888889,92335.546875,76.0,64.0,12.0,31.7890625,47.91151685393258,81.75,36.52808988764045,264.90885416666663
KA03AL8078,intellicar-KA03AL8078-2026-02-01_2026-04-01.csv,2026-02-22 02:46:15,2026-02-22 06:04:47,3.3088888888888888,92367.3359375,96.0,66.0,30.0,72.4375,28.556818181818183,84.25,40.07624633431085,241.45833333333334
KA03AL8078,intellicar-KA03AL8078-2026-02-01_2026-04-01.csv,2026-02-22 06:52:16,2026-02-22 11:28:51,4.6097222222222225,92439.7734375,96.0,57.0,39.0,69.3828125,17.25382882882883,83.0,45.016216216216215,177.90464743589746
KA03AL8078,intellicar-KA03AL8078-2026-02-01_2026-04-01.csv,2026-02-22 11:29:18,2026-02-22 12:21:21,0.8675,92509.578125,58.0,50.0,8.0,13.7421875,22.403614457831324,73.375,48.0,171.77734375
KA03AL8078,intellicar-KA03AL8078-2026-02-01_2026-04-01.csv,2026-02-23 01:18:22,2026-02-23 03:05:54,1.7922222222222222,92567.125,78.0,64.0,14.0,29.8515625,19.102430555555557,63.0,36.0,213.22544642857144
KA03AL8078,intellicar-KA03AL8078-2026-02-01_2026-04-01.csv,2026-02-23 03:06:23,2026-02-23 06:17:27,3.1844444444444444,92597.234375,65.0,42.0,23.0,35.046875,12.348890339425587,61.75,37.31853785900783,152.37771739130434
KA03AL8078,intellicar-KA03AL8078-2026-02-01_2026-04-01.csv,2026-02-23 07:14:55,2026-02-23 10:27:28,3.2091666666666665,92632.28125,95.0,65.0,30.0,42.359375,15.003360215053764,57.125,44.31720430107527,141.19791666666666
KA03AL8078,intellicar-KA03AL8078-2026-02-01_2026-04-01.csv,2026-02-24 03:58:31,2026-02-24 04:17:33,0.31722222222222224,92733.9140625,69.0,62.0,7.0,15.6953125,56.169871794871796,84.0,37.23076923076923,224.21875
KA03AL8078,intellicar-KA03AL8078-2026-02-01_2026-04-01.csv,2026-02-24 04:19:31,2026-02-24 06:57:04,2.6258333333333335,92751.9609375,63.0,41.0,22.0,46.5234375,23.66884328358209,84.0,39.776119402985074,211.47017045454547
KA03AL8078,intellicar-KA03AL8078-2026-02-01_2026-04-01.csv,2026-02-24 07:45:33,2026-02-24 09:08:34,1.3836111111111111,92798.5234375,93.0,76.0,17.0,32.7578125,31.434139784946236,78.75,42.54480286738351,192.69301470588235
KA03AL8078,intellicar-KA03AL8078-2026-02-01_2026-04-01.csv,2026-02-24 09:08:35,2026-02-24 09:37:35,0.48333333333333334,92830.7734375,77.0,72.0,5.0,11.578125,25.088675213675213,78.875,44.52991452991453,231.56249999999997
KA03AL8078,intellicar-KA03AL8078-2026-02-01_2026-04-01.csv,2026-02-24 10:01:33,2026-02-24 11:41:06,1.6591666666666667,92842.3515625,93.0,85.0,8.0,8.1171875,6.698005698005698,80.875,43.458689458689456,101.46484375
KA03AL8078,intellicar-KA03AL8078-2026-02-01_2026-04-01.csv,2026-02-24 11:41:06,2026-02-24 11:51:06,0.16666666666666666,92849.8984375,86.0,81.0,5.0,9.640625,59.63125,78.625,44.875,192.8125
KA03AL8078,intellicar-KA03AL8078-2026-02-01_2026-04-01.csv,2026-02-25 03:17:38,2026-02-25 03:56:40,0.6505555555555556,92941.5859375,41.0,34.0,7.0,14.890625,25.235759493670887,83.5,38.0,212.72321428571428
KA03AL8078,intellicar-KA03AL8078-2026-02-01_2026-04-01.csv,2026-02-25 05:04:09,2026-02-25 07:10:39,2.1083333333333334,92960.1796875,85.0,72.0,13.0,27.875,14.68639053254438,84.75,43.0,214.4230769230769
KA03AL8078,intellicar-KA03AL8078-2026-02-01_2026-04-01.csv,2026-02-25 07:10:39,2026-02-25 09:14:13,2.0594444444444444,92988.390625,73.0,57.0,16.0,29.0234375,18.009237875288683,58.0,44.36258660508083,181.396484375
KA03AL8078,intellicar-KA03AL8078-2026-02-01_2026-04-01.csv,2026-02-26 02:17:15,2026-02-26 02:49:17,0.5338888888888889,93073.8203125,96.0,91.0,5.0,12.0390625,25.744230769230768,68.5,40.53846153846154,240.78125
KA03AL8078,intellicar-KA03AL8078-2026-02-01_2026-04-01.csv,2026-02-26 02:49:45,2026-02-26 03:26:47,0.6172222222222222,93085.9140625,92.0,85.0,7.0,14.171875,26.118333333333332,83.0,40.0,202.45535714285717
KA03AL8078,intellicar-KA03AL8078-2026-02-01_2026-04-01.csv,2026-02-26 03:27:16,2026-02-26 04:26:48,0.9922222222222222,93100.4375,86.0,81.0,5.0,9.6796875,16.946666666666665,59.375,40.0,193.59375
KA03AL8078,intellicar-KA03AL8078-2026-02-01_2026-04-01.csv,2026-02-26 04:27:16,2026-02-26 07:03:48,2.608888888888889,93110.1875,82.0,60.0,22.0,34.0546875,14.559817170111288,70.5,40.88553259141494,154.7940340909091
KA03AL8078,intellicar-KA03AL8078-2026-02-01_2026-04-01.csv,2026-02-26 07:03:49,2026-02-26 08:49:49,1.7666666666666666,93143.828125,61.0,43.0,18.0,28.703125,18.11536214953271,65.5,44.16588785046729,159.46180555555557
KA03AL8078,intellicar-KA03AL8078-2026-02-01_2026-04-01.csv,2026-02-27 01:25:52,2026-02-27 04:08:55,2.7175,93225.078125,96.0,79.0,17.0,39.1640625,18.933579335793358,81.125,39.125461254612546,230.37683823529412
KA03AL8078,intellicar-KA03AL8078-2026-02-01_2026-04-01.csv,2026-02-27 04:09:23,2026-02-27 05:14:55,1.0922222222222222,93264.3359375,80.0,74.0,6.0,13.5546875,14.504032258064516,68.625,39.145161290322584,225.91145833333334
KA03AL8078,intellicar-KA03AL8078-2026-02-01_2026-04-01.csv,2026-02-27 06:39:54,2026-02-27 09:13:56,2.567222222222222,93277.890625,96.0,74.0,22.0,29.3046875,14.386574074074074,64.75,45.49629629629629,133.203125
KA03AL8078,intellicar-KA03AL8078-2026-02-01_2026-04-01.csv,2026-02-27 09:52:25,2026-02-27 11:13:27,1.3505555555555555,93307.1953125,96.0,82.0,14.0,25.359375,20.835122699386503,66.75,41.98159509202454,181.13839285714286
KA03AL8078,intellicar-KA03AL8078-2026-02-01_2026-04-01.csv,2026-02-27 11:21:56,2026-02-27 13:00:57,1.6502777777777777,93334.328125,82.0,74.0,8.0,16.8515625,14.084651898734178,64.125,44.88607594936709,210.64453125
KA03AL8078,intellicar-KA03AL8078-2026-02-01_2026-04-01.csv,2026-02-28 03:01:30,2026-02-28 06:56:33,3.9175,93401.5546875,96.0,70.0,26.0,47.3125,15.399585308056873,71.25,43.45023696682465,181.97115384615387
KA03AL8078,intellicar-KA03AL8078-2026-02-01_2026-04-01.csv,2026-02-28 06:57:01,2026-02-28 07:21:03,0.40055555555555555,93449.25,71.0,66.0,5.0,10.828125,29.461734693877553,62.875,45.6530612244898,216.5625
KA03AL8078,intellicar-KA03AL8078-2026-02-01_2026-04-01.csv,2026-02-28 07:21:31,2026-02-28 09:45:04,2.3925,93460.4609375,67.0,38.0,29.0,52.9453125,24.897530329289427,84.5,46.70190641247834,182.57004310344826
KA03AL8078,intellicar-KA03AL8078-2026-02-01_2026-04-01.csv,2026-02-28 09:45:04,2026-02-28 10:20:04,0.5833333333333334,93512.9453125,39.0,30.0,9.0,14.734375,26.947695035460992,82.0,48.5886524822695,163.71527777777777
KA03AL8078,intellicar-KA03AL8078-2026-02-01_2026-04-01.csv,2026-02-28 11:39:03,2026-02-28 14:11:49,2.546111111111111,93527.71875,94.0,74.0,20.0,39.8828125,18.725260416666668,80.25,42.416666666666664,199.4140625
KA03AL8078,intellicar-KA03AL8078-2026-02-01_2026-04-01.csv,2026-03-01 01:22:37,2026-03-01 02:26:39,1.0672222222222223,93596.09375,96.0,87.0,9.0,19.8359375,22.5952868852459,62.125,42.18852459016394,220.39930555555554
KA03AL8078,intellicar-KA03AL8078-2026-02-01_2026-04-01.csv,2026-03-01 02:36:38,2026-03-01 06:06:41,3.5008333333333335,93619.7421875,86.0,62.0,24.0,52.3828125,17.57070707070707,66.125,41.09848484848485,218.26171875
KA03AL8078,intellicar-KA03AL8078-2026-02-01_2026-04-01.csv,2026-03-01 06:51:09,2026-03-01 08:23:11,1.5338888888888889,93672.125,94.0,79.0,15.0,28.125,20.21554054054054,80.5,42.72432432432432,187.5
KA03AL8078,intellicar-KA03AL8078-2026-02-01_2026-04-01.csv,2026-03-01 08:23:40,2026-03-01 13:29:13,5.0925,93700.5078125,80.0,49.0,31.0,64.3984375,21.134915865384617,79.375,45.90625,207.7368951612903
KA03AL8078,intellicar-KA03AL8078-2026-02-01_2026-04-01.csv,2026-03-02 00:53:45,2026-03-02 01:26:45,0.55,93782.9140625,88.0,80.0,8.0,13.5078125,27.775375939849624,57.125,37.42857142857143,168.84765625
KA03AL8078,intellicar-KA03AL8078-2026-02-01_2026-04-01.csv,2026-03-02 01:26:47,2026-03-02 04:03:17,2.6083333333333334,93796.3046875,81.0,63.0,18.0,39.109375,18.858842010771994,68.875,38.0,217.27430555555554
KA03AL8078,intellicar-KA03AL8078-2026-02-01_2026-04-01.csv,2026-03-02 04:03:46,2026-03-02 04:47:18,0.7255555555555555,93835.875,64.0,55.0,9.0,16.2578125,24.894886363636363,61.125,39.18181818181818,180.64236111111111
KA03AL8078,intellicar-KA03AL8078-2026-02-01_2026-04-01.csv,2026-03-02 05:17:46,2026-03-02 07:50:20,2.542777777777778,93852.1328125,63.0,32.0,31.0,62.6953125,27.29901960784314,83.625,43.72549019607843,202.2429435483871
KA03AL8078,intellicar-KA03AL8078-2026-02-01_2026-04-01.csv,2026-03-02 09:18:19,2026-03-02 10:13:49,0.925,93914.8515625,94.0,82.0,12.0,16.7734375,19.939732142857142,84.75,42.642857142857146,139.77864583333331
KA03AL8078,intellicar-KA03AL8078-2026-02-01_2026-04-01.csv,2026-03-04 07:04:34,2026-03-04 08:13:07,1.1425,94061.359375,63.0,53.0,10.0,16.6875,16.15036231884058,58.25,40.927536231884055,166.875
KA03AL8078,intellicar-KA03AL8078-2026-02-01_2026-04-01.csv,2026-03-04 08:55:05,2026-03-04 10:29:07,1.5672222222222223,94078.0625,94.0,83.0,11.0,19.40625,13.061507936507937,62.875,42.57142857142857,176.42045454545453
KA03AL8078,intellicar-KA03AL8078-2026-02-01_2026-04-01.csv,2026-03-05 00:49:09,2026-03-05 01:36:10,0.7836111111111111,94138.3671875,96.0,90.0,6.0,9.6796875,17.33783783783784,56.5,42.91891891891892,161.328125
KA03AL8078,intellicar-KA03AL8078-2026-02-01_2026-04-01.csv,2026-03-05 01:36:12,2026-03-05 02:11:11,0.5830555555555555,94147.8125,91.0,86.0,5.0,8.03125,11.752659574468085,55.75,42.0,160.625
KA03AL8078,intellicar-KA03AL8078-2026-02-01_2026-04-01.csv,2026-03-05 02:11:40,2026-03-05 03:47:55,1.6041666666666667,94156.140625,87.0,69.0,18.0,37.0078125,24.047820823244553,86.5,42.0,205.59895833333334
KA03AL8078,intellicar-KA03AL8078-2026-02-01_2026-04-01.csv,2026-03-05 03:48:10,2026-03-05 05:16:46,1.4766666666666666,94193.390625,70.0,58.0,12.0,22.171875,16.639830508474578,67.25,42.0,184.765625
KA03AL8078,intellicar-KA03AL8078-2026-02-01_2026-04-01.csv,2026-03-05 06:10:41,2026-03-05 09:12:14,3.0258333333333334,94215.578125,95.0,74.0,21.0,27.6484375,10.59240687679083,69.625,44.49856733524355,131.65922619047618
KA03AL8078,intellicar-KA03AL8078-2026-02-01_2026-04-01.csv,2026-03-05 09:12:42,2026-03-05 13:04:46,3.867777777777778,94243.3046875,75.0,37.0,38.0,65.71875,19.166983695652174,82.25,48.279347826086955,172.94407894736844
KA03AL8078,intellicar-KA03AL8078-2026-02-01_2026-04-01.csv,2026-03-05 13:59:14,2026-03-05 15:45:16,1.7672222222222222,94309.0234375,92.0,67.0,25.0,53.2578125,33.19380733944954,84.125,40.678899082568805,213.03125
KA03AL8078,intellicar-KA03AL8078-2026-02-01_2026-04-01.csv,2026-03-05 16:13:46,2026-03-05 17:09:17,0.9252777777777778,94372.890625,63.0,52.0,11.0,26.0859375,30.813058035714285,54.125,41.0,237.14488636363637
KA03AL8078,intellicar-KA03AL8078-2026-02-01_2026-04-01.csv,2026-03-06 08:36:49,2026-03-06 13:14:23,4.626111111111111,94432.1875,90.0,64.0,26.0,31.5546875,7.831345419847328,53.375,47.08969465648855,121.3641826923077
KA03AL8078,intellicar-KA03AL8078-2026-02-01_2026-04-01.csv,2026-03-06 13:45:21,2026-03-06 18:31:23,4.767222222222222,94463.7421875,81.0,52.0,29.0,50.953125,14.17263157894737,45.625,41.4821052631579,175.70043103448276
KA03AL8078,intellicar-KA03AL8078-2026-02-01_2026-04-01.csv,2026-03-07 10:19:27,2026-03-07 11:15:28,0.9336111111111111,94607.0546875,96.0,89.0,7.0,8.015625,9.581896551724139,50.375,42.029556650246306,114.50892857142858
KA03AL8078,intellicar-KA03AL8078-2026-02-01_2026-04-01.csv,2026-03-07 11:15:29,2026-03-07 13:27:30,2.200277777777778,94614.8984375,90.0,74.0,16.0,24.84375,12.183541266794625,56.125,44.96737044145873,155.2734375
KA03AL8078,intellicar-KA03AL8078-2026-02-01_2026-04-01.csv,2026-03-07 13:27:59,2026-03-07 16:28:02,3.0008333333333335,94639.9140625,75.0,54.0,21.0,34.75,13.821536144578314,58.75,45.825301204819276,165.47619047619045
KA03AL8078,intellicar-KA03AL8078-2026-02-01_2026-04-01.csv,2026-03-08 02:44:02,2026-03-08 04:31:04,1.7838888888888889,94709.78125,84.0,61.0,23.0,50.765625,33.764375,85.375,39.275,220.7201086956522
KA03AL8078,intellicar-KA03AL8078-2026-02-01_2026-04-01.csv,2026-03-08 05:03:03,2026-03-08 08:27:06,3.4008333333333334,94760.546875,92.0,52.0,40.0,74.4921875,26.877397260273973,84.125,45.93424657534246,186.23046875
KA03AL8078,intellicar-KA03AL8078-2026-02-01_2026-04-01.csv,2026-03-08 08:45:34,2026-03-08 10:53:37,2.1341666666666668,94835.0390625,68.0,45.0,23.0,53.0859375,31.904185022026432,79.25,44.76651982378855,230.80842391304347
KA03AL8078,intellicar-KA03AL8078-2026-02-01_2026-04-01.csv,2026-03-09 01:05:39,2026-03-09 03:41:12,2.5925,94955.2109375,85.0,55.0,30.0,60.9453125,25.593349358974358,85.5,42.24038461538461,203.15104166666669
KA03AL8078,intellicar-KA03AL8078-2026-02-01_2026-04-01.csv,2026-03-09 04:34:10,2026-03-09 07:04:43,2.5091666666666668,95016.15625,94.0,65.0,29.0,55.6328125,23.995847176079735,84.75,43.31893687707641,191.83728448275863
KA03AL8078,intellicar-KA03AL8078-2026-02-01_2026-04-01.csv,2026-03-10 01:13:47,2026-03-10 02:40:48,1.4502777777777778,95139.8046875,96.0,80.0,16.0,35.4921875,26.995,84.625,39.645714285714284,221.826171875
KA03AL8078,intellicar-KA03AL8078-2026-02-01_2026-04-01.csv,2026-03-10 02:41:17,2026-03-10 05:38:50,2.9591666666666665,95175.6171875,81.0,61.0,20.0,32.6484375,12.049226441631506,62.375,39.0,163.2421875
KA03AL8078,intellicar-KA03AL8078-2026-02-01_2026-04-01.csv,2026-03-10 06:46:18,2026-03-10 09:27:51,2.6925,95208.265625,93.0,78.0,15.0,13.484375,6.447064056939502,44.375,43.70106761565836,89.89583333333333
KA03AL8078,intellicar-KA03AL8078-2026-02-01_2026-04-01.csv,2026-03-11 01:39:25,2026-03-11 02:06:26,0.4502777777777778,95238.296875,87.0,81.0,6.0,11.1484375,26.279017857142858,65.625,36.0,185.80729166666669
KA03AL8078,intellicar-KA03AL8078-2026-02-01_2026-04-01.csv,2026-03-11 02:06:55,2026-03-11 02:16:27,0.15888888888888889,95249.8046875,82.0,77.0,5.0,9.75,66.74038461538461,83.25,36.23076923076923,195.0
KA03AL8078,intellicar-KA03AL8078-2026-02-01_2026-04-01.csv,2026-03-11 02:18:55,2026-03-11 03:00:27,0.6922222222222222,95261.921875,77.0,68.0,9.0,19.46875,30.245535714285715,85.5,37.0,216.31944444444446
KA03AL8078,intellicar-KA03AL8078-2026-02-01_2026-04-01.csv,2026-03-11 03:22:25,2026-03-11 04:59:28,1.6175,95281.3984375,91.0,71.0,20.0,39.4453125,29.99137931034483,86.75,41.0632183908046,197.2265625
KA03AL8078,intellicar-KA03AL8078-2026-02-01_2026-04-01.csv,2026-03-11 04:59:56,2026-03-11 05:31:40,0.5288888888888889,95320.9765625,72.0,66.0,6.0,7.765625,16.236538461538462,45.0,42.0,129.42708333333331
KA03AL8078,intellicar-KA03AL8078-2026-02-01_2026-04-01.csv,2026-03-11 05:49:58,2026-03-11 07:10:27,1.341388888888889,95331.953125,65.0,53.0,12.0,17.7421875,17.441231343283583,75.875,42.23134328358209,147.8515625
KA03AL8078,intellicar-KA03AL8078-2026-02-01_2026-04-01.csv,2026-03-11 08:04:27,2026-03-11 11:40:08,3.5947222222222224,95353.5078125,94.0,59.0,35.0,53.1875,16.154872389791183,63.5,46.11600928074246,151.9642857142857
KA03AL8078,intellicar-KA03AL8078-2026-02-01_2026-04-01.csv,2026-03-11 11:40:52,2026-03-11 12:33:38,0.8794444444444445,95406.8828125,60.0,51.0,9.0,13.296875,17.78683574879227,68.75,48.0,147.74305555555557
KA03AL8078,intellicar-KA03AL8078-2026-02-01_2026-04-01.csv,2026-03-11 12:34:06,2026-03-11 15:10:37,2.608611111111111,95420.5390625,52.0,36.0,16.0,24.4140625,12.754275653923541,60.125,47.11267605633803,152.587890625
KA03AL8078,intellicar-KA03AL8078-2026-02-01_2026-04-01.csv,2026-03-12 03:35:40,2026-03-12 04:48:42,1.2172222222222222,95458.8203125,91.0,73.0,18.0,36.0078125,32.25170068027211,83.625,37.46258503401361,200.04340277777777
KA03AL8078,intellicar-KA03AL8078-2026-02-01_2026-04-01.csv,2026-03-12 04:49:11,2026-03-12 05:16:13,0.45055555555555554,95495.0703125,74.0,67.0,7.0,14.3515625,33.877272727272725,83.5,40.18181818181818,205.02232142857144
KA03AL8078,intellicar-KA03AL8078-2026-02-01_2026-04-01.csv,2026-03-12 07:27:56,2026-03-12 11:30:45,4.046944444444445,95509.421875,96.0,49.0,47.0,84.6015625,23.00844421699079,83.5,46.88433981576254,180.0033244680851
KA03AL8078,intellicar-KA03AL8078-2026-02-01_2026-04-01.csv,2026-03-12 12:26:44,2026-03-12 16:50:18,4.392777777777778,95594.046875,95.0,69.0,26.0,41.890625,10.587791828793774,53.125,42.257782101167315,161.11778846153845
KA03AL8078,intellicar-KA03AL8078-2026-02-01_2026-04-01.csv,2026-03-13 01:32:20,2026-03-13 02:09:50,0.625,95661.421875,82.0,70.0,12.0,29.8828125,50.633278145695364,88.0,39.17218543046358,249.0234375
KA03AL8078,intellicar-KA03AL8078-2026-02-01_2026-04-01.csv,2026-03-13 03:10:49,2026-03-13 04:20:51,1.1672222222222222,95691.3125,96.0,80.0,16.0,31.6328125,29.291519434628974,87.125,42.293286219081274,197.705078125
KA03AL8078,intellicar-KA03AL8078-2026-02-01_2026-04-01.csv,2026-03-13 04:20:51,2026-03-13 06:27:52,2.1169444444444445,95722.6796875,81.0,65.0,16.0,22.8359375,12.737041036717063,54.75,45.107991360691145,142.724609375
KA03AL8078,intellicar-KA03AL8078-2026-02-01_2026-04-01.csv,2026-03-13 14:51:53,2026-03-13 15:35:25,0.7255555555555555,95786.2578125,63.0,56.0,7.0,15.8828125,23.005681818181817,62.75,45.67045454545455,226.89732142857144
KA03AL8078,intellicar-KA03AL8078-2026-02-01_2026-04-01.csv,2026-03-13 16:08:24,2026-03-13 18:34:57,2.4425,95802.1875,83.0,54.0,29.0,59.59375,26.940901360544217,83.5,41.23809523809524,205.4956896551724
KA03AL8078,intellicar-KA03AL8078-2026-02-01_2026-04-01.csv,2026-03-14 04:46:27,2026-03-14 09:40:01,4.892777777777778,95899.4609375,85.0,72.0,13.0,14.1953125,12.323529411764707,57.125,40.52287581699346,109.19471153846155
KA03AL8078,intellicar-KA03AL8078-2026-02-01_2026-04-01.csv,2026-03-15 00:20:33,2026-03-15 01:08:04,0.7919444444444445,95929.265625,85.0,68.0,17.0,40.109375,54.188802083333336,87.5,39.0,235.9375
KA03AL8078,intellicar-KA03AL8078-2026-02-01_2026-04-01.csv,2026-03-15 01:51:34,2026-03-15 06:32:35,4.683611111111111,95969.3984375,96.0,50.0,46.0,86.4609375,26.874411764705883,89.125,41.287058823529414,187.9585597826087
KA03AL8078,intellicar-KA03AL8078-2026-02-01_2026-04-01.csv,2026-03-15 06:32:37,2026-03-15 06:49:05,0.27444444444444444,96055.4375,51.0,43.0,8.0,16.40625,61.380514705882355,84.875,44.294117647058826,205.078125
KA03AL8078,intellicar-KA03AL8078-2026-02-01_2026-04-01.csv,2026-03-15 06:49:07,2026-03-15 07:02:36,0.2247222222222222,96071.28125,44.0,39.0,5.0,10.0703125,46.488839285714285,82.875,45.0,201.40625
KA03AL8078,intellicar-KA03AL8078-2026-02-01_2026-04-01.csv,2026-03-15 08:03:06,2026-03-15 09:32:08,1.4838888888888888,96083.25,91.0,68.0,23.0,42.1171875,30.798342541436465,86.0,43.4585635359116,183.11820652173913
KA03AL8078,intellicar-KA03AL8078-2026-02-01_2026-04-01.csv,2026-03-15 09:32:36,2026-03-15 11:14:39,1.7008333333333334,96125.7109375,69.0,58.0,11.0,12.921875,10.019396551724139,48.375,47.42528735632184,117.47159090909092
KA03AL8078,intellicar-KA03AL8078-2026-02-01_2026-04-01.csv,2026-03-15 12:15:07,2026-03-15 16:11:10,3.9341666666666666,96138.8203125,94.0,53.0,41.0,77.359375,20.508858267716537,80.0,43.80118110236221,188.6814024390244
KA03AL8078,intellicar-KA03AL8078-2026-02-01_2026-04-01.csv,2026-03-17 00:05:47,2026-03-17 01:50:48,1.7502777777777778,96222.859375,96.0,86.0,10.0,16.4765625,10.246428571428572,55.375,37.095238095238095,164.765625
KA03AL8078,intellicar-KA03AL8078-2026-02-01_2026-04-01.csv,2026-03-17 01:59:18,2026-03-17 02:26:19,0.4502777777777778,96243.515625,85.0,73.0,12.0,27.8359375,68.45227272727273,86.25,38.56363636363636,231.96614583333334
KA03AL8078,intellicar-KA03AL8078-2026-02-01_2026-04-01.csv,2026-03-17 03:59:48,2026-03-17 09:21:22,5.359444444444445,96279.8203125,100.0,57.0,43.0,67.359375,13.64609133126935,85.0,45.246130030959755,156.6497093023256
KA03AL8078,intellicar-KA03AL8078-2026-02-01_2026-04-01.csv,2026-03-18 03:33:55,2026-03-18 04:55:28,1.3591666666666666,96371.234375,80.0,59.0,21.0,47.2109375,38.238567073170735,85.375,37.59756097560975,224.8139880952381
KA03AL8078,intellicar-KA03AL8078-2026-02-01_2026-04-01.csv,2026-03-18 06:10:56,2026-03-18 09:37:59,3.450833333333333,96418.4453125,100.0,71.0,29.0,43.953125,13.944444444444445,86.625,42.85507246376812,151.5625
KA03AL8078,intellicar-KA03AL8078-2026-02-01_2026-04-01.csv,2026-03-18 09:38:27,2026-03-18 11:07:00,1.4758333333333333,96462.671875,72.0,58.0,14.0,19.3046875,13.967605633802817,67.875,46.64507042253521,137.890625
KA03AL8078,intellicar-KA03AL8078-2026-02-01_2026-04-01.csv,2026-03-18 11:21:00,2026-03-18 11:52:01,0.5169444444444444,96484.9921875,57.0,52.0,5.0,8.328125,16.900925925925925,51.25,47.0,166.5625
KA03AL8078,intellicar-KA03AL8078-2026-02-01_2026-04-01.csv,2026-03-18 12:36:29,2026-03-18 14:37:00,2.008611111111111,96493.3203125,93.0,77.0,16.0,23.1484375,12.867871690427698,55.25,39.413441955193484,144.677734375
KA03AL8078,intellicar-KA03AL8078-2026-02-01_2026-04-01.csv,2026-03-18 14:37:01,2026-03-18 15:17:00,0.6663888888888889,96516.2265625,78.0,64.0,14.0,26.0,42.13212025316456,71.125,36.72784810126582,185.71428571428572
KA03AL8078,intellicar-KA03AL8078-2026-02-01_2026-04-01.csv,2026-03-18 16:57:30,2026-03-18 18:25:32,1.4672222222222222,96544.609375,90.0,73.0,17.0,38.640625,29.74231843575419,83.125,34.88826815642458,227.29779411764704
KA03AL8078,intellicar-KA03AL8078-2026-02-01_2026-04-01.csv,2026-03-19 04:52:33,2026-03-19 09:47:07,4.9094444444444445,96604.0,96.0,45.0,51.0,90.2734375,21.56877240143369,87.625,41.91039426523297,177.00674019607843
KA03AL8078,intellicar-KA03AL8078-2026-02-01_2026-04-01.csv,2026-03-19 10:28:35,2026-03-19 12:09:37,1.683888888888889,96694.28125,87.0,64.0,23.0,42.8671875,27.55453431372549,86.125,42.38235294117647,186.37907608695653
KA03AL8078,intellicar-KA03AL8078-2026-02-01_2026-04-01.csv,2026-03-19 12:10:06,2026-03-19 12:45:38,0.5922222222222222,96737.3203125,65.0,59.0,6.0,8.7421875,16.28125,45.25,44.30555555555556,145.703125
KA03AL8078,intellicar-KA03AL8078-2026-02-01_2026-04-01.csv,2026-03-20 01:31:09,2026-03-20 01:54:40,0.39194444444444443,96790.875,79.0,74.0,5.0,12.375,33.8125,82.75,38.0,247.5
KA03AL8078,intellicar-KA03AL8078-2026-02-01_2026-04-01.csv,2026-03-20 03:11:40,2026-03-20 04:50:11,1.6419444444444444,96806.8984375,95.0,68.0,27.0,51.0390625,32.691508313539195,86.5,40.47030878859857,189.0335648148148
KA03AL8078,intellicar-KA03AL8078-2026-02-01_2026-04-01.csv,2026-03-20 05:34:39,2026-03-20 05:59:41,0.4172222222222222,96857.9453125,96.0,90.0,6.0,14.1328125,38.515306122448976,78.625,41.816326530612244,235.546875
KA03AL8078,intellicar-KA03AL8078-2026-02-01_2026-04-01.csv,2026-03-20 06:00:09,2026-03-20 07:04:11,1.0672222222222223,96872.3046875,91.0,86.0,5.0,6.3515625,6.413759689922481,56.875,42.0,127.03125
KA03AL8078,intellicar-KA03AL8078-2026-02-01_2026-04-01.csv,2026-03-20 07:04:40,2026-03-20 09:43:11,2.6419444444444444,96878.96875,87.0,61.0,26.0,44.875,19.296701112877585,83.125,44.451510333863276,172.59615384615387
KA03AL8078,intellicar-KA03AL8078-2026-02-01_2026-04-01.csv,2026-03-20 09:54:12,2026-03-20 11:33:13,1.6502777777777777,96934.046875,58.0,34.0,24.0,47.8515625,31.506297229219143,84.875,47.503778337531486,199.38151041666669
KA03AL8078,intellicar-KA03AL8078-2026-02-01_2026-04-01.csv,2026-03-21 02:28:44,2026-03-21 03:57:16,1.4755555555555555,97036.09375,93.0,74.0,19.0,47.2109375,35.100558659217874,87.75,41.96648044692738,248.4786184210526
KA03AL8078,intellicar-KA03AL8078-2026-02-01_2026-04-01.csv,2026-03-21 05:51:45,2026-03-21 08:23:48,2.5341666666666667,97089.21875,100.0,67.0,33.0,52.421875,23.192275747508305,86.0,44.70764119601329,158.85416666666669
KA03AL8078,intellicar-KA03AL8078-2026-02-01_2026-04-01.csv,2026-03-22 04:33:22,2026-03-22 05:49:24,1.2672222222222222,97219.328125,100.0,78.0,22.0,41.4765625,39.569244604316545,87.5,45.064748201438846,188.52982954545453
KA03AL8078,intellicar-KA03AL8078-2026-02-01_2026-04-01.csv,2026-03-22 06:25:22,2026-03-22 06:51:54,0.44222222222222224,97260.8046875,100.0,94.0,6.0,10.109375,25.84722222222222,57.125,41.0,168.48958333333331
KA03AL8078,intellicar-KA03AL8078-2026-02-01_2026-04-01.csv,2026-03-22 06:52:22,2026-03-22 09:51:25,2.984166666666667,97271.2421875,95.0,60.0,35.0,75.390625,27.42409470752089,70.375,44.8133704735376,215.40178571428572
KA03AL8078,intellicar-KA03AL8078-2026-02-01_2026-04-01.csv,2026-03-22 10:19:24,2026-03-22 12:11:26,1.8672222222222221,97346.6328125,90.0,66.0,24.0,52.625,32.65654761904762,81.125,45.11904761904762,219.27083333333334
KA03AL8078,intellicar-KA03AL8078-2026-02-01_2026-04-01.csv,2026-03-23 01:37:29,2026-03-23 02:51:00,1.2252777777777777,97426.1953125,88.0,72.0,16.0,38.9140625,34.21422558922559,84.75,39.38047138047138,243.212890625
KA03AL8078,intellicar-KA03AL8078-2026-02-01_2026-04-01.csv,2026-03-23 04:15:59,2026-03-23 06:15:32,1.9925,97465.125,87.0,59.0,28.0,50.078125,27.875,84.75,42.66945606694561,178.85044642857142
KA03AL8078,intellicar-KA03AL8078-2026-02-01_2026-04-01.csv,2026-03-23 07:29:02,2026-03-23 08:38:01,1.1497222222222223,97516.828125,94.0,82.0,12.0,13.8515625,13.515625,59.125,43.4375,115.4296875
KA03AL8078,intellicar-KA03AL8078-2026-02-01_2026-04-01.csv,2026-03-23 08:38:02,2026-03-23 10:19:04,1.683888888888889,97530.6328125,83.0,75.0,8.0,14.0390625,9.058805418719212,50.625,46.76600985221675,175.48828125
KA03AL8078,intellicar-KA03AL8078-2026-02-01_2026-04-01.csv,2026-03-24 03:17:06,2026-03-24 08:01:40,4.7427777777777775,97596.828125,100.0,65.0,35.0,59.0703125,17.19150641025641,85.75,43.73717948717949,168.77232142857144
KA03AL8078,intellicar-KA03AL8078-2026-02-01_2026-04-01.csv,2026-03-25 04:47:44,2026-03-25 05:14:46,0.45055555555555554,97747.390625,88.0,81.0,7.0,10.4609375,29.773936170212767,83.75,44.06382978723404,149.44196428571428
KA03AL8078,intellicar-KA03AL8078-2026-02-01_2026-04-01.csv,2026-03-25 05:15:14,2026-03-25 05:30:14,0.25,97758.09375,82.0,76.0,6.0,7.9453125,36.41525423728814,78.625,45.0,132.421875
KA03AL8078,intellicar-KA03AL8078-2026-02-01_2026-04-01.csv,2026-03-25 05:30:14,2026-03-25 07:52:47,2.3758333333333335,97766.4609375,77.0,43.0,34.0,55.53125,25.953590192644484,72.25,47.56392294220665,163.32720588235296
KA03AL8078,intellicar-KA03AL8078-2026-02-01_2026-04-01.csv,2026-03-26 03:30:21,2026-03-26 07:40:23,4.167222222222223,97911.296875,96.0,63.0,33.0,59.28125,15.65818363273453,78.25,43.82634730538922,179.6401515151515
KA03AL8078,intellicar-KA03AL8078-2026-02-01_2026-04-01.csv,2026-03-26 08:58:53,2026-03-26 13:59:57,5.017777777777778,97971.171875,100.0,65.0,35.0,43.75,9.818181818181818,76.5,47.436196830692246,125.0
KA03AL8078,intellicar-KA03AL8078-2026-02-01_2026-04-01.csv,2026-03-26 14:00:25,2026-03-26 15:58:57,1.9755555555555555,98015.140625,66.0,50.0,16.0,28.8203125,20.56149732620321,62.625,47.26737967914438,180.126953125
KA03AL8078,intellicar-KA03AL8078-2026-02-01_2026-04-01.csv,2026-03-27 04:07:59,2026-03-27 05:15:31,1.1255555555555556,98099.7890625,100.0,90.0,10.0,18.234375,19.583333333333332,73.125,41.77777777777778,182.34375
KA03AL8078,intellicar-KA03AL8078-2026-02-01_2026-04-01.csv,2026-03-27 05:36:29,2026-03-27 06:25:02,0.8091666666666667,98124.3828125,89.0,79.0,10.0,12.421875,19.210227272727273,65.375,44.64772727272727,124.21875
KA03AL8078,intellicar-KA03AL8078-2026-02-01_2026-04-01.csv,2026-03-27 06:30:00,2026-03-27 06:46:32,0.27555555555555555,98139.9453125,79.0,73.0,6.0,10.046875,39.150735294117645,73.375,46.85294117647059,167.44791666666669
KA03AL8078,intellicar-KA03AL8078-2026-02-01_2026-04-01.csv,2026-03-27 06:47:00,2026-03-27 09:27:32,2.6755555555555555,98150.4375,74.0,41.0,33.0,40.140625,16.772727272727273,78.25,47.65203761755486,121.63825757575756
KA03AL8078,intellicar-KA03AL8078-2026-02-01_2026-04-01.csv,2026-03-27 10:36:31,2026-03-27 12:30:04,1.8925,98190.578125,96.0,82.0,14.0,25.59375,14.485262008733624,49.75,45.213973799126634,182.8125
KA03AL8078,intellicar-KA03AL8078-2026-02-01_2026-04-01.csv,2026-03-27 12:40:02,2026-03-27 15:51:06,3.1844444444444444,98219.2890625,82.0,64.0,18.0,22.5,7.7808398950131235,60.625,47.91863517060367,125.0
KA03AL8078,intellicar-KA03AL8078-2026-02-01_2026-04-01.csv,2026-03-28 02:04:36,2026-03-28 04:05:39,2.0175,98277.28125,80.0,60.0,20.0,48.5625,31.622549019607842,80.25,39.77450980392157,242.8125
KA03AL8078,intellicar-KA03AL8078-2026-02-01_2026-04-01.csv,2026-03-28 04:52:39,2026-03-28 06:44:10,1.8586111111111112,98326.2421875,95.0,67.0,28.0,44.296875,26.808516483516485,84.125,44.213186813186816,158.203125
KA03AL8078,intellicar-KA03AL8078-2026-02-01_2026-04-01.csv,2026-03-28 06:44:38,2026-03-28 07:32:41,0.8008333333333333,98371.125,68.0,55.0,13.0,25.1796875,34.6796875,85.75,47.854166666666664,193.68990384615387
KA03AL8078,intellicar-KA03AL8078-2026-02-01_2026-04-01.csv,2026-03-28 08:07:38,2026-03-28 09:23:41,1.2675,98396.3046875,89.0,73.0,16.0,28.125,37.87247474747475,87.5,44.55555555555556,175.78125
KA03AL8078,intellicar-KA03AL8078-2026-02-01_2026-04-01.csv,2026-03-28 09:24:09,2026-03-28 10:55:11,1.5172222222222222,98424.7421875,74.0,57.0,17.0,25.6171875,18.14344262295082,74.625,48.12568306010929,150.68933823529412
KA03AL8078,intellicar-KA03AL8078-2026-02-01_2026-04-01.csv,2026-03-28 10:55:40,2026-03-28 11:30:41,0.5836111111111111,98450.5390625,58.0,52.0,6.0,10.75,20.142482517482517,57.625,49.0,179.16666666666669
KA03AL8078,intellicar-KA03AL8078-2026-02-01_2026-04-01.csv,2026-03-28 11:36:11,2026-03-28 12:06:40,0.5080555555555556,98463.15625,52.0,45.0,7.0,8.2890625,17.902083333333334,55.5,49.0,118.41517857142858
KA03AL8078,intellicar-KA03AL8078-2026-02-01_2026-04-01.csv,2026-03-29 00:07:45,2026-03-29 00:36:45,0.48333333333333334,98509.90625,81.0,70.0,11.0,23.34375,51.93055555555556,85.0,39.965811965811966,212.2159090909091
KA03AL8078,intellicar-KA03AL8078-2026-02-01_2026-04-01.csv,2026-03-29 00:37:14,2026-03-29 05:36:46,4.992222222222222,98533.640625,71.0,46.0,25.0,42.4453125,31.39887640449438,85.375,38.89325842696629,169.78125
KA03AL8078,intellicar-KA03AL8078-2026-02-01_2026-04-01.csv,2026-03-29 06:40:16,2026-03-29 07:30:18,0.8338888888888889,98576.0859375,96.0,88.0,8.0,12.6953125,16.59158415841584,79.625,43.76237623762376,158.69140625
KA03AL8078,intellicar-KA03AL8078-2026-02-01_2026-04-01.csv,2026-03-29 07:30:46,2026-03-29 10:10:19,2.6591666666666667,98589.0390625,89.0,62.0,27.0,46.2109375,19.383203125,84.375,47.228125,171.15162037037038
KA03AL8078,intellicar-KA03AL8078-2026-02-01_2026-04-01.csv,2026-03-29 10:10:47,2026-03-29 10:27:48,0.2836111111111111,98635.59375,63.0,58.0,5.0,7.84375,30.12847222222222,76.375,49.0,156.875
KA03AL8078,intellicar-KA03AL8078-2026-02-01_2026-04-01.csv,2026-03-29 11:37:18,2026-03-29 12:50:20,1.2172222222222222,98643.4375,100.0,81.0,19.0,36.6640625,36.06944444444444,83.375,42.67407407407408,192.96875
KA03AL8078,intellicar-KA03AL8078-2026-02-01_2026-04-01.csv,2026-03-30 01:20:21,2026-03-30 03:09:53,1.8255555555555556,98729.0546875,95.0,71.0,24.0,52.8984375,31.370805369127517,86.875,41.38255033557047,220.41015625
KA03AL8078,intellicar-KA03AL8078-2026-02-01_2026-04-01.csv,2026-03-30 03:10:22,2026-03-30 04:10:23,1.0002777777777778,98782.421875,72.0,67.0,5.0,6.7265625,18.24355670103093,73.375,42.0,134.53125
KA03AL8078,intellicar-KA03AL8078-2026-02-01_2026-04-01.csv,2026-03-30 04:10:24,2026-03-30 04:31:52,0.35777777777777775,98788.78125,68.0,57.0,11.0,20.84375,62.75892857142857,87.625,42.0,189.48863636363635
KA03AL8078,intellicar-KA03AL8078-2026-02-01_2026-04-01.csv,2026-03-30 06:19:53,2026-03-30 08:24:55,2.0838888888888887,98822.3828125,100.0,77.0,23.0,34.1640625,22.138636363636362,69.375,44.24545454545454,148.53940217391303
KA03AL8080,intellicar-KA03AL8080-2026-07-01_2026-07-31.csv,2026-07-16 16:28:36,2026-07-16 16:31:06,0.041666666666666664,86189.53125,93.0,88.0,5.0,8.2265625,28.0,51.0,38.857142857142854,164.53125
KA03AL8080,intellicar-KA03AL8080-2026-07-01_2026-07-31.csv,2026-07-18 03:10:16,2026-07-18 06:20:47,3.1752777777777776,86410.375,73.0,40.0,33.0,61.5,27.76625,87.875,39.13666666666666,186.36363636363635
KA03AL8080,intellicar-KA03AL8080-2026-07-01_2026-07-31.csv,2026-07-18 06:20:47,2026-07-18 09:57:48,3.6169444444444445,86471.6015625,41.0,26.0,15.0,23.609375,19.41060606060606,78.375,40.587878787878786,157.39583333333334
KA03AL8080,intellicar-KA03AL8080-2026-07-01_2026-07-31.csv,2026-07-18 13:04:19,2026-07-18 16:58:51,3.908888888888889,86501.8203125,99.0,81.0,18.0,40.7109375,35.52922077922078,74.5,39.0974025974026,226.171875
KA03AL8080,intellicar-KA03AL8080-2026-07-01_2026-07-31.csv,2026-07-18 16:59:21,2026-07-18 19:12:21,2.216666666666667,86542.8203125,82.0,58.0,24.0,57.8125,35.263824884792626,76.625,38.76036866359447,240.88541666666666
KA03AL8080,intellicar-KA03AL8080-2026-07-01_2026-07-31.csv,2026-07-18 19:18:51,2026-07-18 20:40:52,1.3669444444444445,86605.984375,57.0,45.0,12.0,22.765625,21.73818407960199,65.375,37.223880597014926,189.71354166666669
KA03AL8080,intellicar-KA03AL8080-2026-07-01_2026-07-31.csv,2026-07-18 21:19:22,2026-07-19 00:03:22,2.7333333333333334,86628.765625,91.0,70.0,21.0,46.28125,22.862841945288753,66.875,41.12765957446808,220.38690476190476
KA03AL8080,intellicar-KA03AL8080-2026-07-01_2026-07-31.csv,2026-07-19 00:03:52,2026-07-19 00:35:52,0.5333333333333333,86675.265625,71.0,61.0,10.0,17.8828125,37.625,79.875,39.0,178.828125
KA03AL8080,intellicar-KA03AL8080-2026-07-01_2026-07-31.csv,2026-07-19 00:36:22,2026-07-19 00:48:52,0.20833333333333334,86693.6171875,62.0,57.0,5.0,12.046875,62.5625,79.375,38.5,240.93749999999997
KA03AL8080,intellicar-KA03AL8080-2026-07-01_2026-07-31.csv,2026-07-19 01:05:52,2026-07-19 03:03:23,1.958611111111111,86711.53125,55.0,50.0,5.0,11.5703125,23.209016393442624,79.875,37.34426229508197,231.40625
KA03AL8080,intellicar-KA03AL8080-2026-07-01_2026-07-31.csv,2026-07-19 12:32:55,2026-07-19 15:57:57,3.417222222222222,86748.2734375,82.0,71.0,11.0,21.3515625,24.844017094017094,69.625,41.1965811965812,194.10511363636365
KA03AL8080,intellicar-KA03AL8080-2026-07-01_2026-07-31.csv,2026-07-19 17:07:57,2026-07-19 18:47:58,1.6669444444444443,86769.625,100.0,85.0,15.0,30.4921875,38.83052884615385,78.125,41.24038461538461,203.28125
KA03AL8080,intellicar-KA03AL8080-2026-07-01_2026-07-31.csv,2026-07-19 18:48:28,2026-07-19 19:57:58,1.1583333333333334,86800.640625,86.0,71.0,15.0,32.1875,31.291058394160583,67.5,40.167883211678834,214.58333333333334
KA03AL8080,intellicar-KA03AL8080-2026-07-01_2026-07-31.csv,2026-07-19 19:58:28,2026-07-19 22:18:59,2.3419444444444446,86833.171875,72.0,35.0,37.0,78.546875,40.81521739130435,70.5,38.70750988142292,212.28885135135135
KA03AL8080,intellicar-KA03AL8080-2026-07-01_2026-07-31.csv,2026-07-20 11:59:02,2026-07-20 13:03:32,1.075,86966.5625,69.0,60.0,9.0,12.078125,25.44047619047619,87.625,43.96825396825397,134.20138888888889
KA03AL8080,intellicar-KA03AL8080-2026-07-01_2026-07-31.csv,2026-07-20 13:29:03,2026-07-20 15:44:03,2.25,86978.640625,85.0,60.0,25.0,46.6015625,24.688247011952193,89.0,41.52988047808765,186.40625
KA03AL8080,intellicar-KA03AL8080-2026-07-01_2026-07-31.csv,2026-07-20 15:44:33,2026-07-20 18:23:34,2.6502777777777777,87025.4765625,61.0,35.0,26.0,46.4296875,19.463557993730408,81.625,41.06269592476489,178.57572115384613
KA03AL8080,intellicar-KA03AL8080-2026-07-01_2026-07-31.csv,2026-07-20 21:59:05,2026-07-20 22:38:05,0.65,87071.90625,96.0,77.0,19.0,28.6328125,48.91477272727273,86.25,39.05681818181818,150.69901315789474
KA03AL8080,intellicar-KA03AL8080-2026-07-01_2026-07-31.csv,2026-07-20 22:38:35,2026-07-21 02:56:06,4.291944444444445,87100.6953125,78.0,64.0,14.0,20.4375,8.59201388888889,87.875,38.90873015873016,145.98214285714286
KA03AL8080,intellicar-KA03AL8080-2026-07-01_2026-07-31.csv,2026-07-21 02:56:36,2026-07-21 04:30:07,1.5586111111111112,87121.59375,65.0,42.0,23.0,45.671875,32.95222513089005,89.375,38.04188481675393,198.57336956521738
KA03AL8080,intellicar-KA03AL8080-2026-07-01_2026-07-31.csv,2026-07-21 04:30:37,2026-07-21 05:40:07,1.1583333333333334,87167.359375,43.0,34.0,9.0,12.9375,13.505122950819672,48.125,40.36065573770492,143.75
KA03AL8080,intellicar-KA03AL8080-2026-07-01_2026-07-31.csv,2026-07-21 07:04:08,2026-07-21 08:50:08,1.7666666666666666,87185.25,89.0,57.0,32.0,58.0703125,37.36543062200957,90.875,43.44497607655502,181.4697265625
KA03AL8080,intellicar-KA03AL8080-2026-07-01_2026-07-31.csv,2026-07-21 09:36:39,2026-07-21 14:44:10,5.125277777777778,87250.125,62.0,0.0,62.0,63.8046875,22.045723684210525,92.125,44.84473684210526,102.91078629032258
KA03AL8080,intellicar-KA03AL8080-2026-07-01_2026-07-31.csv,2026-07-21 15:26:40,2026-07-21 18:02:11,2.5919444444444446,87313.9609375,100.0,70.0,30.0,52.2734375,22.698248407643312,80.0,40.72292993630573,174.24479166666666
KA03AL8080,intellicar-KA03AL8080-2026-07-01_2026-07-31.csv,2026-07-21 18:02:41,2026-07-21 21:09:42,3.1169444444444445,87366.46875,71.0,30.0,41.0,74.84375,31.07108626198083,89.0,40.45047923322684,182.54573170731706
KA03AL8080,intellicar-KA03AL8080-2026-07-01_2026-07-31.csv,2026-07-21 21:10:12,2026-07-21 21:33:42,0.39166666666666666,87441.71875,31.0,26.0,5.0,6.921875,19.158854166666668,67.625,41.125,138.4375
KA03AL8080,intellicar-KA03AL8080-2026-07-01_2026-07-31.csv,2026-07-22 02:01:13,2026-07-22 06:22:14,4.3502777777777775,87448.734375,97.0,55.0,42.0,74.171875,18.70544315992293,87.75,38.94219653179191,176.59970238095238
KA03AL8080,intellicar-KA03AL8080-2026-07-01_2026-07-31.csv,2026-07-22 06:22:44,2026-07-22 06:54:14,0.525,87523.1875,56.0,43.0,13.0,20.4140625,43.0703125,87.875,42.234375,157.03125
KA03AL8080,intellicar-KA03AL8080-2026-07-01_2026-07-31.csv,2026-07-22 06:54:44,2026-07-22 07:11:44,0.2833333333333333,87544.1796875,44.0,39.0,5.0,8.765625,37.36029411764706,85.25,43.26470588235294,175.3125
KA03AL8080,intellicar-KA03AL8080-2026-07-01_2026-07-31.csv,2026-07-22 08:57:15,2026-07-22 12:03:46,3.108611111111111,87552.9609375,100.0,70.0,30.0,55.1328125,32.40993449781659,86.75,41.45851528384279,183.77604166666666
KA03AL8080,intellicar-KA03AL8080-2026-07-01_2026-07-31.csv,2026-07-23 04:52:21,2026-07-23 08:49:52,3.9586111111111113,87675.0,96.0,84.0,12.0,16.4140625,11.49423076923077,79.625,42.292307692307695,136.78385416666669
KA03AL8080,intellicar-KA03AL8080-2026-07-01_2026-07-31.csv,2026-07-24 04:32:28,2026-07-24 10:22:30,5.833888888888889,87789.390625,100.0,0.0,100.0,83.1171875,20.326940433212997,89.375,40.80324909747292,83.1171875
KA03AL8080,intellicar-KA03AL8080-2026-07-01_2026-07-31.csv,2026-07-24 10:22:30,2026-07-24 12:33:31,2.183611111111111,87872.5078125,53.0,37.0,16.0,19.3671875,10.132085020242915,69.875,43.044534412955464,121.044921875
KA03AL8080,intellicar-KA03AL8080-2026-07-01_2026-07-31.csv,2026-07-25 23:09:11,2026-07-25 23:20:11,0.18333333333333332,88062.078125,35.0,30.0,5.0,8.6796875,50.16304347826087,68.625,39.21739130434783,173.59375
KA03AL8080,intellicar-KA03AL8080-2026-07-01_2026-07-31.csv,2026-07-26 03:31:42,2026-07-26 04:30:12,0.975,88079.9296875,100.0,85.0,15.0,29.53125,32.54849137931034,83.0,38.80172413793103,196.875
KA03AL8080,intellicar-KA03AL8080-2026-07-01_2026-07-31.csv,2026-07-26 04:48:12,2026-07-26 05:28:13,0.6669444444444445,88115.90625,83.0,77.0,6.0,10.4375,17.625,59.625,40.0,173.95833333333331
KA03AL8080,intellicar-KA03AL8080-2026-07-01_2026-07-31.csv,2026-07-26 05:42:13,2026-07-26 09:59:14,4.283611111111111,88135.9375,75.0,38.0,37.0,75.25,21.646655701754387,79.375,41.81578947368421,203.3783783783784
KA03AL8080,intellicar-KA03AL8080-2026-07-01_2026-07-31.csv,2026-07-26 09:59:44,2026-07-26 10:51:44,0.8666666666666667,88211.34375,39.0,32.0,7.0,11.078125,13.869791666666666,49.125,43.3125,158.25892857142858
KA03AL8080,intellicar-KA03AL8080-2026-07-01_2026-07-31.csv,2026-07-26 18:21:47,2026-07-26 22:51:48,4.500277777777778,88222.421875,100.0,53.0,47.0,87.03125,22.14479961832061,85.0,38.408396946564885,185.17287234042556
KA03AL8080,intellicar-KA03AL8080-2026-07-01_2026-07-31.csv,2026-07-26 22:52:18,2026-07-27 00:01:48,1.1583333333333334,88310.0078125,54.0,30.0,24.0,47.8984375,45.65714285714286,89.625,38.31428571428572,199.57682291666669
KA03AL8080,intellicar-KA03AL8080-2026-07-01_2026-07-31.csv,2026-07-27 03:33:49,2026-07-27 07:28:20,3.908611111111111,88365.5703125,100.0,61.0,39.0,64.203125,24.178466076696164,88.25,41.23598820058997,164.62339743589746
KA03AL8080,intellicar-KA03AL8080-2026-07-01_2026-07-31.csv,2026-07-27 07:28:50,2026-07-27 08:53:20,1.4083333333333334,88430.09375,62.0,50.0,12.0,20.0546875,16.83653846153846,80.5,42.21153846153846,167.12239583333331
KA03AL8080,intellicar-KA03AL8080-2026-07-01_2026-07-31.csv,2026-07-27 08:53:50,2026-07-27 11:44:21,2.8419444444444446,88450.390625,51.0,27.0,24.0,38.7421875,14.355962643678161,76.5,44.35632183908046,161.42578125
KA03AL8080,intellicar-KA03AL8080-2026-07-01_2026-07-31.csv,2026-07-27 12:56:52,2026-07-27 15:07:53,2.183611111111111,88489.140625,87.0,68.0,19.0,31.6015625,15.81766917293233,70.5,41.8984962406015,166.32401315789474
KA03AL8080,intellicar-KA03AL8080-2026-07-01_2026-07-31.csv,2026-07-27 15:08:53,2026-07-27 18:18:54,3.1669444444444443,88521.2109375,69.0,53.0,16.0,21.5078125,17.552395209580837,64.25,41.035928143712574,134.423828125
KA03AL8080,intellicar-KA03AL8080-2026-07-01_2026-07-31.csv,2026-07-27 18:19:24,2026-07-27 18:56:24,0.6166666666666667,88542.796875,54.0,47.0,7.0,9.5546875,21.650462962962962,88.0,39.0,136.49553571428572
KA03AL8080,intellicar-KA03AL8080-2026-07-01_2026-07-31.csv,2026-07-28 17:45:01,2026-07-28 20:21:31,2.6083333333333334,88620.203125,58.0,24.0,34.0,56.515625,25.85856401384083,77.0,39.88235294117647,166.22242647058823
KA03AL8080,intellicar-KA03AL8080-2026-07-01_2026-07-31.csv,2026-07-28 22:24:02,2026-07-29 03:06:33,4.708611111111111,88676.71875,100.0,70.0,30.0,50.7265625,14.797259507829978,88.5,38.038031319910516,169.08854166666666
KA03AL8080,intellicar-KA03AL8080-2026-07-01_2026-07-31.csv,2026-07-29 03:07:03,2026-07-29 04:32:33,1.425,88728.0703125,71.0,58.0,13.0,19.46875,22.79605263157895,89.875,39.93859649122807,149.7596153846154
KA03AL8080,intellicar-KA03AL8080-2026-07-01_2026-07-31.csv,2026-07-29 05:29:34,2026-07-29 07:42:04,2.2083333333333335,88747.5390625,100.0,72.0,28.0,48.15625,23.904962546816478,88.375,41.61048689138577,171.98660714285714
KA03AL8080,intellicar-KA03AL8080-2026-07-01_2026-07-31.csv,2026-07-29 07:42:34,2026-07-29 08:30:05,0.7919444444444445,88795.9921875,73.0,63.0,10.0,16.5390625,23.212239583333332,77.25,45.0,165.390625
KA03AL8080,intellicar-KA03AL8080-2026-07-01_2026-07-31.csv,2026-07-29 08:30:35,2026-07-29 08:57:05,0.44166666666666665,88812.75,64.0,57.0,7.0,10.2421875,24.183333333333334,73.125,45.0,146.31696428571428
KA03AL8080,intellicar-KA03AL8080-2026-07-01_2026-07-31.csv,2026-07-30 04:10:10,2026-07-30 06:43:41,2.558611111111111,88840.390625,100.0,92.0,8.0,13.3515625,10.79985119047619,44.0,37.279761904761905,166.89453125
KA03AL8081,intellicar-KA03AL8081-2026-06-01_2026-08-01.csv,2026-06-01 02:24:59,2026-06-01 04:39:30,2.2419444444444445,122697.234375,89.0,72.0,17.0,33.796875,16.603021978021978,68.75,39.73992673992674,198.80514705882354
KA03AL8081,intellicar-KA03AL8081-2026-06-01_2026-08-01.csv,2026-06-01 04:39:30,2026-06-01 05:40:30,1.0166666666666666,122730.9140625,73.0,58.0,15.0,34.8515625,36.27579365079365,88.25,41.82539682539682,232.34374999999997
KA03AL8081,intellicar-KA03AL8081-2026-06-01_2026-08-01.csv,2026-06-01 06:45:30,2026-06-01 10:05:01,3.325277777777778,122765.765625,95.0,64.0,31.0,63.234375,20.890113350125944,88.75,44.0176322418136,203.9818548387097
KA03AL8081,intellicar-KA03AL8081-2026-06-01_2026-08-01.csv,2026-06-01 13:05:32,2026-06-01 15:19:33,2.233611111111111,122842.5234375,76.0,59.0,17.0,31.3046875,15.190391459074734,64.375,45.0,184.1452205882353
KA03AL8081,intellicar-KA03AL8081-2026-06-01_2026-08-01.csv,2026-06-02 02:25:06,2026-06-02 03:34:36,1.1583333333333334,122902.078125,90.0,83.0,7.0,11.0,11.511853448275861,77.0,43.12931034482759,157.14285714285714
KA03AL8081,intellicar-KA03AL8081-2026-06-01_2026-08-01.csv,2026-06-02 03:35:06,2026-06-02 07:48:08,4.217222222222222,122913.4140625,84.0,50.0,34.0,57.1796875,14.883009708737864,65.5,44.73009708737864,168.17555147058823
KA03AL8081,intellicar-KA03AL8081-2026-06-01_2026-08-01.csv,2026-06-02 07:48:08,2026-06-02 10:52:09,3.0669444444444443,122970.4296875,51.0,16.0,35.0,72.0546875,27.456284153005466,84.125,47.58469945355191,205.87053571428572
KA03AL8081,intellicar-KA03AL8081-2026-06-01_2026-08-01.csv,2026-06-03 02:21:13,2026-06-03 05:28:44,3.125277777777778,123110.421875,95.0,81.0,14.0,26.6171875,10.16281512605042,58.5,39.66386554621849,190.12276785714286
KA03AL8081,intellicar-KA03AL8081-2026-06-01_2026-08-01.csv,2026-06-03 05:29:14,2026-06-03 06:44:44,1.2583333333333333,123137.375,82.0,71.0,11.0,17.5859375,15.911525974025974,56.5,41.63636363636363,159.8721590909091
KA03AL8081,intellicar-KA03AL8081-2026-06-01_2026-08-01.csv,2026-06-03 07:06:44,2026-06-03 08:58:45,1.8669444444444445,123160.625,69.0,58.0,11.0,15.5625,11.698356807511738,57.5,42.85446009389671,141.47727272727272
KA03AL8081,intellicar-KA03AL8081-2026-06-01_2026-08-01.csv,2026-06-03 10:35:45,2026-06-03 12:39:16,2.058611111111111,123176.1875,94.0,87.0,7.0,12.2890625,6.842369477911647,58.5,41.0,175.55803571428572
KA03AL8081,intellicar-KA03AL8081-2026-06-01_2026-08-01.csv,2026-06-03 12:45:46,2026-06-03 15:12:17,2.4419444444444443,123191.5859375,87.0,72.0,15.0,25.9921875,11.815878378378379,57.625,41.557432432432435,173.28125
KA03AL8081,intellicar-KA03AL8081-2026-06-01_2026-08-01.csv,2026-06-04 02:42:49,2026-06-04 08:01:21,5.308888888888889,123251.8515625,94.0,43.0,51.0,92.5546875,19.697185970636216,87.375,41.34747145187602,181.4797794117647
KA03AL8081,intellicar-KA03AL8081-2026-06-01_2026-08-01.csv,2026-06-04 09:14:51,2026-06-04 13:57:27,4.71,123344.5234375,94.0,66.0,28.0,53.3515625,13.160386029411764,83.875,44.1985294117647,190.54129464285714
KA03AL8081,intellicar-KA03AL8081-2026-06-01_2026-08-01.csv,2026-06-04 14:22:24,2026-06-04 15:14:54,0.875,123401.859375,64.0,50.0,14.0,25.046875,31.39740566037736,88.75,44.85849056603774,178.90625
KA03AL8081,intellicar-KA03AL8081-2026-06-01_2026-08-01.csv,2026-06-04 15:51:54,2026-06-04 16:44:55,0.8836111111111111,123435.09375,72.0,57.0,15.0,24.984375,31.108644859813083,87.0,43.03738317757009,166.5625
KA03AL8081,intellicar-KA03AL8081-2026-06-01_2026-08-01.csv,2026-06-04 16:58:25,2026-06-04 18:14:25,1.2666666666666666,123466.4765625,56.0,45.0,11.0,22.4921875,21.798214285714284,58.25,41.94285714285714,204.47443181818184
KA03AL8081,intellicar-KA03AL8081-2026-06-01_2026-08-01.csv,2026-06-05 02:14:56,2026-06-05 03:19:27,1.0752777777777778,123504.5078125,94.0,89.0,5.0,10.375,14.29125,52.0,42.22,207.50000000000003
KA03AL8081,intellicar-KA03AL8081-2026-06-01_2026-08-01.csv,2026-06-05 03:33:27,2026-06-05 05:03:27,1.5,123522.7734375,87.0,68.0,19.0,42.234375,30.73497267759563,87.25,41.78142076502732,222.28618421052633
KA03AL8081,intellicar-KA03AL8081-2026-06-01_2026-08-01.csv,2026-06-05 05:03:57,2026-06-05 08:08:29,3.0755555555555554,123565.5546875,69.0,46.0,23.0,46.21875,17.037219101123597,78.25,42.05898876404494,200.95108695652172
KA03AL8081,intellicar-KA03AL8081-2026-06-01_2026-08-01.csv,2026-06-05 09:14:59,2026-06-05 12:15:00,3.000277777777778,123611.7734375,95.0,73.0,22.0,38.7890625,16.340384615384615,63.75,42.63384615384616,176.31392045454547
KA03AL8081,intellicar-KA03AL8081-2026-06-01_2026-08-01.csv,2026-06-05 12:15:00,2026-06-05 15:45:01,3.500277777777778,123650.1484375,74.0,51.0,23.0,37.8671875,12.989170792079207,66.0,43.50990099009901,164.6399456521739
KA03AL8081,intellicar-KA03AL8081-2026-06-01_2026-08-01.csv,2026-06-06 11:58:37,2026-06-06 13:49:37,1.85,123787.8671875,57.0,43.0,14.0,26.5390625,16.278026905829595,61.75,41.0,189.56473214285714
KA03AL8081,intellicar-KA03AL8081-2026-06-01_2026-08-01.csv,2026-06-06 13:50:07,2026-06-06 15:17:08,1.4502777777777778,123814.625,44.0,32.0,12.0,21.1796875,16.17098445595855,70.625,40.295336787564764,176.49739583333331
KA03AL8081,intellicar-KA03AL8081-2026-06-01_2026-08-01.csv,2026-06-07 05:13:40,2026-06-07 09:33:12,4.325555555555556,123886.703125,90.0,45.0,45.0,94.34375,25.553319919517104,88.5,44.74849094567404,209.65277777777777
KA03AL8081,intellicar-KA03AL8081-2026-06-01_2026-08-01.csv,2026-06-07 11:03:13,2026-06-07 12:47:13,1.7333333333333334,123981.046875,94.0,82.0,12.0,20.03125,13.824375,48.0,39.66,166.92708333333331
KA03AL8081,intellicar-KA03AL8081-2026-06-01_2026-08-01.csv,2026-06-07 12:47:43,2026-06-07 14:01:44,1.2336111111111112,124001.2421875,83.0,73.0,10.0,19.7734375,18.897804054054053,70.5,39.0,197.734375
KA03AL8081,intellicar-KA03AL8081-2026-06-01_2026-08-01.csv,2026-06-08 02:48:46,2026-06-08 07:04:47,4.266944444444444,124091.5546875,95.0,70.0,25.0,45.546875,13.174342105263158,68.125,41.85964912280702,182.1875
KA03AL8081,intellicar-KA03AL8081-2026-06-01_2026-08-01.csv,2026-06-08 07:05:17,2026-06-08 08:11:18,1.1002777777777777,124137.515625,71.0,62.0,9.0,20.703125,20.393796992481203,62.875,41.6015037593985,230.03472222222223
KA03AL8081,intellicar-KA03AL8081-2026-06-01_2026-08-01.csv,2026-06-08 11:33:22,2026-06-08 11:51:49,0.3075,124163.1875,93.0,88.0,5.0,8.1953125,21.905555555555555,69.5,41.266666666666666,163.90625
KA03AL8081,intellicar-KA03AL8081-2026-06-01_2026-08-01.csv,2026-06-09 01:28:51,2026-06-09 04:13:22,2.7419444444444445,124234.6875,95.0,78.0,17.0,27.5546875,11.323863636363637,64.0,40.23939393939394,162.08639705882354
KA03AL8081,intellicar-KA03AL8081-2026-06-01_2026-08-01.csv,2026-06-09 04:13:52,2026-06-09 05:03:22,0.825,124262.6328125,79.0,68.0,11.0,25.1015625,33.77625,78.5,40.77,228.19602272727272
KA03AL8081,intellicar-KA03AL8081-2026-06-01_2026-08-01.csv,2026-06-09 05:19:22,2026-06-09 08:27:23,3.133611111111111,124287.75,85.0,52.0,33.0,64.84375,22.484084880636605,87.125,44.46684350132626,196.49621212121212
KA03AL8081,intellicar-KA03AL8081-2026-06-01_2026-08-01.csv,2026-06-09 09:15:23,2026-06-09 11:17:35,2.0366666666666666,124352.640625,94.0,84.0,10.0,19.21875,10.10010162601626,57.875,41.55691056910569,192.1875
KA03AL8081,intellicar-KA03AL8081-2026-06-01_2026-08-01.csv,2026-06-09 11:17:53,2026-06-09 14:02:55,2.7505555555555556,124371.9921875,85.0,64.0,21.0,38.421875,15.365501519756839,74.75,42.8419452887538,182.96130952380955
KA03AL8081,intellicar-KA03AL8081-2026-06-01_2026-08-01.csv,2026-06-09 14:03:25,2026-06-09 14:55:55,0.875,124410.6015625,65.0,60.0,5.0,8.734375,21.00423728813559,50.5,42.16949152542373,174.6875
KA03AL8081,intellicar-KA03AL8081-2026-06-01_2026-08-01.csv,2026-06-09 14:55:55,2026-06-09 16:11:56,1.2669444444444444,124419.28125,61.0,52.0,9.0,15.7890625,13.498847926267281,66.625,41.3778801843318,175.43402777777777
KA03AL8081,intellicar-KA03AL8081-2026-06-01_2026-08-01.csv,2026-06-10 02:35:58,2026-06-10 03:50:58,1.25,124466.0078125,89.0,84.0,5.0,6.0234375,5.119631901840491,37.0,43.49693251533742,120.46874999999999
KA03AL8081,intellicar-KA03AL8081-2026-06-01_2026-08-01.csv,2026-06-10 03:50:58,2026-06-10 08:37:29,4.775277777777778,124472.03125,85.0,44.0,41.0,68.0078125,15.789576124567475,88.875,43.20415224913495,165.87271341463415
KA03AL8081,intellicar-KA03AL8081-2026-06-01_2026-08-01.csv,2026-06-10 10:05:00,2026-06-10 11:53:30,1.8083333333333333,124546.1953125,95.0,79.0,16.0,35.09375,21.50921658986175,82.375,42.10138248847926,219.3359375
KA03AL8081,intellicar-KA03AL8081-2026-06-01_2026-08-01.csv,2026-06-10 11:54:01,2026-06-10 16:16:01,4.366666666666666,124581.4921875,80.0,48.0,32.0,53.734375,13.505787037037036,85.375,42.233333333333334,167.919921875
KA03AL8081,intellicar-KA03AL8081-2026-06-01_2026-08-01.csv,2026-06-10 16:16:31,2026-06-10 16:52:02,0.5919444444444445,124635.609375,49.0,44.0,5.0,8.3046875,15.87326388888889,63.0,40.083333333333336,166.09375
KA03AL8081,intellicar-KA03AL8081-2026-06-01_2026-08-01.csv,2026-06-11 02:23:03,2026-06-11 03:45:04,1.3669444444444445,124648.859375,91.0,80.0,11.0,18.5625,15.05151515151515,69.375,41.38787878787879,168.75
KA03AL8081,intellicar-KA03AL8081-2026-06-01_2026-08-01.csv,2026-06-11 03:45:34,2026-06-11 05:00:34,1.25,124667.765625,81.0,66.0,15.0,24.6484375,21.54387417218543,65.875,41.0,164.32291666666669
KA03AL8081,intellicar-KA03AL8081-2026-06-01_2026-08-01.csv,2026-06-11 05:02:34,2026-06-11 06:28:04,1.425,124693.09375,67.0,59.0,8.0,10.953125,8.565642458100559,54.0,41.0,136.9140625
KA03AL8081,intellicar-KA03AL8081-2026-06-01_2026-08-01.csv,2026-06-11 06:28:34,2026-06-11 06:53:34,0.4166666666666667,124704.171875,60.0,55.0,5.0,6.890625,19.622549019607842,56.0,41.588235294117645,137.8125
KA03AL8081,intellicar-KA03AL8081-2026-06-01_2026-08-01.csv,2026-06-11 06:54:04,2026-06-11 10:06:05,3.200277777777778,124711.25,56.0,32.0,24.0,45.375,15.306168831168831,80.5,42.6987012987013,189.0625
KA03AL8081,intellicar-KA03AL8081-2026-06-01_2026-08-01.csv,2026-06-11 10:06:35,2026-06-11 12:58:06,2.858611111111111,124757.046875,33.0,25.0,8.0,12.7265625,9.986191860465116,80.875,44.377906976744185,159.08203125
KA03AL8081,intellicar-KA03AL8081-2026-06-01_2026-08-01.csv,2026-06-13 01:25:15,2026-06-13 02:14:15,0.8166666666666667,124852.3203125,96.0,83.0,13.0,27.5390625,38.877450980392155,86.125,35.63725490196079,211.8389423076923
KA03AL8081,intellicar-KA03AL8081-2026-06-01_2026-08-01.csv,2026-06-13 02:14:15,2026-06-13 03:03:15,0.8166666666666667,124879.203125,84.0,72.0,12.0,27.859375,42.360632183908045,88.125,36.40229885057471,232.16145833333334
KA03AL8081,intellicar-KA03AL8081-2026-06-01_2026-08-01.csv,2026-06-13 05:32:15,2026-06-13 08:31:46,2.9919444444444445,124907.0625,100.0,80.0,20.0,36.140625,14.907307692307691,79.625,40.24307692307692,180.703125
KA03AL8081,intellicar-KA03AL8081-2026-06-01_2026-08-01.csv,2026-06-13 09:04:17,2026-06-13 10:19:47,1.2583333333333333,124943.203125,100.0,85.0,15.0,30.65625,32.020833333333336,87.0,45.0,204.37500000000003
KA03AL8081,intellicar-KA03AL8081-2026-06-01_2026-08-01.csv,2026-06-13 10:30:47,2026-06-13 14:03:48,3.5502777777777776,124973.859375,95.0,61.0,34.0,68.3125,21.424821002386636,82.625,43.68973747016707,200.91911764705884
KA03AL8081,intellicar-KA03AL8081-2026-06-01_2026-08-01.csv,2026-06-14 04:05:21,2026-06-14 05:13:21,1.1333333333333333,125081.1015625,96.0,91.0,5.0,7.65625,8.445833333333333,53.625,40.35,153.125
KA03AL8081,intellicar-KA03AL8081-2026-06-01_2026-08-01.csv,2026-06-14 05:13:21,2026-06-14 05:33:51,0.3416666666666667,125088.6484375,92.0,85.0,7.0,12.9921875,41.476190476190474,65.25,40.285714285714285,185.60267857142858
KA03AL8081,intellicar-KA03AL8081-2026-06-01_2026-08-01.csv,2026-06-14 05:34:21,2026-06-14 06:19:21,0.75,125101.921875,86.0,72.0,14.0,29.234375,41.88186813186813,87.875,40.86813186813187,208.81696428571428
KA03AL8081,intellicar-KA03AL8081-2026-06-01_2026-08-01.csv,2026-06-14 06:19:51,2026-06-14 06:47:22,0.45861111111111114,125131.4765625,73.0,67.0,6.0,12.9453125,30.287946428571427,87.625,41.0,215.75520833333334
KA03AL8081,intellicar-KA03AL8081-2026-06-01_2026-08-01.csv,2026-06-14 07:04:22,2026-06-14 08:10:22,1.1,125144.4375,84.0,79.0,5.0,8.8515625,10.4508547008547,84.25,42.675213675213676,177.03125
KA03AL8081,intellicar-KA03AL8081-2026-06-01_2026-08-01.csv,2026-06-14 08:10:52,2026-06-14 08:46:22,0.5916666666666667,125153.734375,80.0,70.0,10.0,21.3125,40.71071428571429,86.125,43.357142857142854,213.125
KA03AL8081,intellicar-KA03AL8081-2026-06-01_2026-08-01.csv,2026-06-14 08:58:52,2026-06-14 09:31:52,0.55,125182.8125,68.0,60.0,8.0,16.578125,33.14365671641791,65.875,44.0,207.2265625
KA03AL8081,intellicar-KA03AL8081-2026-06-01_2026-08-01.csv,2026-06-14 09:32:22,2026-06-14 10:11:52,0.6583333333333333,125199.7421875,61.0,52.0,9.0,17.4453125,29.85,70.125,45.0,193.83680555555557
KA03AL8081,intellicar-KA03AL8081-2026-06-01_2026-08-01.csv,2026-06-14 10:12:22,2026-06-14 11:37:53,1.4252777777777779,125217.390625,53.0,39.0,14.0,25.40625,19.7609011627907,76.25,43.16860465116279,181.47321428571428
KA03AL8081,intellicar-KA03AL8081-2026-06-01_2026-08-01.csv,2026-06-14 12:44:53,2026-06-14 13:42:53,0.9666666666666667,125242.796875,92.0,82.0,10.0,16.4140625,18.456521739130434,67.0,39.37391304347826,164.140625
KA03AL8081,intellicar-KA03AL8081-2026-06-01_2026-08-01.csv,2026-06-14 13:42:53,2026-06-14 14:41:24,0.9752777777777778,125258.8125,83.0,68.0,15.0,31.46875,34.052083333333336,75.5,39.0,209.79166666666669
KA03AL8081,intellicar-KA03AL8081-2026-06-01_2026-08-01.csv,2026-06-14 15:07:24,2026-06-14 16:01:24,0.9,125290.28125,88.0,80.0,8.0,11.484375,14.29816513761468,83.5,40.19266055045872,143.5546875
KA03AL8081,intellicar-KA03AL8081-2026-06-01_2026-08-01.csv,2026-06-14 16:01:54,2026-06-14 16:15:24,0.225,125302.296875,81.0,72.0,9.0,15.0,71.63392857142857,86.75,40.0,166.66666666666669
KA03AL8081,intellicar-KA03AL8081-2026-06-01_2026-08-01.csv,2026-06-14 16:28:54,2026-06-14 17:44:55,1.2669444444444444,125322.5390625,71.0,57.0,14.0,24.703125,25.827620967741936,63.0,39.564516129032256,176.45089285714286
KA03AL8081,intellicar-KA03AL8081-2026-06-01_2026-08-01.csv,2026-06-15 00:32:26,2026-06-15 04:10:27,3.633611111111111,125347.2578125,68.0,57.0,11.0,21.078125,9.53661616161616,56.5,35.013468013468014,191.6193181818182
KA03AL8081,intellicar-KA03AL8081-2026-06-01_2026-08-01.csv,2026-06-15 05:22:57,2026-06-15 08:19:58,2.950277777777778,125375.6171875,90.0,63.0,27.0,48.359375,18.27591036414566,82.5,42.97198879551821,179.1087962962963
KA03AL8081,intellicar-KA03AL8081-2026-06-01_2026-08-01.csv,2026-06-15 09:07:28,2026-06-15 12:24:59,3.2919444444444443,125424.0546875,95.0,70.0,25.0,47.1171875,18.89365671641791,77.125,43.51343283582089,188.46875
KA03AL8081,intellicar-KA03AL8081-2026-06-01_2026-08-01.csv,2026-06-15 12:25:29,2026-06-15 15:59:30,3.5669444444444443,125471.328125,71.0,55.0,16.0,23.3515625,7.293313953488372,52.5,44.74186046511628,145.947265625
KA03AL8081,intellicar-KA03AL8081-2026-06-01_2026-08-01.csv,2026-06-15 16:01:00,2026-06-15 17:30:32,1.4922222222222221,125495.109375,56.0,47.0,9.0,18.9375,16.54193548387097,50.25,43.438709677419354,210.41666666666666
KA03AL8081,intellicar-KA03AL8081-2026-06-01_2026-08-01.csv,2026-06-16 05:30:04,2026-06-16 07:36:04,2.1,125531.984375,87.0,62.0,25.0,48.5546875,25.074900793650794,86.25,41.24603174603175,194.21875
KA03AL8081,intellicar-KA03AL8081-2026-06-01_2026-08-01.csv,2026-06-16 08:31:04,2026-06-16 11:04:35,2.558611111111111,125580.5390625,95.0,77.0,18.0,35.3203125,13.821107784431138,61.625,44.10778443113772,196.22395833333331
KA03AL8081,intellicar-KA03AL8081-2026-06-01_2026-08-01.csv,2026-06-17 10:10:41,2026-06-17 15:50:14,5.659166666666667,125723.828125,100.0,52.0,48.0,78.9140625,16.846951219512196,85.125,45.12520325203252,164.404296875
KA03AL8081,intellicar-KA03AL8081-2026-06-01_2026-08-01.csv,2026-06-17 16:16:14,2026-06-17 17:19:45,1.0586111111111112,125802.765625,84.0,77.0,7.0,11.6015625,11.9833984375,81.0,42.0859375,165.73660714285714
KA03AL8081,intellicar-KA03AL8081-2026-06-01_2026-08-01.csv,2026-06-17 17:20:15,2026-06-17 17:41:45,0.35833333333333334,125814.90625,78.0,68.0,10.0,19.4609375,60.04261363636363,87.375,42.0,194.609375
KA03AL8081,intellicar-KA03AL8081-2026-06-01_2026-08-01.csv,2026-06-17 17:42:15,2026-06-17 18:10:45,0.475,125834.953125,69.0,62.0,7.0,15.7578125,36.235169491525426,68.375,42.0,225.11160714285717
KA03AL8081,intellicar-KA03AL8081-2026-06-01_2026-08-01.csv,2026-06-18 01:05:46,2026-06-18 03:39:16,2.558333333333333,125865.8203125,95.0,86.0,9.0,17.671875,16.169407894736842,78.125,37.06578947368421,196.35416666666669
KA03AL8081,intellicar-KA03AL8081-2026-06-01_2026-08-01.csv,2026-06-18 03:39:46,2026-06-18 04:36:17,0.9419444444444445,125883.796875,87.0,74.0,13.0,29.1484375,33.84758771929825,83.375,38.14035087719298,224.21875
KA03AL8081,intellicar-KA03AL8081-2026-06-01_2026-08-01.csv,2026-06-18 04:36:47,2026-06-18 05:01:47,0.4166666666666667,125912.984375,75.0,70.0,5.0,13.453125,35.338235294117645,87.375,39.0,269.0625
KA03AL8081,intellicar-KA03AL8081-2026-06-01_2026-08-01.csv,2026-06-18 05:28:47,2026-06-18 07:35:48,2.1169444444444445,125926.4375,92.0,79.0,13.0,27.6015625,14.348895582329318,59.5,42.0,212.31971153846155
KA03AL8081,intellicar-KA03AL8081-2026-06-01_2026-08-01.csv,2026-06-18 08:29:18,2026-06-18 09:37:48,1.1416666666666666,125954.0390625,100.0,93.0,7.0,12.171875,9.379545454545454,64.75,44.0,173.88392857142858
KA03AL8081,intellicar-KA03AL8081-2026-06-01_2026-08-01.csv,2026-06-18 09:38:18,2026-06-18 11:42:19,2.0669444444444443,125966.453125,94.0,78.0,16.0,25.578125,13.721036585365853,65.0,43.38211382113821,159.86328125
KA03AL8081,intellicar-KA03AL8081-2026-06-01_2026-08-01.csv,2026-06-18 11:42:49,2026-06-18 12:28:50,0.7669444444444444,125992.2578125,79.0,64.0,15.0,33.5546875,47.462765957446805,87.75,44.0,223.69791666666666
KA03AL8081,intellicar-KA03AL8081-2026-06-01_2026-08-01.csv,2026-06-18 13:10:50,2026-06-18 14:39:20,1.475,126025.875,94.0,77.0,17.0,34.2421875,25.287219101123597,81.875,40.97191011235955,201.42463235294116
KA03AL8081,intellicar-KA03AL8081-2026-06-01_2026-08-01.csv,2026-06-18 14:39:50,2026-06-18 14:58:20,0.30833333333333335,126060.3359375,78.0,73.0,5.0,6.484375,24.0,61.0,41.0,129.6875
KA03AL8081,intellicar-KA03AL8081-2026-06-01_2026-08-01.csv,2026-06-18 14:58:50,2026-06-18 15:47:51,0.8169444444444445,126067.1484375,74.0,69.0,5.0,6.671875,12.652397260273972,58.5,40.89041095890411,133.4375
KA03AL8081,intellicar-KA03AL8081-2026-06-01_2026-08-01.csv,2026-06-18 15:48:21,2026-06-18 16:34:51,0.775,126073.96875,70.0,64.0,6.0,9.859375,13.38563829787234,58.75,39.829787234042556,164.32291666666669
KA03AL8081,intellicar-KA03AL8081-2026-06-01_2026-08-01.csv,2026-06-18 16:35:21,2026-06-18 16:56:21,0.35,126084.1953125,65.0,55.0,10.0,19.8671875,62.605,90.25,39.34,198.671875
KA03AL8081,intellicar-KA03AL8081-2026-06-01_2026-08-01.csv,2026-06-18 18:01:21,2026-06-18 18:28:21,0.45,126116.625,78.0,64.0,14.0,27.1484375,66.02727272727273,86.5,43.0,193.91741071428572
KA03AL8081,intellicar-KA03AL8081-2026-06-01_2026-08-01.csv,2026-06-18 18:56:21,2026-06-18 19:27:51,0.525,126156.6328125,60.0,51.0,9.0,17.234375,35.3671875,85.5,41.5,191.49305555555557
KA03AL8081,intellicar-KA03AL8081-2026-06-01_2026-08-01.csv,2026-06-19 00:23:52,2026-06-19 03:01:23,2.625277777777778,126173.8671875,100.0,89.0,11.0,21.640625,12.487278761061948,87.5,37.36283185840708,196.73295454545453
KA03AL8081,intellicar-KA03AL8081-2026-06-01_2026-08-01.csv,2026-06-19 03:01:53,2026-06-19 07:36:55,4.583888888888889,126195.9375,90.0,70.0,20.0,29.7109375,6.9639513108614235,66.625,38.08426966292135,148.5546875
KA03AL8081,intellicar-KA03AL8081-2026-06-01_2026-08-01.csv,2026-06-19 07:53:25,2026-06-19 08:19:25,0.43333333333333335,126230.0,69.0,59.0,10.0,20.59375,52.0,83.0,41.0,205.93750000000003
KA03AL8081,intellicar-KA03AL8081-2026-06-01_2026-08-01.csv,2026-06-19 08:19:55,2026-06-19 08:41:55,0.36666666666666664,126250.7421875,60.0,54.0,6.0,14.3359375,44.65555555555556,86.625,41.31111111111111,238.93229166666666
KA03AL8081,intellicar-KA03AL8081-2026-06-01_2026-08-01.csv,2026-06-19 10:19:56,2026-06-19 11:57:56,1.6333333333333333,126265.109375,100.0,82.0,18.0,41.015625,27.633793969849247,80.875,42.0,227.86458333333334
KA03AL8081,intellicar-KA03AL8081-2026-06-01_2026-08-01.csv,2026-06-19 12:14:26,2026-06-19 16:19:28,4.083888888888889,126310.71875,81.0,55.0,26.0,49.6796875,14.078961456102784,85.75,42.434689507494646,191.07572115384613
KA03AL8081,intellicar-KA03AL8081-2026-06-01_2026-08-01.csv,2026-06-19 17:27:58,2026-06-19 20:02:59,2.5836111111111113,126361.0546875,87.0,58.0,29.0,59.734375,25.206189710610932,78.875,42.38906752411575,205.98060344827584
KA03AL8081,intellicar-KA03AL8081-2026-06-01_2026-08-01.csv,2026-06-21 03:02:37,2026-06-21 04:34:37,1.5333333333333334,126553.3125,100.0,86.0,14.0,26.484375,22.273387096774194,53.5,38.303225806451614,189.17410714285714
KA03AL8081,intellicar-KA03AL8081-2026-06-01_2026-08-01.csv,2026-06-21 04:35:07,2026-06-21 05:52:07,1.2833333333333334,126580.078125,87.0,78.0,9.0,15.390625,12.924363057324841,55.375,39.42675159235669,171.00694444444443
KA03AL8081,intellicar-KA03AL8081-2026-06-01_2026-08-01.csv,2026-06-21 05:52:37,2026-06-21 08:16:08,2.3919444444444444,126595.75,79.0,60.0,19.0,27.8046875,13.131510416666666,61.625,42.31597222222222,146.3404605263158
KA03AL8081,intellicar-KA03AL8081-2026-06-01_2026-08-01.csv,2026-06-21 08:30:38,2026-06-21 10:39:10,2.1422222222222222,126623.5546875,64.0,47.0,17.0,28.3828125,17.708333333333332,58.0,44.0,166.9577205882353
KA03AL8081,intellicar-KA03AL8081-2026-06-01_2026-08-01.csv,2026-06-21 11:49:10,2026-06-21 14:09:41,2.3419444444444446,126651.9375,96.0,79.0,17.0,35.15625,17.41173835125448,69.375,42.59139784946237,206.80147058823528
KA03AL8081,intellicar-KA03AL8081-2026-06-01_2026-08-01.csv,2026-06-21 14:09:41,2026-06-21 16:11:11,2.025,126686.5078125,80.0,52.0,28.0,53.1796875,28.8345,84.375,43.0,189.92745535714286
KA03AL8081,intellicar-KA03AL8081-2026-06-01_2026-08-01.csv,2026-06-21 17:24:12,2026-06-21 22:51:43,5.458611111111111,126752.2890625,82.0,60.0,22.0,45.6953125,33.415055248618785,81.125,40.28176795580111,207.7059659090909
KA03AL8081,intellicar-KA03AL8081-2026-06-01_2026-08-01.csv,2026-06-22 02:18:13,2026-06-22 06:29:44,4.191944444444444,126798.03125,100.0,77.0,23.0,43.375,12.258835758835758,84.75,39.05197505197505,188.58695652173913
KA03AL8081,intellicar-KA03AL8081-2026-06-01_2026-08-01.csv,2026-06-22 06:29:44,2026-06-22 07:08:45,0.6502777777777777,126840.828125,78.0,66.0,12.0,24.828125,47.80597014925373,90.75,42.67164179104478,206.90104166666666
KA03AL8081,intellicar-KA03AL8081-2026-06-01_2026-08-01.csv,2026-06-22 08:11:45,2026-06-22 09:07:45,0.9333333333333333,126865.65625,100.0,86.0,14.0,31.1640625,36.94690265486726,81.75,42.93805309734513,222.60044642857144
KA03AL8081,intellicar-KA03AL8081-2026-06-01_2026-08-01.csv,2026-06-22 09:35:15,2026-06-22 10:44:46,1.158611111111111,126897.9296875,100.0,95.0,5.0,8.6484375,11.410194174757281,57.75,40.38834951456311,172.96875
KA03AL8081,intellicar-KA03AL8081-2026-06-01_2026-08-01.csv,2026-06-23 02:24:49,2026-06-23 07:37:51,5.217222222222222,126932.734375,100.0,69.0,31.0,50.171875,10.899093904448105,59.125,38.71169686985173,161.84475806451613
KA03AL8081,intellicar-KA03AL8081-2026-06-01_2026-08-01.csv,2026-06-23 07:47:21,2026-06-23 08:48:51,1.025,126990.2109375,68.0,57.0,11.0,16.1953125,17.516129032258064,63.625,42.0,147.23011363636365
KA03AL8081,intellicar-KA03AL8081-2026-06-01_2026-08-01.csv,2026-06-23 10:16:22,2026-06-23 12:36:53,2.3419444444444446,127007.515625,100.0,85.0,15.0,29.1875,15.606791338582678,83.0,41.661417322834644,194.58333333333334
KA03AL8081,intellicar-KA03AL8081-2026-06-01_2026-08-01.csv,2026-06-23 12:36:53,2026-06-23 13:26:24,0.8252777777777778,127036.140625,86.0,73.0,13.0,31.7890625,40.605,87.375,42.0,244.53125
KA03AL8081,intellicar-KA03AL8081-2026-06-01_2026-08-01.csv,2026-06-23 13:52:54,2026-06-23 15:57:24,2.075,127067.9296875,93.0,69.0,24.0,47.140625,25.0455,78.375,43.324,196.41927083333331
KA03AL8081,intellicar-KA03AL8081-2026-06-01_2026-08-01.csv,2026-06-23 15:57:54,2026-06-23 16:47:25,0.8252777777777778,127115.4921875,70.0,63.0,7.0,13.4140625,18.301470588235293,64.125,41.96078431372549,191.62946428571428
KA03AL8081,intellicar-KA03AL8081-2026-06-01_2026-08-01.csv,2026-06-23 16:49:25,2026-06-23 18:44:25,1.9166666666666667,127129.6796875,64.0,42.0,22.0,45.640625,24.83512931034483,60.5,40.18103448275862,207.45738636363637
KA03AL8081,intellicar-KA03AL8081-2026-06-01_2026-08-01.csv,2026-06-24 02:07:56,2026-06-24 05:53:27,3.758611111111111,127182.25,80.0,62.0,18.0,29.4609375,10.623376623376624,66.375,40.28311688311688,163.671875
KA03AL8081,intellicar-KA03AL8081-2026-06-01_2026-08-01.csv,2026-06-24 05:53:57,2026-06-24 06:38:57,0.75,127211.796875,63.0,52.0,11.0,20.5078125,29.907967032967033,85.625,40.120879120879124,186.4346590909091
KA03AL8081,intellicar-KA03AL8081-2026-06-01_2026-08-01.csv,2026-06-24 06:39:27,2026-06-24 07:52:28,1.2169444444444444,127232.515625,53.0,39.0,14.0,20.078125,18.249155405405407,88.25,41.567567567567565,143.41517857142858
KA03AL8081,intellicar-KA03AL8081-2026-06-01_2026-08-01.csv,2026-06-24 10:01:29,2026-06-24 10:26:59,0.425,127252.9609375,100.0,95.0,5.0,10.140625,26.337264150943398,64.125,42.0,202.81250000000003
KA03AL8081,intellicar-KA03AL8081-2026-06-01_2026-08-01.csv,2026-06-24 10:27:29,2026-06-24 11:05:59,0.6416666666666667,127263.515625,96.0,87.0,9.0,18.609375,31.604166666666668,83.5,42.76923076923077,206.77083333333334
KA03AL8081,intellicar-KA03AL8081-2026-06-01_2026-08-01.csv,2026-06-24 11:31:59,2026-06-24 15:01:30,3.4919444444444445,127287.875,85.0,60.0,25.0,49.984375,15.910426267281107,54.25,44.05990783410138,199.9375
KA03AL8081,intellicar-KA03AL8081-2026-06-01_2026-08-01.csv,2026-06-25 01:25:34,2026-06-25 04:36:05,3.1752777777777776,127382.421875,78.0,60.0,18.0,29.2578125,10.963498622589531,56.5,38.27548209366391,162.54340277777777
KA03AL8081,intellicar-KA03AL8081-2026-06-01_2026-08-01.csv,2026-06-25 04:36:35,2026-06-25 05:47:05,1.175,127412.03125,61.0,54.0,7.0,7.953125,7.710387323943662,45.625,38.978873239436616,113.61607142857142
KA03AL8081,intellicar-KA03AL8081-2026-06-01_2026-08-01.csv,2026-06-25 05:47:35,2026-06-25 06:12:36,0.41694444444444445,127420.015625,55.0,49.0,6.0,8.609375,21.683823529411764,63.375,39.627450980392155,143.48958333333331
KA03AL8081,intellicar-KA03AL8081-2026-06-01_2026-08-01.csv,2026-06-25 06:13:06,2026-06-25 07:22:36,1.1583333333333334,127428.65625,50.0,44.0,6.0,6.921875,8.771464646464647,37.0,40.0,115.36458333333333
KA03AL8081,intellicar-KA03AL8081-2026-06-01_2026-08-01.csv,2026-06-25 08:51:06,2026-06-25 11:45:37,2.908611111111111,127435.5859375,100.0,77.0,23.0,44.890625,17.562688821752264,86.5,41.41993957703927,195.17663043478262
KA03AL8081,intellicar-KA03AL8081-2026-06-01_2026-08-01.csv,2026-06-25 11:46:07,2026-06-25 13:09:08,1.3836111111111111,127480.8125,78.0,67.0,11.0,23.75,20.043478260869566,65.25,39.267080745341616,215.9090909090909
KA03AL8081,intellicar-KA03AL8081-2026-06-01_2026-08-01.csv,2026-06-25 13:57:08,2026-06-25 14:20:08,0.38333333333333336,127507.9609375,88.0,83.0,5.0,7.34375,19.21698113207547,69.125,41.0,146.875
KA03AL8081,intellicar-KA03AL8081-2026-06-01_2026-08-01.csv,2026-06-25 14:20:38,2026-06-25 16:18:09,1.958611111111111,127515.6875,84.0,73.0,11.0,20.765625,14.208333333333334,68.125,40.56565656565657,188.7784090909091
KA03AL8081,intellicar-KA03AL8081-2026-06-01_2026-08-01.csv,2026-06-25 16:18:39,2026-06-25 16:45:09,0.44166666666666665,127536.7578125,74.0,69.0,5.0,9.4609375,32.10591603053435,49.0,40.0,189.21875
KA03AL8081,intellicar-KA03AL8081-2026-06-01_2026-08-01.csv,2026-06-26 02:36:12,2026-06-26 05:22:42,2.775,127547.265625,100.0,86.0,14.0,24.4765625,10.666666666666666,64.375,38.273927392739274,174.83258928571428
KA03AL8081,intellicar-KA03AL8081-2026-06-01_2026-08-01.csv,2026-06-26 05:23:13,2026-06-26 06:02:13,0.65,127571.9765625,87.0,80.0,7.0,12.09375,23.899234693877553,64.875,39.19387755102041,172.76785714285714
KA03AL8081,intellicar-KA03AL8081-2026-06-01_2026-08-01.csv,2026-06-26 06:05:13,2026-06-26 06:25:43,0.3416666666666667,127583.7890625,81.0,72.0,9.0,20.8984375,61.00815217391305,89.0,40.23913043478261,232.20486111111111
KA03AL8081,intellicar-KA03AL8081-2026-06-01_2026-08-01.csv,2026-06-26 08:15:44,2026-06-26 09:54:44,1.65,127620.765625,100.0,90.0,10.0,14.2734375,9.271356783919598,77.125,42.688442211055275,142.734375
KA03AL8081,intellicar-KA03AL8081-2026-06-01_2026-08-01.csv,2026-06-26 09:55:15,2026-06-26 11:14:15,1.3166666666666667,127635.390625,91.0,69.0,22.0,41.765625,35.67468944099379,85.125,45.47204968944099,189.84375
KA03AL8081,intellicar-KA03AL8081-2026-06-01_2026-08-01.csv,2026-06-26 11:48:15,2026-06-26 12:58:46,1.1752777777777779,127687.15625,64.0,57.0,7.0,11.546875,18.839506172839506,78.0,45.34567901234568,164.95535714285714
KA03AL8081,intellicar-KA03AL8081-2026-06-01_2026-08-01.csv,2026-06-26 13:20:49,2026-06-26 14:31:10,1.1725,127698.71875,60.0,55.0,5.0,5.5390625,10.78422619047619,38.375,41.023809523809526,110.78125000000001
KA03AL8081,intellicar-KA03AL8081-2026-06-01_2026-08-01.csv,2026-06-26 15:07:46,2026-06-26 15:46:17,0.6419444444444444,127710.328125,58.0,53.0,5.0,9.25,14.20014880952381,50.125,41.0,185.0
KA03AL8081,intellicar-KA03AL8081-2026-06-01_2026-08-01.csv,2026-06-26 17:32:47,2026-06-26 19:27:18,1.908611111111111,127723.359375,87.0,67.0,20.0,44.09375,28.072549019607845,73.875,40.0,220.46875
KA03AL8081,intellicar-KA03AL8081-2026-06-01_2026-08-01.csv,2026-06-27 00:59:50,2026-06-27 06:44:53,5.7508333333333335,127767.453125,100.0,78.0,22.0,39.546875,8.484225239616613,64.0,37.35143769968051,179.75852272727272
KA03AL8081,intellicar-KA03AL8081-2026-06-01_2026-08-01.csv,2026-06-27 06:56:23,2026-06-27 08:58:24,2.033611111111111,127812.2890625,77.0,59.0,18.0,26.8984375,16.701834862385322,61.25,43.206422018348626,149.43576388888889
KA03AL8081,intellicar-KA03AL8081-2026-06-01_2026-08-01.csv,2026-06-27 12:03:55,2026-06-27 15:52:26,3.808611111111111,127851.2421875,96.0,61.0,35.0,65.265625,19.69497742663657,85.125,42.51015801354402,186.47321428571428
KA03AL8081,intellicar-KA03AL8081-2026-06-01_2026-08-01.csv,2026-06-27 15:52:26,2026-06-27 16:16:26,0.4,127915.9765625,62.0,57.0,5.0,12.2734375,33.43872549019608,85.25,43.0,245.46875
KA03AL8081,intellicar-KA03AL8081-2026-06-01_2026-08-01.csv,2026-06-27 16:50:57,2026-06-27 18:37:57,1.7833333333333334,127928.2578125,88.0,66.0,22.0,43.0859375,25.35163043478261,88.25,40.926086956521736,195.84517045454547
KA03AL8081,intellicar-KA03AL8081-2026-06-01_2026-08-01.csv,2026-06-27 18:44:27,2026-06-27 19:22:57,0.6416666666666667,127976.6328125,65.0,59.0,6.0,10.0703125,17.338141025641026,58.0,40.88461538461539,167.83854166666669
KA03AL8081,intellicar-KA03AL8081-2026-06-01_2026-08-01.csv,2026-06-28 02:47:59,2026-06-28 07:38:00,4.833611111111111,127989.578125,100.0,67.0,33.0,65.578125,15.639982110912344,86.375,40.40071556350626,198.7215909090909
KA03AL8081,intellicar-KA03AL8081-2026-06-01_2026-08-01.csv,2026-06-28 07:38:00,2026-06-28 08:21:00,0.7166666666666667,128054.765625,68.0,63.0,5.0,7.0078125,10.03735632183908,55.5,42.724137931034484,140.15625
KA03AL8081,intellicar-KA03AL8081-2026-06-01_2026-08-01.csv,2026-06-28 11:21:01,2026-06-28 12:04:32,0.7252777777777778,128074.0625,100.0,94.0,6.0,9.890625,15.169117647058824,56.0,42.0,164.84375
KA03AL8081,intellicar-KA03AL8081-2026-06-01_2026-08-01.csv,2026-06-28 12:05:02,2026-06-28 17:23:03,5.300277777777778,128084.34375,95.0,60.0,35.0,67.7265625,14.554080824088748,80.625,42.58320126782884,193.50446428571428
KA03AL8081,intellicar-KA03AL8081-2026-06-01_2026-08-01.csv,2026-06-30 01:11:43,2026-06-30 01:49:13,0.625,128217.7421875,100.0,94.0,6.0,11.0390625,19.638157894736842,60.0,36.30263157894737,183.984375
KA03AL8081,intellicar-KA03AL8081-2026-06-01_2026-08-01.csv,2026-06-30 01:49:43,2026-06-30 02:12:43,0.38333333333333336,128229.0703125,95.0,88.0,7.0,11.203125,30.85372340425532,67.875,36.638297872340424,160.04464285714286
KA03AL8081,intellicar-KA03AL8081-2026-06-01_2026-08-01.csv,2026-06-30 02:13:13,2026-06-30 03:47:14,1.5669444444444445,128240.5078125,89.0,71.0,18.0,36.6171875,25.898809523809526,82.375,37.142857142857146,203.42881944444446
KA03AL8081,intellicar-KA03AL8081-2026-06-01_2026-08-01.csv,2026-06-30 03:47:44,2026-06-30 04:19:44,0.5333333333333333,128277.5546875,72.0,63.0,9.0,20.3125,42.41538461538462,87.5,38.6,225.69444444444446
KA03AL8081,intellicar-KA03AL8081-2026-06-01_2026-08-01.csv,2026-06-30 05:16:14,2026-06-30 06:00:45,0.7419444444444444,128297.8671875,95.0,78.0,17.0,31.234375,46.22083333333333,86.125,42.355555555555554,183.73161764705884
KA03AL8081,intellicar-KA03AL8081-2026-06-01_2026-08-01.csv,2026-06-30 06:01:15,2026-06-30 06:58:15,0.95,128329.265625,79.0,69.0,10.0,14.921875,17.066304347826087,62.125,43.63478260869565,149.21875
KA03AL8081,intellicar-KA03AL8081-2026-06-01_2026-08-01.csv,2026-06-30 06:58:45,2026-06-30 08:36:15,1.625,128344.265625,70.0,58.0,12.0,21.7890625,17.21439393939394,62.0,43.654545454545456,181.57552083333331
KA03AL8081,intellicar-KA03AL8081-2026-06-01_2026-08-01.csv,2026-06-30 10:58:16,2026-06-30 11:52:17,0.9002777777777777,128367.0859375,99.0,91.0,8.0,12.8203125,11.05625,73.0,42.0,160.25390625
KA03AL8081,intellicar-KA03AL8081-2026-06-01_2026-08-01.csv,2026-06-30 12:02:47,2026-06-30 13:45:47,1.7166666666666666,128381.7109375,91.0,80.0,11.0,21.8515625,15.352386934673367,62.0,41.663316582914575,198.6505681818182
KA03AL8081,intellicar-KA03AL8081-2026-06-01_2026-08-01.csv,2026-06-30 13:46:17,2026-06-30 15:08:48,1.3752777777777778,128403.7109375,81.0,73.0,8.0,13.34375,9.77279411764706,56.625,40.6764705882353,166.796875
KA03AL8081,intellicar-KA03AL8081-2026-06-01_2026-08-01.csv,2026-06-30 15:18:18,2026-06-30 15:54:18,0.6,128423.5546875,71.0,59.0,12.0,25.640625,46.43321917808219,85.125,40.0,213.671875
KA03AL8081,intellicar-KA03AL8081-2026-06-01_2026-08-01.csv,2026-06-30 15:58:48,2026-06-30 16:15:18,0.275,128449.21875,62.0,57.0,5.0,9.2265625,37.955882352941174,66.375,40.0,184.53125
KA03AL8081,intellicar-KA03AL8081-2026-06-01_2026-08-01.csv,2026-06-30 16:15:48,2026-06-30 16:42:18,0.44166666666666665,128458.765625,58.0,49.0,9.0,17.6171875,43.701388888888886,72.125,39.833333333333336,195.74652777777777
KA03AL8081,intellicar-KA03AL8081-2026-06-01_2026-08-01.csv,2026-06-30 16:42:48,2026-06-30 17:37:48,0.9166666666666666,128476.71875,50.0,41.0,9.0,16.2734375,21.484223300970875,62.25,39.0,180.81597222222223
KA03AL8081,intellicar-KA03AL8081-2026-06-01_2026-08-01.csv,2026-07-01 08:36:52,2026-07-01 09:34:52,0.9666666666666667,128561.6640625,68.0,58.0,10.0,22.0546875,24.71797520661157,70.125,40.0,220.546875
KA03AL8081,intellicar-KA03AL8081-2026-06-01_2026-08-01.csv,2026-07-01 10:46:53,2026-07-01 16:30:55,5.733888888888889,128583.71875,100.0,82.0,18.0,30.71875,6.463574840764331,70.375,40.22133757961783,170.65972222222223
KA03AL8081,intellicar-KA03AL8081-2026-06-01_2026-08-01.csv,2026-07-02 01:15:26,2026-07-02 02:11:57,0.9419444444444445,128641.78125,100.0,92.0,8.0,15.9609375,19.18640350877193,60.375,38.0,199.51171875
KA03AL8081,intellicar-KA03AL8081-2026-06-01_2026-08-01.csv,2026-07-02 02:28:57,2026-07-02 06:18:28,3.825277777777778,128666.4453125,90.0,53.0,37.0,73.9140625,21.5510989010989,87.5,38.72087912087912,199.76773648648648
KA03AL8081,intellicar-KA03AL8081-2026-06-01_2026-08-01.csv,2026-07-02 07:34:28,2026-07-02 08:03:29,0.4836111111111111,128740.359375,100.0,94.0,6.0,13.2109375,29.610169491525422,59.875,42.0,220.18229166666666
KA03AL8081,intellicar-KA03AL8081-2026-06-01_2026-08-01.csv,2026-07-02 08:03:59,2026-07-02 10:11:29,2.125,128753.8125,95.0,79.0,16.0,34.6953125,19.324152542372882,61.75,43.08898305084746,216.845703125
KA03AL8081,intellicar-KA03AL8081-2026-06-01_2026-08-01.csv,2026-07-02 10:11:29,2026-07-02 12:49:31,2.633888888888889,128788.453125,80.0,63.0,17.0,30.7265625,12.555758017492712,66.5,43.69387755102041,180.74448529411765
KA03AL8081,intellicar-KA03AL8081-2026-06-01_2026-08-01.csv,2026-07-02 12:50:01,2026-07-02 15:00:32,2.1752777777777776,128819.328125,64.0,49.0,15.0,19.984375,10.618797709923664,65.75,42.770992366412216,133.22916666666666
KA03AL8081,intellicar-KA03AL8081-2026-06-01_2026-08-01.csv,2026-07-02 15:01:02,2026-07-02 15:54:33,0.8919444444444444,128839.4609375,50.0,42.0,8.0,14.96875,18.663194444444443,49.25,41.7962962962963,187.109375
KA03AL8081,intellicar-KA03AL8081-2026-06-01_2026-08-01.csv,2026-07-02 16:33:03,2026-07-02 17:55:03,1.3666666666666667,128854.4296875,85.0,71.0,14.0,30.609375,23.738636363636363,71.0,41.61818181818182,218.63839285714283
KA03AL8081,intellicar-KA03AL8081-2026-06-01_2026-08-01.csv,2026-07-03 02:05:35,2026-07-03 02:41:35,0.6,128895.109375,100.0,93.0,7.0,10.9609375,20.376712328767123,73.625,39.0,156.58482142857142
KA03AL8081,intellicar-KA03AL8081-2026-06-01_2026-08-01.csv,2026-07-03 02:42:05,2026-07-03 03:51:06,1.1502777777777777,128906.40625,94.0,75.0,19.0,36.6484375,35.55035971223022,79.25,39.48201438848921,192.88651315789474
KA03AL8081,intellicar-KA03AL8081-2026-06-01_2026-08-01.csv,2026-07-03 04:01:36,2026-07-03 04:43:06,0.6916666666666667,128943.1015625,81.0,71.0,10.0,21.0546875,32.81470588235294,66.0,40.0,210.546875
KA03AL8081,intellicar-KA03AL8081-2026-06-01_2026-08-01.csv,2026-07-03 04:43:36,2026-07-03 08:09:38,3.4338888888888888,128964.3125,72.0,50.0,22.0,43.2265625,17.28422190201729,60.0,40.0,196.484375
KA03AL8081,intellicar-KA03AL8081-2026-06-01_2026-08-01.csv,2026-07-03 10:50:39,2026-07-03 11:58:39,1.1333333333333333,129014.9921875,97.0,86.0,11.0,25.265625,24.61413043478261,68.125,41.0,229.6875
KA03AL8081,intellicar-KA03AL8081-2026-06-01_2026-08-01.csv,2026-07-03 11:59:09,2026-07-03 14:12:10,2.2169444444444446,129040.3984375,87.0,70.0,17.0,26.203125,13.320098039215686,52.625,41.0,154.1360294117647
KA03AL8081,intellicar-KA03AL8081-2026-06-01_2026-08-01.csv,2026-07-04 04:52:44,2026-07-04 05:15:44,0.38333333333333336,129139.3046875,94.0,89.0,5.0,8.5546875,24.960106382978722,57.375,40.0,171.09375
KA03AL8081,intellicar-KA03AL8081-2026-06-01_2026-08-01.csv,2026-07-04 05:16:14,2026-07-04 06:34:44,1.3083333333333333,129148.109375,90.0,83.0,7.0,13.140625,11.238993710691824,70.75,39.540880503144656,187.72321428571428
KA03AL8081,intellicar-KA03AL8081-2026-06-01_2026-08-01.csv,2026-07-04 06:35:14,2026-07-04 09:05:45,2.508611111111111,129161.3515625,84.0,73.0,11.0,23.6328125,10.396109271523178,62.875,39.175496688741724,214.84375
KA03AL8081,intellicar-KA03AL8081-2026-06-01_2026-08-01.csv,2026-07-04 10:04:46,2026-07-04 14:17:48,4.217222222222222,129184.984375,100.0,82.0,18.0,29.4140625,8.343360995850622,60.0,42.79045643153527,163.41145833333331
KA03AL8081,intellicar-KA03AL8081-2026-06-01_2026-08-01.csv,2026-07-04 14:18:18,2026-07-04 14:47:48,0.49166666666666664,129214.6875,83.0,78.0,5.0,7.0546875,15.7875,55.25,42.0,141.09375
KA03AL8081,intellicar-KA03AL8081-2026-06-01_2026-08-01.csv,2026-07-04 15:37:18,2026-07-04 16:08:48,0.525,129233.3828125,73.0,66.0,7.0,9.71875,22.610169491525422,66.25,41.389830508474574,138.83928571428572
KA03AL8081,intellicar-KA03AL8081-2026-06-01_2026-08-01.csv,2026-07-04 16:09:18,2026-07-04 17:00:49,0.8586111111111111,129243.390625,67.0,59.0,8.0,10.203125,13.544471153846153,59.0,40.93269230769231,127.5390625
KA03AL8081,intellicar-KA03AL8081-2026-06-01_2026-08-01.csv,2026-07-04 17:01:19,2026-07-04 17:32:19,0.5166666666666667,129253.84375,60.0,54.0,6.0,12.1953125,25.46230158730159,59.375,40.0,203.25520833333334
KA03AL8081,intellicar-KA03AL8081-2026-06-01_2026-08-01.csv,2026-07-05 03:34:51,2026-07-05 06:05:22,2.508611111111111,129332.0,93.0,67.0,26.0,53.7890625,23.529387417218544,87.875,39.0,206.8810096153846
KA03AL8081,intellicar-KA03AL8081-2026-06-01_2026-08-01.csv,2026-07-05 06:05:52,2026-07-05 07:31:23,1.4252777777777779,129386.0859375,68.0,49.0,19.0,38.21875,31.94453125,91.0,39.25625,201.15131578947367
KA03AL8081,intellicar-KA03AL8081-2026-06-01_2026-08-01.csv,2026-07-05 07:31:53,2026-07-05 08:16:23,0.7416666666666667,129424.4921875,50.0,44.0,6.0,15.5546875,22.09722222222222,50.125,40.0,259.24479166666663
KA03AL8081,intellicar-KA03AL8081-2026-06-01_2026-08-01.csv,2026-07-05 09:56:23,2026-07-05 15:47:25,5.850555555555555,129440.046875,100.0,72.0,28.0,55.734375,12.83860485268631,55.75,41.46793760831889,199.05133928571428
KA03AL8081,intellicar-KA03AL8081-2026-06-01_2026-08-01.csv,2026-07-05 16:38:26,2026-07-05 18:11:56,1.5583333333333333,129503.4921875,91.0,75.0,16.0,30.703125,21.961436170212767,69.75,41.37234042553192,191.89453125
KA03AL8081,intellicar-KA03AL8081-2026-06-01_2026-08-01.csv,2026-07-06 01:38:59,2026-07-06 03:55:00,2.2669444444444444,129540.15625,100.0,86.0,14.0,26.7734375,14.800925925925926,72.75,35.8724279835391,191.23883928571428
KA03AL8081,intellicar-KA03AL8081-2026-06-01_2026-08-01.csv,2026-07-06 03:56:30,2026-07-06 04:12:00,0.25833333333333336,129567.7421875,86.0,80.0,6.0,13.296875,61.723214285714285,80.125,37.107142857142854,221.61458333333334
KA03AL8081,intellicar-KA03AL8081-2026-06-01_2026-08-01.csv,2026-07-06 04:12:00,2026-07-06 04:23:30,0.19166666666666668,129580.6875,81.0,76.0,5.0,10.0078125,49.08796296296296,82.125,38.0,200.15625
KA03AL8081,intellicar-KA03AL8081-2026-06-01_2026-08-01.csv,2026-07-06 04:31:00,2026-07-06 05:27:31,0.9419444444444445,129593.9296875,75.0,60.0,15.0,34.0078125,39.02884615384615,85.0,38.94871794871795,226.71875
KA03AL8081,intellicar-KA03AL8081-2026-06-01_2026-08-01.csv,2026-07-13 11:26:46,2026-07-13 13:05:46,1.65,129781.6953125,54.0,35.0,19.0,23.203125,15.660885167464114,63.625,44.6267942583732,122.1217105263158
KA03AL8081,intellicar-KA03AL8081-2026-06-01_2026-08-01.csv,2026-07-13 13:06:16,2026-07-13 14:34:47,1.4752777777777777,129805.28125,36.0,21.0,15.0,15.8671875,16.080708661417322,60.5,48.125984251968504,105.78125
KA03AL8081,intellicar-KA03AL8081-2026-06-01_2026-08-01.csv,2026-07-13 15:04:47,2026-07-13 16:40:18,1.5919444444444444,129821.1796875,54.0,39.0,15.0,24.078125,18.43639053254438,64.875,42.071005917159766,160.52083333333334
KA03AL8081,intellicar-KA03AL8081-2026-06-01_2026-08-01.csv,2026-07-13 17:37:18,2026-07-13 17:55:48,0.30833333333333335,129845.2578125,87.0,81.0,6.0,7.6328125,27.75986842105263,88.0,41.39473684210526,127.21354166666667
KA03AL8081,intellicar-KA03AL8081-2026-06-01_2026-08-01.csv,2026-07-13 17:56:18,2026-07-13 18:10:48,0.24166666666666667,129853.375,82.0,74.0,8.0,10.8125,46.34166666666667,85.0,42.0,135.15625
KA03AL8081,intellicar-KA03AL8081-2026-06-01_2026-08-01.csv,2026-07-13 18:11:18,2026-07-13 21:52:18,3.683333333333333,129864.5078125,75.0,29.0,46.0,65.734375,27.642578125,90.25,42.41875,142.9008152173913
KA03AL8081,intellicar-KA03AL8081-2026-06-01_2026-08-01.csv,2026-07-14 07:46:21,2026-07-14 07:58:21,0.2,129974.53125,43.0,38.0,5.0,6.03125,30.755,53.625,43.96,120.625
KA03AL8081,intellicar-KA03AL8081-2026-06-01_2026-08-01.csv,2026-07-14 07:58:21,2026-07-14 10:23:52,2.4252777777777776,129980.3046875,39.0,12.0,27.0,45.1171875,21.234756097560975,67.875,47.292682926829265,167.10069444444443
KA03AL8081,intellicar-KA03AL8081-2026-06-01_2026-08-01.csv,2026-07-28 11:01:59,2026-07-28 11:56:59,0.9166666666666666,130124.75,85.0,80.0,5.0,6.8671875,18.790865384615383,64.625,41.19230769230769,137.34375
KA03AL8081,intellicar-KA03AL8081-2026-06-01_2026-08-01.csv,2026-07-30 08:29:42,2026-07-30 09:28:42,0.9833333333333333,130278.2578125,29.0,20.0,9.0,12.28125,12.722689075630251,49.25,41.705882352941174,136.45833333333331
KA03AL8093,intellicar-KA03AL8093-2026-06-01_2026-08-01 (1).csv,2026-06-03 17:23:18,2026-06-03 17:53:18,0.5,99016.53125,58.0,52.0,6.0,12.78125,27.432377049180328,76.125,39.0,213.02083333333334
KA03AL8093,intellicar-KA03AL8093-2026-06-01_2026-08-01 (1).csv,2026-06-04 01:10:19,2026-06-04 03:11:49,2.025,99059.390625,85.0,62.0,23.0,46.3671875,25.093621399176953,80.5,36.617283950617285,201.59646739130434
KA03AL8093,intellicar-KA03AL8093-2026-06-01_2026-08-01 (1).csv,2026-06-04 03:12:19,2026-06-04 05:03:50,1.8586111111111112,99106.03125,63.0,46.0,17.0,45.6953125,31.237179487179485,67.375,38.08205128205128,268.7959558823529
KA03AL8093,intellicar-KA03AL8093-2026-06-01_2026-08-01 (1).csv,2026-06-04 08:05:21,2026-06-04 09:07:21,1.0333333333333334,99159.1953125,91.0,79.0,12.0,27.9375,29.3,85.125,41.536,232.8125
KA03AL8093,intellicar-KA03AL8093-2026-06-01_2026-08-01 (1).csv,2026-06-04 09:07:51,2026-06-04 09:54:22,0.7752777777777777,99187.328125,80.0,71.0,9.0,15.1171875,22.118872549019606,77.875,43.245098039215684,167.96875
KA03AL8093,intellicar-KA03AL8093-2026-06-01_2026-08-01 (1).csv,2026-06-04 09:54:52,2026-06-04 15:25:54,5.517222222222222,99202.734375,72.0,58.0,14.0,27.5390625,21.1140988372093,64.125,43.41279069767442,196.70758928571428
KA03AL8093,intellicar-KA03AL8093-2026-06-01_2026-08-01 (1).csv,2026-06-04 18:23:55,2026-06-04 19:21:25,0.9583333333333334,99230.3046875,93.0,83.0,10.0,20.9921875,26.471698113207548,61.375,40.386792452830186,209.921875
KA03AL8093,intellicar-KA03AL8093-2026-06-01_2026-08-01 (1).csv,2026-06-04 19:21:55,2026-06-04 19:42:55,0.35,99251.4765625,84.0,79.0,5.0,9.546875,29.933139534883722,64.375,39.30232558139535,190.9375
KA03AL8093,intellicar-KA03AL8093-2026-06-01_2026-08-01 (1).csv,2026-06-04 19:43:25,2026-06-04 20:19:26,0.6002777777777778,99261.25,80.0,67.0,13.0,25.09375,44.91609589041096,70.625,39.0,193.02884615384613
KA03AL8093,intellicar-KA03AL8093-2026-06-01_2026-08-01 (1).csv,2026-06-04 20:19:26,2026-06-04 20:55:56,0.6083333333333333,99286.015625,68.0,61.0,7.0,15.7109375,34.0125,78.75,39.0,224.44196428571428
KA03AL8093,intellicar-KA03AL8093-2026-06-01_2026-08-01 (1).csv,2026-06-04 21:45:26,2026-06-04 23:46:26,2.0166666666666666,99301.7265625,95.0,81.0,14.0,28.9296875,16.02659574468085,84.5,40.40851063829787,206.640625
KA03AL8093,intellicar-KA03AL8093-2026-06-01_2026-08-01 (1).csv,2026-06-04 23:46:56,2026-06-05 01:18:26,1.525,99330.9921875,82.0,68.0,14.0,30.3515625,29.961111111111112,71.625,38.94074074074074,216.796875
KA03AL8093,intellicar-KA03AL8093-2026-06-01_2026-08-01 (1).csv,2026-06-05 11:04:00,2026-06-05 12:34:31,1.5086111111111111,99393.828125,53.0,35.0,18.0,36.7734375,26.56146408839779,87.875,41.425414364640886,204.296875
KA03AL8093,intellicar-KA03AL8093-2026-06-01_2026-08-01 (1).csv,2026-06-05 14:29:31,2026-06-05 17:59:02,3.4919444444444445,99432.1796875,83.0,68.0,15.0,31.1171875,20.311262376237625,83.875,38.04455445544554,207.44791666666669
KA03AL8093,intellicar-KA03AL8093-2026-06-01_2026-08-01 (1).csv,2026-06-05 17:59:32,2026-06-05 18:28:02,0.475,99463.6484375,69.0,62.0,7.0,13.4140625,31.74353448275862,65.625,38.0,191.62946428571428
KA03AL8093,intellicar-KA03AL8093-2026-06-01_2026-08-01 (1).csv,2026-06-05 18:28:32,2026-06-05 19:17:32,0.8166666666666667,99477.1875,63.0,54.0,9.0,12.9921875,17.713383838383837,80.375,38.0,144.35763888888889
KA03AL8093,intellicar-KA03AL8093-2026-06-01_2026-08-01 (1).csv,2026-06-05 19:31:33,2026-06-05 20:42:03,1.175,99495.40625,53.0,39.0,14.0,34.296875,36.798780487804876,86.875,37.67479674796748,244.97767857142856
KA03AL8093,intellicar-KA03AL8093-2026-06-01_2026-08-01 (1).csv,2026-06-06 01:55:34,2026-06-06 03:09:34,1.2333333333333334,99529.984375,88.0,72.0,16.0,34.109375,40.28399122807018,85.75,37.98245614035088,213.18359375
KA03AL8093,intellicar-KA03AL8093-2026-06-01_2026-08-01 (1).csv,2026-06-06 03:09:34,2026-06-06 05:22:04,2.2083333333333335,99563.7109375,73.0,39.0,34.0,71.234375,38.48045267489712,84.625,39.83127572016461,209.51286764705884
KA03AL8093,intellicar-KA03AL8093-2026-06-01_2026-08-01 (1).csv,2026-06-06 06:40:05,2026-06-06 09:09:06,2.483611111111111,99634.953125,95.0,79.0,16.0,31.5234375,25.241666666666667,84.75,40.915151515151514,197.021484375
KA03AL8093,intellicar-KA03AL8093-2026-06-01_2026-08-01 (1).csv,2026-06-06 09:09:36,2026-06-06 11:00:06,1.8416666666666666,99666.859375,80.0,61.0,19.0,30.421875,20.597087378640776,72.375,42.77669902912621,160.11513157894737
KA03AL8093,intellicar-KA03AL8093-2026-06-01_2026-08-01 (1).csv,2026-06-06 11:00:36,2026-06-06 11:23:37,0.3836111111111111,99697.4375,62.0,54.0,8.0,13.71875,38.39627659574468,82.25,43.361702127659576,171.484375
KA03AL8093,intellicar-KA03AL8093-2026-06-01_2026-08-01 (1).csv,2026-06-06 11:24:06,2026-06-06 12:50:07,1.4336111111111112,99711.4921875,55.0,43.0,12.0,22.5703125,31.51478494623656,78.375,43.956989247311824,188.0859375
KA03AL8093,intellicar-KA03AL8093-2026-06-01_2026-08-01 (1).csv,2026-06-06 13:15:07,2026-06-06 13:55:07,0.6666666666666666,99734.0625,66.0,55.0,11.0,22.1875,37.7,83.75,42.2125,201.70454545454547
KA03AL8093,intellicar-KA03AL8093-2026-06-01_2026-08-01 (1).csv,2026-06-06 13:56:07,2026-06-06 15:27:08,1.5169444444444444,99756.59375,56.0,28.0,28.0,59.0546875,40.923537234042556,85.75,40.930851063829785,210.90959821428572
KA03AL8093,intellicar-KA03AL8093-2026-06-01_2026-08-01 (1).csv,2026-06-06 15:34:38,2026-06-06 15:54:08,0.325,99821.0546875,27.0,22.0,5.0,7.953125,27.871875,58.25,41.0,159.0625
KA03AL8093,intellicar-KA03AL8093-2026-06-01_2026-08-01 (1).csv,2026-06-10 19:54:32,2026-06-10 20:14:02,0.325,100962.90625,83.0,78.0,5.0,10.8984375,35.79375,56.5,41.825,217.96875
KA03AL8093,intellicar-KA03AL8093-2026-06-01_2026-08-01 (1).csv,2026-06-10 20:14:32,2026-06-10 21:21:32,1.1166666666666667,100974.03125,79.0,61.0,18.0,33.75,33.010185185185186,73.75,40.28148148148148,187.5
KA03AL8093,intellicar-KA03AL8093-2026-06-01_2026-08-01 (1).csv,2026-06-10 21:25:03,2026-06-10 21:37:03,0.2,101010.3984375,61.0,56.0,5.0,7.6953125,39.065,77.125,40.0,153.90625
KA03AL8093,intellicar-KA03AL8093-2026-06-01_2026-08-01 (1).csv,2026-06-11 13:55:06,2026-06-11 17:16:37,3.358611111111111,101116.9140625,57.0,46.0,11.0,19.7890625,18.305944055944057,69.75,40.85314685314685,179.9005681818182
KA03AL8093,intellicar-KA03AL8093-2026-06-01_2026-08-01 (1).csv,2026-06-11 17:17:07,2026-06-11 19:21:08,2.0669444444444443,101136.8828125,47.0,19.0,28.0,63.2265625,37.68664383561644,87.625,39.45205479452055,225.80915178571428
KA03AL8093,intellicar-KA03AL8093-2026-06-01_2026-08-01 (1).csv,2026-06-11 20:08:38,2026-06-11 22:42:08,2.558333333333333,101203.6953125,72.0,33.0,39.0,83.8828125,41.303903345724905,87.625,39.226765799256505,215.0841346153846
KA03AL8093,intellicar-KA03AL8093-2026-06-01_2026-08-01 (1).csv,2026-06-11 23:16:38,2026-06-12 00:46:08,1.4916666666666667,101287.609375,59.0,43.0,16.0,33.0,35.20389344262295,78.375,40.68032786885246,206.25
KA03AL8093,intellicar-KA03AL8093-2026-06-01_2026-08-01 (1).csv,2026-06-12 00:46:38,2026-06-12 01:46:09,0.9919444444444444,101321.0390625,44.0,22.0,22.0,47.875,54.47306034482759,86.125,39.11206896551724,217.61363636363637
KA03AL8093,intellicar-KA03AL8093-2026-06-01_2026-08-01 (1).csv,2026-06-12 04:15:09,2026-06-12 08:59:11,4.733888888888889,101374.3515625,91.0,75.0,16.0,37.6171875,20.944915254237287,78.125,40.24152542372882,235.107421875
KA03AL8093,intellicar-KA03AL8093-2026-06-01_2026-08-01 (1).csv,2026-06-12 08:59:11,2026-06-12 10:16:11,1.2833333333333334,101411.453125,76.0,63.0,13.0,27.8125,20.232734806629836,71.375,43.110497237569064,213.9423076923077
KA03AL8093,intellicar-KA03AL8093-2026-06-01_2026-08-01 (1).csv,2026-06-12 10:16:41,2026-06-12 12:33:12,2.2752777777777777,101439.53125,64.0,49.0,15.0,32.046875,26.6875,79.0,43.5253164556962,213.64583333333331
KA03AL8093,intellicar-KA03AL8093-2026-06-01_2026-08-01 (1).csv,2026-06-12 20:40:14,2026-06-12 21:01:44,0.35833333333333334,101481.9453125,100.0,95.0,5.0,11.234375,32.79829545454545,53.25,37.59090909090909,224.68750000000003
KA03AL8093,intellicar-KA03AL8093-2026-06-01_2026-08-01 (1).csv,2026-06-12 21:39:14,2026-06-12 21:50:44,0.19166666666666668,101503.0390625,91.0,86.0,5.0,9.3125,47.005208333333336,60.375,35.0,186.25
KA03AL8093,intellicar-KA03AL8093-2026-06-01_2026-08-01 (1).csv,2026-06-12 21:50:44,2026-06-12 22:24:44,0.5666666666666667,101512.046875,87.0,73.0,14.0,25.546875,47.785714285714285,75.5,35.0,182.47767857142858
KA03AL8093,intellicar-KA03AL8093-2026-06-01_2026-08-01 (1).csv,2026-06-12 22:24:44,2026-06-12 23:49:14,1.4083333333333334,101537.0703125,74.0,60.0,14.0,29.265625,35.5946261682243,84.375,35.0,209.04017857142856
KA03AL8093,intellicar-KA03AL8093-2026-06-01_2026-08-01 (1).csv,2026-06-13 00:32:45,2026-06-13 03:06:15,2.558333333333333,101566.421875,95.0,69.0,26.0,54.671875,34.49702380952381,83.875,37.976190476190474,210.2764423076923
KA03AL8093,intellicar-KA03AL8093-2026-06-01_2026-08-01 (1).csv,2026-06-13 03:06:45,2026-06-13 03:58:15,0.8583333333333333,101621.515625,70.0,63.0,7.0,13.8125,25.848958333333332,62.375,37.90277777777778,197.32142857142858
KA03AL8093,intellicar-KA03AL8093-2026-06-01_2026-08-01 (1).csv,2026-06-15 07:23:58,2026-06-15 12:59:30,5.592222222222222,101639.0859375,57.0,0.0,57.0,43.7890625,11.71818637274549,67.625,43.947895791583164,76.82291666666666
KA03AL8093,intellicar-KA03AL8093-2026-06-01_2026-08-01 (1).csv,2026-06-29 20:44:42,2026-06-29 21:48:12,1.0583333333333333,101787.390625,45.0,32.0,13.0,22.2734375,31.418539325842698,88.625,35.07865168539326,171.3341346153846
KA03AL8093,intellicar-KA03AL8093-2026-06-01_2026-08-01 (1).csv,2026-06-30 02:42:44,2026-06-30 07:18:45,4.6002777777777775,101810.8125,95.0,63.0,32.0,66.71875,23.503957783641162,87.0,38.94722955145119,208.49609375
KA03AL8093,intellicar-KA03AL8093-2026-06-01_2026-08-01 (1).csv,2026-06-30 20:32:49,2026-06-30 23:49:20,3.2752777777777777,101939.6484375,84.0,58.0,26.0,62.046875,38.38452380952381,82.625,38.86190476190476,238.6418269230769
KA03AL8093,intellicar-KA03AL8093-2026-06-01_2026-08-01 (1).csv,2026-07-01 08:40:52,2026-07-01 12:53:53,4.216944444444445,102096.8046875,85.0,50.0,35.0,62.4296875,23.517806267806268,89.125,40.903133903133906,178.37053571428572
KA03AL8093,intellicar-KA03AL8093-2026-06-01_2026-08-01 (1).csv,2026-07-01 16:20:54,2026-07-01 18:30:25,2.158611111111111,102166.15625,95.0,78.0,17.0,25.1875,23.91111111111111,78.5,41.681481481481484,148.16176470588235
KA03AL8093,intellicar-KA03AL8093-2026-06-01_2026-08-01 (1).csv,2026-07-02 08:13:59,2026-07-02 09:10:59,0.95,102279.84375,89.0,81.0,8.0,13.4453125,15.747826086956522,44.75,42.47826086956522,168.06640625
KA03AL8093,intellicar-KA03AL8093-2026-06-01_2026-08-01 (1).csv,2026-07-02 10:12:33,2026-07-02 14:02:02,3.8247222222222224,102300.3828125,79.0,46.0,33.0,65.0546875,18.565371991247265,83.75,41.7199124726477,197.13541666666669
KA03AL8093,intellicar-KA03AL8093-2026-06-01_2026-08-01 (1).csv,2026-07-02 14:02:32,2026-07-02 15:35:03,1.5419444444444443,102365.9375,47.0,42.0,5.0,7.484375,19.233490566037737,70.75,40.58490566037736,149.6875
KA03AL8093,intellicar-KA03AL8093-2026-06-01_2026-08-01 (1).csv,2026-07-02 16:49:03,2026-07-02 19:16:04,2.450277777777778,102373.421875,95.0,63.0,32.0,61.4375,28.51108156028369,82.375,39.41489361702128,191.9921875
KA03AL8093,intellicar-KA03AL8093-2026-06-01_2026-08-01 (1).csv,2026-07-02 19:16:04,2026-07-02 20:52:04,1.6,102434.328125,64.0,48.0,16.0,27.796875,35.52741228070175,76.625,38.473684210526315,173.73046875
KA03AL8093,intellicar-KA03AL8093-2026-06-01_2026-08-01 (1).csv,2026-07-02 21:55:04,2026-07-03 02:46:05,4.8502777777777775,102462.1328125,95.0,79.0,16.0,30.5390625,41.64413265306123,87.125,39.642857142857146,190.869140625
KA03AL8093,intellicar-KA03AL8093-2026-06-01_2026-08-01 (1).csv,2026-07-03 14:44:10,2026-07-03 15:46:41,1.0419444444444443,102561.40625,95.0,87.0,8.0,14.6875,21.197916666666668,49.5,41.989583333333336,183.59375
KA03AL8093,intellicar-KA03AL8093-2026-06-01_2026-08-01 (1).csv,2026-07-03 15:47:11,2026-07-03 19:13:12,3.433611111111111,102576.3671875,88.0,52.0,36.0,73.96875,25.730666666666668,72.75,38.85333333333333,205.46875
KA03AL8093,intellicar-KA03AL8093-2026-06-01_2026-08-01 (1).csv,2026-07-03 19:13:42,2026-07-03 19:39:12,0.425,102650.7265625,53.0,47.0,6.0,9.546875,24.547169811320753,74.75,36.716981132075475,159.11458333333331
KA03AL8093,intellicar-KA03AL8093-2026-06-01_2026-08-01 (1).csv,2026-07-04 07:38:45,2026-07-04 11:08:16,3.4919444444444445,102675.1328125,41.0,23.0,18.0,32.2734375,20.420400943396228,72.5,36.33490566037736,179.296875
KA03AL8093,intellicar-KA03AL8093-2026-06-01_2026-08-01 (1).csv,2026-07-05 09:52:53,2026-07-05 12:18:54,2.433611111111111,102793.0703125,43.0,22.0,21.0,38.9296875,17.761678200692042,67.875,39.550173010380625,185.37946428571428
KA03AL8093,intellicar-KA03AL8093-2026-06-01_2026-08-01 (1).csv,2026-07-05 16:09:56,2026-07-05 21:52:28,5.708888888888889,102833.65625,80.0,48.0,32.0,62.9609375,28.330574912891986,83.75,36.951219512195124,196.7529296875
KA03AL8093,intellicar-KA03AL8093-2026-06-01_2026-08-01 (1).csv,2026-07-05 21:52:28,2026-07-05 22:34:58,0.7083333333333334,102896.4921875,49.0,41.0,8.0,15.4140625,28.559782608695652,83.0,35.0,192.67578125
KA03AL8093,intellicar-KA03AL8093-2026-06-01_2026-08-01 (1).csv,2026-07-06 08:53:02,2026-07-06 10:00:02,1.1166666666666667,102986.0625,62.0,50.0,12.0,24.203125,24.416044776119403,66.25,42.0,201.69270833333334
KA03AL8093,intellicar-KA03AL8093-2026-06-01_2026-08-01 (1).csv,2026-07-06 10:00:32,2026-07-06 10:30:02,0.49166666666666664,103010.5390625,51.0,42.0,9.0,19.375,47.476851851851855,85.375,42.0,215.27777777777777
KA03AL8093,intellicar-KA03AL8093-2026-06-01_2026-08-01 (1).csv,2026-07-06 12:22:33,2026-07-06 14:19:04,1.9419444444444445,103033.84375,100.0,81.0,19.0,36.71875,38.912,83.5,42.24,193.25657894736844
KA03AL8093,intellicar-KA03AL8093-2026-06-01_2026-08-01 (1).csv,2026-07-06 14:19:34,2026-07-06 16:07:05,1.7919444444444443,103070.90625,82.0,57.0,25.0,43.9140625,26.918023255813953,86.25,41.80930232558139,175.65625
KA03AL8093,intellicar-KA03AL8093-2026-06-01_2026-08-01 (1).csv,2026-07-08 08:11:44,2026-07-08 10:39:45,2.4669444444444446,103324.796875,53.0,37.0,16.0,35.1796875,16.290453074433657,61.75,39.711974110032365,219.873046875
KA03AL8093,intellicar-KA03AL8093-2026-06-01_2026-08-01 (1).csv,2026-07-08 10:40:15,2026-07-08 11:18:15,0.6333333333333333,103360.1171875,38.0,27.0,11.0,27.578125,46.9448051948052,82.75,40.76623376623377,250.71022727272728
KA03AL8093,intellicar-KA03AL8093-2026-06-01_2026-08-01 (1).csv,2026-07-08 13:54:16,2026-07-08 14:33:46,0.6583333333333333,103393.8046875,93.0,82.0,11.0,23.0546875,45.075367647058826,85.0,39.35294117647059,209.58806818181816
KA03AL8093,intellicar-KA03AL8093-2026-06-01_2026-08-01 (1).csv,2026-07-08 14:34:16,2026-07-08 15:20:17,0.7669444444444444,103417.328125,83.0,72.0,11.0,20.6875,30.287634408602152,63.125,39.12903225806452,188.0681818181818
KA03AL8093,intellicar-KA03AL8093-2026-06-01_2026-08-01 (1).csv,2026-07-08 23:32:18,2026-07-09 01:41:19,2.1502777777777777,103496.3984375,64.0,40.0,24.0,52.0546875,39.99038461538461,90.375,37.92307692307692,216.89453125
KA03AL8093,intellicar-KA03AL8093-2026-06-01_2026-08-01 (1).csv,2026-07-09 03:22:49,2026-07-09 04:24:49,1.0333333333333334,103548.4765625,100.0,95.0,5.0,7.9765625,25.008333333333333,69.5,39.77777777777778,159.53125
KA03AL8093,intellicar-KA03AL8093-2026-06-01_2026-08-01 (1).csv,2026-07-09 04:25:19,2026-07-09 09:43:51,5.308888888888889,103556.734375,96.0,51.0,45.0,84.71875,19.00274493243243,84.0,41.123310810810814,188.26388888888889
KA03AL8093,intellicar-KA03AL8093-2026-06-01_2026-08-01 (1).csv,2026-07-09 09:44:21,2026-07-09 10:59:51,1.2583333333333333,103641.9453125,52.0,42.0,10.0,23.6953125,35.03225806451613,88.125,42.41935483870968,236.953125
KA03AL8093,intellicar-KA03AL8093-2026-06-01_2026-08-01 (1).csv,2026-07-09 11:55:52,2026-07-09 12:45:52,0.8333333333333334,103665.6640625,90.0,83.0,7.0,13.421875,24.251543209876544,87.5,40.0,191.74107142857142
KA03AL8093,intellicar-KA03AL8093-2026-06-01_2026-08-01 (1).csv,2026-07-09 12:45:52,2026-07-09 13:26:52,0.6833333333333333,103678.4765625,84.0,73.0,11.0,22.46875,34.558734939759034,85.375,40.87951807228916,204.26136363636363
KA03AL8093,intellicar-KA03AL8093-2026-06-01_2026-08-01 (1).csv,2026-07-09 13:27:22,2026-07-09 15:19:23,1.8669444444444445,103701.3125,74.0,54.0,20.0,42.1640625,24.753348214285715,81.25,41.84375,210.82031250000003
KA03AL8093,intellicar-KA03AL8093-2026-06-01_2026-08-01 (1).csv,2026-07-09 15:19:53,2026-07-09 16:15:53,0.9333333333333333,103744.015625,55.0,44.0,11.0,25.765625,35.13026315789474,75.5,40.4,234.23295454545453
KA03AL8093,intellicar-KA03AL8093-2026-06-01_2026-08-01 (1).csv,2026-07-10 09:38:57,2026-07-10 11:05:57,1.45,103826.0390625,77.0,59.0,18.0,35.59375,26.24642857142857,86.5,40.61714285714286,197.74305555555557
KA03AL8093,intellicar-KA03AL8093-2026-06-01_2026-08-01 (1).csv,2026-07-10 11:05:57,2026-07-10 11:43:58,0.6336111111111111,103861.0,60.0,55.0,5.0,11.4765625,25.756818181818183,88.5,42.0,229.53125
KA03AL8093,intellicar-KA03AL8093-2026-06-01_2026-08-01 (1).csv,2026-07-11 07:14:32,2026-07-11 12:07:33,4.883611111111111,103996.640625,91.0,59.0,32.0,59.65625,16.36836518046709,88.125,42.617834394904456,186.42578125
KA03AL8093,intellicar-KA03AL8093-2026-06-01_2026-08-01 (1).csv,2026-07-11 13:16:04,2026-07-11 17:34:05,4.300277777777778,104060.2578125,94.0,68.0,26.0,53.953125,30.48853711790393,85.625,40.698689956331876,207.51201923076925
KA03AL8093,intellicar-KA03AL8093-2026-06-01_2026-08-01 (1).csv,2026-07-11 17:34:35,2026-07-11 21:19:06,3.7419444444444445,104114.40625,69.0,32.0,37.0,77.296875,25.315189873417722,82.625,39.6,208.91047297297297
KA03AL8093,intellicar-KA03AL8093-2026-06-01_2026-08-01 (1).csv,2026-07-12 08:04:08,2026-07-12 08:24:08,0.3333333333333333,104249.3671875,56.0,49.0,7.0,13.328125,41.92559523809524,86.5,42.976190476190474,190.40178571428572
KA03AL8093,intellicar-KA03AL8093-2026-06-01_2026-08-01 (1).csv,2026-07-12 11:02:39,2026-07-12 11:41:39,0.65,104272.5078125,89.0,78.0,11.0,28.6875,47.10625,89.625,40.5125,260.79545454545456
KA03AL8093,intellicar-KA03AL8093-2026-06-01_2026-08-01 (1).csv,2026-07-12 11:42:09,2026-07-12 13:48:40,2.108611111111111,104301.40625,79.0,61.0,18.0,36.515625,18.83956692913386,61.5,42.645669291338585,202.86458333333334
KA03AL8093,intellicar-KA03AL8093-2026-06-01_2026-08-01 (1).csv,2026-07-12 13:49:10,2026-07-12 17:30:11,3.683611111111111,104338.109375,62.0,40.0,22.0,50.8125,25.59218146718147,78.875,40.5019305019305,230.9659090909091
KA03AL8093,intellicar-KA03AL8093-2026-06-01_2026-08-01 (1).csv,2026-07-12 19:55:12,2026-07-13 01:03:13,5.133611111111111,104403.125,95.0,73.0,22.0,46.625,38.38198757763975,86.625,38.22981366459627,211.93181818181816
KA03AL8093,intellicar-KA03AL8093-2026-06-01_2026-08-01 (1).csv,2026-07-13 01:03:43,2026-07-13 05:08:14,4.075277777777778,104450.2890625,74.0,35.0,39.0,77.609375,21.736702127659573,84.5,37.2,198.99839743589746
KA03AL8093,intellicar-KA03AL8093-2026-06-01_2026-08-01 (1).csv,2026-07-13 05:08:44,2026-07-13 06:27:44,1.3166666666666667,104528.1484375,36.0,24.0,12.0,25.9921875,30.744419642857142,78.625,40.11607142857143,216.6015625
KA03AL8093,intellicar-KA03AL8093-2026-06-01_2026-08-01 (1).csv,2026-07-14 10:45:22,2026-07-14 15:40:54,4.9255555555555555,104727.4765625,78.0,47.0,31.0,68.3984375,16.75970425138632,79.625,43.482439926062845,220.64012096774195
KA03AL8093,intellicar-KA03AL8093-2026-06-01_2026-08-01 (1).csv,2026-07-15 02:38:56,2026-07-15 03:26:26,0.7916666666666666,104846.1875,68.0,61.0,7.0,13.171875,18.424479166666668,52.25,36.0,188.16964285714286
KA03AL8093,intellicar-KA03AL8093-2026-06-01_2026-08-01 (1).csv,2026-07-15 03:35:56,2026-07-15 03:51:56,0.26666666666666666,104864.296875,60.0,54.0,6.0,13.765625,55.84469696969697,75.375,36.0,229.42708333333334
KA03AL8093,intellicar-KA03AL8093-2026-06-01_2026-08-01 (1).csv,2026-07-15 03:52:26,2026-07-15 04:14:56,0.375,104878.59375,55.0,48.0,7.0,16.28125,48.53409090909091,86.375,36.56818181818182,232.58928571428572
KA03AL8093,intellicar-KA03AL8093-2026-06-01_2026-08-01 (1).csv,2026-07-15 08:12:28,2026-07-15 13:42:59,5.508611111111111,104909.6328125,91.0,52.0,39.0,85.1953125,18.314469320066333,77.125,45.62852404643449,218.44951923076925
KA03AL8093,intellicar-KA03AL8093-2026-06-01_2026-08-01 (1).csv,2026-07-15 13:43:29,2026-07-15 16:15:00,2.5252777777777777,104995.0859375,53.0,34.0,19.0,32.25,16.5522030651341,75.625,45.42145593869732,169.73684210526315
KA03AL8093,intellicar-KA03AL8093-2026-06-01_2026-08-01 (1).csv,2026-07-16 04:37:33,2026-07-16 06:44:33,2.1166666666666667,105072.8125,71.0,63.0,8.0,13.703125,10.167134831460674,53.75,38.45505617977528,171.2890625
KA03AL8093,intellicar-KA03AL8093-2026-06-01_2026-08-01 (1).csv,2026-07-16 16:24:36,2026-07-16 20:34:37,4.166944444444445,105118.0625,90.0,36.0,54.0,128.3359375,42.61746231155779,90.375,38.89447236180904,237.6591435185185
KA03AL8093,intellicar-KA03AL8093-2026-06-01_2026-08-01 (1).csv,2026-07-16 20:35:07,2026-07-16 21:04:08,0.4836111111111111,105246.8671875,37.0,29.0,8.0,14.03125,30.79237288135593,60.625,38.0,175.390625
KA03AL8093,intellicar-KA03AL8093-2026-06-01_2026-08-01 (1).csv,2026-07-16 21:44:08,2026-07-16 23:13:39,1.4919444444444445,105260.90625,69.0,59.0,10.0,19.6015625,21.237,51.0,42.272,196.015625
KA03AL8093,intellicar-KA03AL8093-2026-06-01_2026-08-01 (1).csv,2026-07-16 23:49:09,2026-07-17 04:23:10,4.566944444444444,105280.5078125,93.0,73.0,20.0,41.6171875,18.544368600682596,74.875,40.25255972696246,208.08593750000003
KA03AL8093,intellicar-KA03AL8093-2026-06-01_2026-08-01 (1).csv,2026-07-17 04:23:40,2026-07-17 06:37:41,2.233611111111111,105322.2109375,74.0,60.0,14.0,25.5546875,15.414592760180996,58.25,39.89140271493213,182.53348214285714
KA03AL8093,intellicar-KA03AL8093-2026-06-01_2026-08-01 (1).csv,2026-07-17 06:44:11,2026-07-17 07:43:45,0.9927777777777778,105351.5703125,59.0,46.0,13.0,27.796875,38.58016304347826,84.875,40.47826086956522,213.8221153846154
KA03AL8093,intellicar-KA03AL8093-2026-06-01_2026-08-01 (1).csv,2026-07-17 08:50:11,2026-07-17 13:37:13,4.783888888888889,105379.3671875,95.0,59.0,36.0,78.1875,18.933659217877096,82.875,40.58659217877095,217.1875
KA03AL8093,intellicar-KA03AL8093-2026-06-01_2026-08-01 (1).csv,2026-07-24 04:32:28,2026-07-24 09:58:00,5.4255555555555555,105766.28125,100.0,21.0,79.0,82.125,16.8125,66.0,42.296875,103.95569620253164
KA03AL8093,intellicar-KA03AL8093-2026-06-01_2026-08-01 (1).csv,2026-07-24 17:52:03,2026-07-24 18:28:03,0.6,105869.984375,85.0,77.0,8.0,9.7890625,17.666095890410958,67.875,40.0,122.36328125
KA03AL8093,intellicar-KA03AL8093-2026-06-01_2026-08-01 (1).csv,2026-07-26 04:19:12,2026-07-26 08:08:13,3.8169444444444443,105989.640625,100.0,49.0,51.0,66.265625,20.164395734597157,81.125,40.514218009478675,129.9325980392157
KA03AL8093,intellicar-KA03AL8093-2026-06-01_2026-08-01 (1).csv,2026-07-26 08:08:43,2026-07-26 10:42:44,2.5669444444444443,106056.3671875,50.0,18.0,32.0,45.015625,21.791977611940297,63.875,42.757462686567166,140.673828125
KA03AL8093,intellicar-KA03AL8093-2026-06-01_2026-08-01 (1).csv,2026-07-27 03:45:49,2026-07-27 05:35:49,1.8333333333333333,106160.65625,96.0,83.0,13.0,16.9921875,11.222361809045227,50.125,38.185929648241206,130.7091346153846
KA03AL8093,intellicar-KA03AL8093-2026-06-01_2026-08-01 (1).csv,2026-07-27 06:03:20,2026-07-27 08:57:20,2.9,106179.2734375,81.0,46.0,35.0,40.6015625,18.39057239057239,69.5,40.84511784511785,116.00446428571429
KA03AL8093,intellicar-KA03AL8093-2026-06-01_2026-08-01 (1).csv,2026-07-27 13:37:22,2026-07-27 14:53:53,1.2752777777777777,106219.875,96.0,88.0,8.0,7.828125,9.82358870967742,47.75,39.20967741935484,97.8515625
KA03AL8093,intellicar-KA03AL8093-2026-06-01_2026-08-01 (1).csv,2026-07-27 14:53:53,2026-07-27 16:45:24,1.8586111111111112,106227.3359375,89.0,66.0,23.0,27.09375,18.470549738219894,62.125,39.989528795811516,117.79891304347827
KA03AL8093,intellicar-KA03AL8093-2026-06-01_2026-08-01 (1).csv,2026-07-28 00:55:56,2026-07-28 06:34:57,5.650277777777778,106254.4296875,100.0,49.0,51.0,65.6875,16.050189393939394,87.375,37.78977272727273,128.79901960784315
KA03AL8093,intellicar-KA03AL8093-2026-06-01_2026-08-01 (1).csv,2026-07-29 02:11:03,2026-07-29 04:40:03,2.4833333333333334,106388.765625,100.0,74.0,26.0,31.84375,14.401632302405499,60.25,42.24742268041237,122.47596153846155
KA03AL8093,intellicar-KA03AL8093-2026-06-01_2026-08-01 (1).csv,2026-07-29 04:40:03,2026-07-29 07:21:34,2.6919444444444443,106420.4609375,75.0,40.0,35.0,33.3515625,13.919043624161073,75.125,42.0,95.29017857142857
KA03AL8093,intellicar-KA03AL8093-2026-06-01_2026-08-01 (1).csv,2026-07-29 15:36:39,2026-07-29 20:16:08,4.658055555555555,106453.8671875,100.0,50.0,50.0,80.1953125,22.3707805907173,70.625,38.41139240506329,160.390625
KA03AL8093,intellicar-KA03AL8093-2026-06-01_2026-08-01 (1).csv,2026-07-29 21:06:39,2026-07-29 23:41:39,2.5833333333333335,106534.078125,93.0,81.0,12.0,18.9921875,26.808423913043477,71.0,40.858695652173914,158.26822916666669
KA03AL8093,intellicar-KA03AL8093-2026-06-01_2026-08-01 (1).csv,2026-07-29 23:41:39,2026-07-30 01:13:39,1.5333333333333334,106552.75,82.0,56.0,26.0,41.7734375,42.47286821705426,87.5,39.434108527131784,160.66706730769232
KA03AL8093,intellicar-KA03AL8093-2026-06-01_2026-08-01.csv,2026-06-03 17:23:18,2026-06-03 17:53:18,0.5,99016.53125,58.0,52.0,6.0,12.78125,27.432377049180328,76.125,39.0,213.02083333333334
KA03AL8093,intellicar-KA03AL8093-2026-06-01_2026-08-01.csv,2026-06-04 01:10:19,2026-06-04 03:11:49,2.025,99059.390625,85.0,62.0,23.0,46.3671875,25.093621399176953,80.5,36.617283950617285,201.59646739130434
KA03AL8093,intellicar-KA03AL8093-2026-06-01_2026-08-01.csv,2026-06-04 03:12:19,2026-06-04 05:03:50,1.8586111111111112,99106.03125,63.0,46.0,17.0,45.6953125,31.237179487179485,67.375,38.08205128205128,268.7959558823529
KA03AL8093,intellicar-KA03AL8093-2026-06-01_2026-08-01.csv,2026-06-04 08:05:21,2026-06-04 09:07:21,1.0333333333333334,99159.1953125,91.0,79.0,12.0,27.9375,29.3,85.125,41.536,232.8125
KA03AL8093,intellicar-KA03AL8093-2026-06-01_2026-08-01.csv,2026-06-04 09:07:51,2026-06-04 09:54:22,0.7752777777777777,99187.328125,80.0,71.0,9.0,15.1171875,22.118872549019606,77.875,43.245098039215684,167.96875
KA03AL8093,intellicar-KA03AL8093-2026-06-01_2026-08-01.csv,2026-06-04 09:54:52,2026-06-04 15:25:54,5.517222222222222,99202.734375,72.0,58.0,14.0,27.5390625,21.1140988372093,64.125,43.41279069767442,196.70758928571428
KA03AL8093,intellicar-KA03AL8093-2026-06-01_2026-08-01.csv,2026-06-04 18:23:55,2026-06-04 19:21:25,0.9583333333333334,99230.3046875,93.0,83.0,10.0,20.9921875,26.471698113207548,61.375,40.386792452830186,209.921875
KA03AL8093,intellicar-KA03AL8093-2026-06-01_2026-08-01.csv,2026-06-04 19:21:55,2026-06-04 19:42:55,0.35,99251.4765625,84.0,79.0,5.0,9.546875,29.933139534883722,64.375,39.30232558139535,190.9375
KA03AL8093,intellicar-KA03AL8093-2026-06-01_2026-08-01.csv,2026-06-04 19:43:25,2026-06-04 20:19:26,0.6002777777777778,99261.25,80.0,67.0,13.0,25.09375,44.91609589041096,70.625,39.0,193.02884615384613
KA03AL8093,intellicar-KA03AL8093-2026-06-01_2026-08-01.csv,2026-06-04 20:19:26,2026-06-04 20:55:56,0.6083333333333333,99286.015625,68.0,61.0,7.0,15.7109375,34.0125,78.75,39.0,224.44196428571428
KA03AL8093,intellicar-KA03AL8093-2026-06-01_2026-08-01.csv,2026-06-04 21:45:26,2026-06-04 23:46:26,2.0166666666666666,99301.7265625,95.0,81.0,14.0,28.9296875,16.02659574468085,84.5,40.40851063829787,206.640625
KA03AL8093,intellicar-KA03AL8093-2026-06-01_2026-08-01.csv,2026-06-04 23:46:56,2026-06-05 01:18:26,1.525,99330.9921875,82.0,68.0,14.0,30.3515625,29.961111111111112,71.625,38.94074074074074,216.796875
KA03AL8093,intellicar-KA03AL8093-2026-06-01_2026-08-01.csv,2026-06-05 11:04:00,2026-06-05 12:34:31,1.5086111111111111,99393.828125,53.0,35.0,18.0,36.7734375,26.56146408839779,87.875,41.425414364640886,204.296875
KA03AL8093,intellicar-KA03AL8093-2026-06-01_2026-08-01.csv,2026-06-05 14:29:31,2026-06-05 17:59:02,3.4919444444444445,99432.1796875,83.0,68.0,15.0,31.1171875,20.311262376237625,83.875,38.04455445544554,207.44791666666669
KA03AL8093,intellicar-KA03AL8093-2026-06-01_2026-08-01.csv,2026-06-05 17:59:32,2026-06-05 18:28:02,0.475,99463.6484375,69.0,62.0,7.0,13.4140625,31.74353448275862,65.625,38.0,191.62946428571428
KA03AL8093,intellicar-KA03AL8093-2026-06-01_2026-08-01.csv,2026-06-05 18:28:32,2026-06-05 19:17:32,0.8166666666666667,99477.1875,63.0,54.0,9.0,12.9921875,17.713383838383837,80.375,38.0,144.35763888888889
KA03AL8093,intellicar-KA03AL8093-2026-06-01_2026-08-01.csv,2026-06-05 19:31:33,2026-06-05 20:42:03,1.175,99495.40625,53.0,39.0,14.0,34.296875,36.798780487804876,86.875,37.67479674796748,244.97767857142856
KA03AL8093,intellicar-KA03AL8093-2026-06-01_2026-08-01.csv,2026-06-06 01:55:34,2026-06-06 03:09:34,1.2333333333333334,99529.984375,88.0,72.0,16.0,34.109375,40.28399122807018,85.75,37.98245614035088,213.18359375
KA03AL8093,intellicar-KA03AL8093-2026-06-01_2026-08-01.csv,2026-06-06 03:09:34,2026-06-06 05:22:04,2.2083333333333335,99563.7109375,73.0,39.0,34.0,71.234375,38.48045267489712,84.625,39.83127572016461,209.51286764705884
KA03AL8093,intellicar-KA03AL8093-2026-06-01_2026-08-01.csv,2026-06-06 06:40:05,2026-06-06 09:09:06,2.483611111111111,99634.953125,95.0,79.0,16.0,31.5234375,25.241666666666667,84.75,40.915151515151514,197.021484375
KA03AL8093,intellicar-KA03AL8093-2026-06-01_2026-08-01.csv,2026-06-06 09:09:36,2026-06-06 11:00:06,1.8416666666666666,99666.859375,80.0,61.0,19.0,30.421875,20.597087378640776,72.375,42.77669902912621,160.11513157894737
KA03AL8093,intellicar-KA03AL8093-2026-06-01_2026-08-01.csv,2026-06-06 11:00:36,2026-06-06 11:23:37,0.3836111111111111,99697.4375,62.0,54.0,8.0,13.71875,38.39627659574468,82.25,43.361702127659576,171.484375
KA03AL8093,intellicar-KA03AL8093-2026-06-01_2026-08-01.csv,2026-06-06 11:24:06,2026-06-06 12:50:07,1.4336111111111112,99711.4921875,55.0,43.0,12.0,22.5703125,31.51478494623656,78.375,43.956989247311824,188.0859375
KA03AL8093,intellicar-KA03AL8093-2026-06-01_2026-08-01.csv,2026-06-06 13:15:07,2026-06-06 13:55:07,0.6666666666666666,99734.0625,66.0,55.0,11.0,22.1875,37.7,83.75,42.2125,201.70454545454547
KA03AL8093,intellicar-KA03AL8093-2026-06-01_2026-08-01.csv,2026-06-06 13:56:07,2026-06-06 15:27:08,1.5169444444444444,99756.59375,56.0,28.0,28.0,59.0546875,40.923537234042556,85.75,40.930851063829785,210.90959821428572
KA03AL8093,intellicar-KA03AL8093-2026-06-01_2026-08-01.csv,2026-06-06 15:34:38,2026-06-06 15:54:08,0.325,99821.0546875,27.0,22.0,5.0,7.953125,27.871875,58.25,41.0,159.0625
KA03AL8093,intellicar-KA03AL8093-2026-06-01_2026-08-01.csv,2026-06-10 19:54:32,2026-06-10 20:14:02,0.325,100962.90625,83.0,78.0,5.0,10.8984375,35.79375,56.5,41.825,217.96875
KA03AL8093,intellicar-KA03AL8093-2026-06-01_2026-08-01.csv,2026-06-10 20:14:32,2026-06-10 21:21:32,1.1166666666666667,100974.03125,79.0,61.0,18.0,33.75,33.010185185185186,73.75,40.28148148148148,187.5
KA03AL8093,intellicar-KA03AL8093-2026-06-01_2026-08-01.csv,2026-06-10 21:25:03,2026-06-10 21:37:03,0.2,101010.3984375,61.0,56.0,5.0,7.6953125,39.065,77.125,40.0,153.90625
KA03AL8093,intellicar-KA03AL8093-2026-06-01_2026-08-01.csv,2026-06-11 13:55:06,2026-06-11 17:16:37,3.358611111111111,101116.9140625,57.0,46.0,11.0,19.7890625,18.305944055944057,69.75,40.85314685314685,179.9005681818182
KA03AL8093,intellicar-KA03AL8093-2026-06-01_2026-08-01.csv,2026-06-11 17:17:07,2026-06-11 19:21:08,2.0669444444444443,101136.8828125,47.0,19.0,28.0,63.2265625,37.68664383561644,87.625,39.45205479452055,225.80915178571428
KA03AL8093,intellicar-KA03AL8093-2026-06-01_2026-08-01.csv,2026-06-11 20:08:38,2026-06-11 22:42:08,2.558333333333333,101203.6953125,72.0,33.0,39.0,83.8828125,41.303903345724905,87.625,39.226765799256505,215.0841346153846
KA03AL8093,intellicar-KA03AL8093-2026-06-01_2026-08-01.csv,2026-06-11 23:16:38,2026-06-12 00:46:08,1.4916666666666667,101287.609375,59.0,43.0,16.0,33.0,35.20389344262295,78.375,40.68032786885246,206.25
KA03AL8093,intellicar-KA03AL8093-2026-06-01_2026-08-01.csv,2026-06-12 00:46:38,2026-06-12 01:46:09,0.9919444444444444,101321.0390625,44.0,22.0,22.0,47.875,54.47306034482759,86.125,39.11206896551724,217.61363636363637
KA03AL8093,intellicar-KA03AL8093-2026-06-01_2026-08-01.csv,2026-06-12 04:15:09,2026-06-12 08:59:11,4.733888888888889,101374.3515625,91.0,75.0,16.0,37.6171875,20.944915254237287,78.125,40.24152542372882,235.107421875
KA03AL8093,intellicar-KA03AL8093-2026-06-01_2026-08-01.csv,2026-06-12 08:59:11,2026-06-12 10:16:11,1.2833333333333334,101411.453125,76.0,63.0,13.0,27.8125,20.232734806629836,71.375,43.110497237569064,213.9423076923077
KA03AL8093,intellicar-KA03AL8093-2026-06-01_2026-08-01.csv,2026-06-12 10:16:41,2026-06-12 12:33:12,2.2752777777777777,101439.53125,64.0,49.0,15.0,32.046875,26.6875,79.0,43.5253164556962,213.64583333333331
KA03AL8093,intellicar-KA03AL8093-2026-06-01_2026-08-01.csv,2026-06-12 20:40:14,2026-06-12 21:01:44,0.35833333333333334,101481.9453125,100.0,95.0,5.0,11.234375,32.79829545454545,53.25,37.59090909090909,224.68750000000003
KA03AL8093,intellicar-KA03AL8093-2026-06-01_2026-08-01.csv,2026-06-12 21:39:14,2026-06-12 21:50:44,0.19166666666666668,101503.0390625,91.0,86.0,5.0,9.3125,47.005208333333336,60.375,35.0,186.25
KA03AL8093,intellicar-KA03AL8093-2026-06-01_2026-08-01.csv,2026-06-12 21:50:44,2026-06-12 22:24:44,0.5666666666666667,101512.046875,87.0,73.0,14.0,25.546875,47.785714285714285,75.5,35.0,182.47767857142858
KA03AL8093,intellicar-KA03AL8093-2026-06-01_2026-08-01.csv,2026-06-12 22:24:44,2026-06-12 23:49:14,1.4083333333333334,101537.0703125,74.0,60.0,14.0,29.265625,35.5946261682243,84.375,35.0,209.04017857142856
KA03AL8093,intellicar-KA03AL8093-2026-06-01_2026-08-01.csv,2026-06-13 00:32:45,2026-06-13 03:06:15,2.558333333333333,101566.421875,95.0,69.0,26.0,54.671875,34.49702380952381,83.875,37.976190476190474,210.2764423076923
KA03AL8093,intellicar-KA03AL8093-2026-06-01_2026-08-01.csv,2026-06-13 03:06:45,2026-06-13 03:58:15,0.8583333333333333,101621.515625,70.0,63.0,7.0,13.8125,25.848958333333332,62.375,37.90277777777778,197.32142857142858
KA03AL8093,intellicar-KA03AL8093-2026-06-01_2026-08-01.csv,2026-06-15 07:23:58,2026-06-15 12:59:30,5.592222222222222,101639.0859375,57.0,0.0,57.0,43.7890625,11.71818637274549,67.625,43.947895791583164,76.82291666666666
KA03AL8093,intellicar-KA03AL8093-2026-06-01_2026-08-01.csv,2026-06-29 20:44:42,2026-06-29 21:48:12,1.0583333333333333,101787.390625,45.0,32.0,13.0,22.2734375,31.418539325842698,88.625,35.07865168539326,171.3341346153846
KA03AL8093,intellicar-KA03AL8093-2026-06-01_2026-08-01.csv,2026-06-30 02:42:44,2026-06-30 07:18:45,4.6002777777777775,101810.8125,95.0,63.0,32.0,66.71875,23.503957783641162,87.0,38.94722955145119,208.49609375
KA03AL8093,intellicar-KA03AL8093-2026-06-01_2026-08-01.csv,2026-06-30 20:32:49,2026-06-30 23:49:20,3.2752777777777777,101939.6484375,84.0,58.0,26.0,62.046875,38.38452380952381,82.625,38.86190476190476,238.6418269230769
KA03AL8093,intellicar-KA03AL8093-2026-06-01_2026-08-01.csv,2026-07-01 08:40:52,2026-07-01 12:53:53,4.216944444444445,102096.8046875,85.0,50.0,35.0,62.4296875,23.517806267806268,89.125,40.903133903133906,178.37053571428572
KA03AL8093,intellicar-KA03AL8093-2026-06-01_2026-08-01.csv,2026-07-01 16:20:54,2026-07-01 18:30:25,2.158611111111111,102166.15625,95.0,78.0,17.0,25.1875,23.91111111111111,78.5,41.681481481481484,148.16176470588235
KA03AL8093,intellicar-KA03AL8093-2026-06-01_2026-08-01.csv,2026-07-02 08:13:59,2026-07-02 09:10:59,0.95,102279.84375,89.0,81.0,8.0,13.4453125,15.747826086956522,44.75,42.47826086956522,168.06640625
KA03AL8093,intellicar-KA03AL8093-2026-06-01_2026-08-01.csv,2026-07-02 10:12:33,2026-07-02 14:02:02,3.8247222222222224,102300.3828125,79.0,46.0,33.0,65.0546875,18.565371991247265,83.75,41.7199124726477,197.13541666666669
KA03AL8093,intellicar-KA03AL8093-2026-06-01_2026-08-01.csv,2026-07-02 14:02:32,2026-07-02 15:35:03,1.5419444444444443,102365.9375,47.0,42.0,5.0,7.484375,19.233490566037737,70.75,40.58490566037736,149.6875
KA03AL8093,intellicar-KA03AL8093-2026-06-01_2026-08-01.csv,2026-07-02 16:49:03,2026-07-02 19:16:04,2.450277777777778,102373.421875,95.0,63.0,32.0,61.4375,28.51108156028369,82.375,39.41489361702128,191.9921875
KA03AL8093,intellicar-KA03AL8093-2026-06-01_2026-08-01.csv,2026-07-02 19:16:04,2026-07-02 20:52:04,1.6,102434.328125,64.0,48.0,16.0,27.796875,35.52741228070175,76.625,38.473684210526315,173.73046875
KA03AL8093,intellicar-KA03AL8093-2026-06-01_2026-08-01.csv,2026-07-02 21:55:04,2026-07-03 02:46:05,4.8502777777777775,102462.1328125,95.0,79.0,16.0,30.5390625,41.64413265306123,87.125,39.642857142857146,190.869140625
KA03AL8093,intellicar-KA03AL8093-2026-06-01_2026-08-01.csv,2026-07-03 14:44:10,2026-07-03 15:46:41,1.0419444444444443,102561.40625,95.0,87.0,8.0,14.6875,21.197916666666668,49.5,41.989583333333336,183.59375
KA03AL8093,intellicar-KA03AL8093-2026-06-01_2026-08-01.csv,2026-07-03 15:47:11,2026-07-03 19:13:12,3.433611111111111,102576.3671875,88.0,52.0,36.0,73.96875,25.730666666666668,72.75,38.85333333333333,205.46875
KA03AL8093,intellicar-KA03AL8093-2026-06-01_2026-08-01.csv,2026-07-03 19:13:42,2026-07-03 19:39:12,0.425,102650.7265625,53.0,47.0,6.0,9.546875,24.547169811320753,74.75,36.716981132075475,159.11458333333331
KA03AL8093,intellicar-KA03AL8093-2026-06-01_2026-08-01.csv,2026-07-04 07:38:45,2026-07-04 11:08:16,3.4919444444444445,102675.1328125,41.0,23.0,18.0,32.2734375,20.420400943396228,72.5,36.33490566037736,179.296875
KA03AL8093,intellicar-KA03AL8093-2026-06-01_2026-08-01.csv,2026-07-05 09:52:53,2026-07-05 12:18:54,2.433611111111111,102793.0703125,43.0,22.0,21.0,38.9296875,17.761678200692042,67.875,39.550173010380625,185.37946428571428
KA03AL8093,intellicar-KA03AL8093-2026-06-01_2026-08-01.csv,2026-07-05 16:09:56,2026-07-05 21:52:28,5.708888888888889,102833.65625,80.0,48.0,32.0,62.9609375,28.330574912891986,83.75,36.951219512195124,196.7529296875
KA03AL8093,intellicar-KA03AL8093-2026-06-01_2026-08-01.csv,2026-07-05 21:52:28,2026-07-05 22:34:58,0.7083333333333334,102896.4921875,49.0,41.0,8.0,15.4140625,28.559782608695652,83.0,35.0,192.67578125
KA03AL8093,intellicar-KA03AL8093-2026-06-01_2026-08-01.csv,2026-07-06 08:53:02,2026-07-06 10:00:02,1.1166666666666667,102986.0625,62.0,50.0,12.0,24.203125,24.416044776119403,66.25,42.0,201.69270833333334
KA03AL8093,intellicar-KA03AL8093-2026-06-01_2026-08-01.csv,2026-07-06 10:00:32,2026-07-06 10:30:02,0.49166666666666664,103010.5390625,51.0,42.0,9.0,19.375,47.476851851851855,85.375,42.0,215.27777777777777
KA03AL8093,intellicar-KA03AL8093-2026-06-01_2026-08-01.csv,2026-07-06 12:22:33,2026-07-06 14:19:04,1.9419444444444445,103033.84375,100.0,81.0,19.0,36.71875,38.912,83.5,42.24,193.25657894736844
KA03AL8093,intellicar-KA03AL8093-2026-06-01_2026-08-01.csv,2026-07-06 14:19:34,2026-07-06 16:07:05,1.7919444444444443,103070.90625,82.0,57.0,25.0,43.9140625,26.918023255813953,86.25,41.80930232558139,175.65625
KA03AL8093,intellicar-KA03AL8093-2026-06-01_2026-08-01.csv,2026-07-08 08:11:44,2026-07-08 10:39:45,2.4669444444444446,103324.796875,53.0,37.0,16.0,35.1796875,16.290453074433657,61.75,39.711974110032365,219.873046875
KA03AL8093,intellicar-KA03AL8093-2026-06-01_2026-08-01.csv,2026-07-08 10:40:15,2026-07-08 11:18:15,0.6333333333333333,103360.1171875,38.0,27.0,11.0,27.578125,46.9448051948052,82.75,40.76623376623377,250.71022727272728
KA03AL8093,intellicar-KA03AL8093-2026-06-01_2026-08-01.csv,2026-07-08 13:54:16,2026-07-08 14:33:46,0.6583333333333333,103393.8046875,93.0,82.0,11.0,23.0546875,45.075367647058826,85.0,39.35294117647059,209.58806818181816
KA03AL8093,intellicar-KA03AL8093-2026-06-01_2026-08-01.csv,2026-07-08 14:34:16,2026-07-08 15:20:17,0.7669444444444444,103417.328125,83.0,72.0,11.0,20.6875,30.287634408602152,63.125,39.12903225806452,188.0681818181818
KA03AL8093,intellicar-KA03AL8093-2026-06-01_2026-08-01.csv,2026-07-08 23:32:18,2026-07-09 01:41:19,2.1502777777777777,103496.3984375,64.0,40.0,24.0,52.0546875,39.99038461538461,90.375,37.92307692307692,216.89453125
KA03AL8093,intellicar-KA03AL8093-2026-06-01_2026-08-01.csv,2026-07-09 03:22:49,2026-07-09 04:24:49,1.0333333333333334,103548.4765625,100.0,95.0,5.0,7.9765625,25.008333333333333,69.5,39.77777777777778,159.53125
KA03AL8093,intellicar-KA03AL8093-2026-06-01_2026-08-01.csv,2026-07-09 04:25:19,2026-07-09 09:43:51,5.308888888888889,103556.734375,96.0,51.0,45.0,84.71875,19.00274493243243,84.0,41.123310810810814,188.26388888888889
KA03AL8093,intellicar-KA03AL8093-2026-06-01_2026-08-01.csv,2026-07-09 09:44:21,2026-07-09 10:59:51,1.2583333333333333,103641.9453125,52.0,42.0,10.0,23.6953125,35.03225806451613,88.125,42.41935483870968,236.953125
KA03AL8093,intellicar-KA03AL8093-2026-06-01_2026-08-01.csv,2026-07-09 11:55:52,2026-07-09 12:45:52,0.8333333333333334,103665.6640625,90.0,83.0,7.0,13.421875,24.251543209876544,87.5,40.0,191.74107142857142
KA03AL8093,intellicar-KA03AL8093-2026-06-01_2026-08-01.csv,2026-07-09 12:45:52,2026-07-09 13:26:52,0.6833333333333333,103678.4765625,84.0,73.0,11.0,22.46875,34.558734939759034,85.375,40.87951807228916,204.26136363636363
KA03AL8093,intellicar-KA03AL8093-2026-06-01_2026-08-01.csv,2026-07-09 13:27:22,2026-07-09 15:19:23,1.8669444444444445,103701.3125,74.0,54.0,20.0,42.1640625,24.753348214285715,81.25,41.84375,210.82031250000003
KA03AL8093,intellicar-KA03AL8093-2026-06-01_2026-08-01.csv,2026-07-09 15:19:53,2026-07-09 16:15:53,0.9333333333333333,103744.015625,55.0,44.0,11.0,25.765625,35.13026315789474,75.5,40.4,234.23295454545453
KA03AL8093,intellicar-KA03AL8093-2026-06-01_2026-08-01.csv,2026-07-10 09:38:57,2026-07-10 11:05:57,1.45,103826.0390625,77.0,59.0,18.0,35.59375,26.24642857142857,86.5,40.61714285714286,197.74305555555557
KA03AL8093,intellicar-KA03AL8093-2026-06-01_2026-08-01.csv,2026-07-10 11:05:57,2026-07-10 11:43:58,0.6336111111111111,103861.0,60.0,55.0,5.0,11.4765625,25.756818181818183,88.5,42.0,229.53125
KA03AL8093,intellicar-KA03AL8093-2026-06-01_2026-08-01.csv,2026-07-11 07:14:32,2026-07-11 12:07:33,4.883611111111111,103996.640625,91.0,59.0,32.0,59.65625,16.36836518046709,88.125,42.617834394904456,186.42578125
KA03AL8093,intellicar-KA03AL8093-2026-06-01_2026-08-01.csv,2026-07-11 13:16:04,2026-07-11 17:34:05,4.300277777777778,104060.2578125,94.0,68.0,26.0,53.953125,30.48853711790393,85.625,40.698689956331876,207.51201923076925
KA03AL8093,intellicar-KA03AL8093-2026-06-01_2026-08-01.csv,2026-07-11 17:34:35,2026-07-11 21:19:06,3.7419444444444445,104114.40625,69.0,32.0,37.0,77.296875,25.315189873417722,82.625,39.6,208.91047297297297
KA03AL8093,intellicar-KA03AL8093-2026-06-01_2026-08-01.csv,2026-07-12 08:04:08,2026-07-12 08:24:08,0.3333333333333333,104249.3671875,56.0,49.0,7.0,13.328125,41.92559523809524,86.5,42.976190476190474,190.40178571428572
KA03AL8093,intellicar-KA03AL8093-2026-06-01_2026-08-01.csv,2026-07-12 11:02:39,2026-07-12 11:41:39,0.65,104272.5078125,89.0,78.0,11.0,28.6875,47.10625,89.625,40.5125,260.79545454545456
KA03AL8093,intellicar-KA03AL8093-2026-06-01_2026-08-01.csv,2026-07-12 11:42:09,2026-07-12 13:48:40,2.108611111111111,104301.40625,79.0,61.0,18.0,36.515625,18.83956692913386,61.5,42.645669291338585,202.86458333333334
KA03AL8093,intellicar-KA03AL8093-2026-06-01_2026-08-01.csv,2026-07-12 13:49:10,2026-07-12 17:30:11,3.683611111111111,104338.109375,62.0,40.0,22.0,50.8125,25.59218146718147,78.875,40.5019305019305,230.9659090909091
KA03AL8093,intellicar-KA03AL8093-2026-06-01_2026-08-01.csv,2026-07-12 19:55:12,2026-07-13 01:03:13,5.133611111111111,104403.125,95.0,73.0,22.0,46.625,38.38198757763975,86.625,38.22981366459627,211.93181818181816
KA03AL8093,intellicar-KA03AL8093-2026-06-01_2026-08-01.csv,2026-07-13 01:03:43,2026-07-13 05:08:14,4.075277777777778,104450.2890625,74.0,35.0,39.0,77.609375,21.736702127659573,84.5,37.2,198.99839743589746
KA03AL8093,intellicar-KA03AL8093-2026-06-01_2026-08-01.csv,2026-07-13 05:08:44,2026-07-13 06:27:44,1.3166666666666667,104528.1484375,36.0,24.0,12.0,25.9921875,30.744419642857142,78.625,40.11607142857143,216.6015625
KA03AL8093,intellicar-KA03AL8093-2026-06-01_2026-08-01.csv,2026-07-14 10:45:22,2026-07-14 15:40:54,4.9255555555555555,104727.4765625,78.0,47.0,31.0,68.3984375,16.75970425138632,79.625,43.482439926062845,220.64012096774195
KA03AL8093,intellicar-KA03AL8093-2026-06-01_2026-08-01.csv,2026-07-15 02:38:56,2026-07-15 03:26:26,0.7916666666666666,104846.1875,68.0,61.0,7.0,13.171875,18.424479166666668,52.25,36.0,188.16964285714286
KA03AL8093,intellicar-KA03AL8093-2026-06-01_2026-08-01.csv,2026-07-15 03:35:56,2026-07-15 03:51:56,0.26666666666666666,104864.296875,60.0,54.0,6.0,13.765625,55.84469696969697,75.375,36.0,229.42708333333334
KA03AL8093,intellicar-KA03AL8093-2026-06-01_2026-08-01.csv,2026-07-15 03:52:26,2026-07-15 04:14:56,0.375,104878.59375,55.0,48.0,7.0,16.28125,48.53409090909091,86.375,36.56818181818182,232.58928571428572
KA03AL8093,intellicar-KA03AL8093-2026-06-01_2026-08-01.csv,2026-07-15 08:12:28,2026-07-15 13:42:59,5.508611111111111,104909.6328125,91.0,52.0,39.0,85.1953125,18.314469320066333,77.125,45.62852404643449,218.44951923076925
KA03AL8093,intellicar-KA03AL8093-2026-06-01_2026-08-01.csv,2026-07-15 13:43:29,2026-07-15 16:15:00,2.5252777777777777,104995.0859375,53.0,34.0,19.0,32.25,16.5522030651341,75.625,45.42145593869732,169.73684210526315
KA03AL8093,intellicar-KA03AL8093-2026-06-01_2026-08-01.csv,2026-07-16 04:37:33,2026-07-16 06:44:33,2.1166666666666667,105072.8125,71.0,63.0,8.0,13.703125,10.167134831460674,53.75,38.45505617977528,171.2890625
KA03AL8093,intellicar-KA03AL8093-2026-06-01_2026-08-01.csv,2026-07-16 16:24:36,2026-07-16 20:34:37,4.166944444444445,105118.0625,90.0,36.0,54.0,128.3359375,42.61746231155779,90.375,38.89447236180904,237.6591435185185
KA03AL8093,intellicar-KA03AL8093-2026-06-01_2026-08-01.csv,2026-07-16 20:35:07,2026-07-16 21:04:08,0.4836111111111111,105246.8671875,37.0,29.0,8.0,14.03125,30.79237288135593,60.625,38.0,175.390625
KA03AL8093,intellicar-KA03AL8093-2026-06-01_2026-08-01.csv,2026-07-16 21:44:08,2026-07-16 23:13:39,1.4919444444444445,105260.90625,69.0,59.0,10.0,19.6015625,21.237,51.0,42.272,196.015625
KA03AL8093,intellicar-KA03AL8093-2026-06-01_2026-08-01.csv,2026-07-16 23:49:09,2026-07-17 04:23:10,4.566944444444444,105280.5078125,93.0,73.0,20.0,41.6171875,18.544368600682596,74.875,40.25255972696246,208.08593750000003
KA03AL8093,intellicar-KA03AL8093-2026-06-01_2026-08-01.csv,2026-07-17 04:23:40,2026-07-17 06:37:41,2.233611111111111,105322.2109375,74.0,60.0,14.0,25.5546875,15.414592760180996,58.25,39.89140271493213,182.53348214285714
KA03AL8093,intellicar-KA03AL8093-2026-06-01_2026-08-01.csv,2026-07-17 06:44:11,2026-07-17 07:43:45,0.9927777777777778,105351.5703125,59.0,46.0,13.0,27.796875,38.58016304347826,84.875,40.47826086956522,213.8221153846154
KA03AL8093,intellicar-KA03AL8093-2026-06-01_2026-08-01.csv,2026-07-17 08:50:11,2026-07-17 13:37:13,4.783888888888889,105379.3671875,95.0,59.0,36.0,78.1875,18.933659217877096,82.875,40.58659217877095,217.1875
KA03AL8093,intellicar-KA03AL8093-2026-06-01_2026-08-01.csv,2026-07-24 04:32:28,2026-07-24 09:58:00,5.4255555555555555,105766.28125,100.0,21.0,79.0,82.125,16.8125,66.0,42.296875,103.95569620253164
KA03AL8093,intellicar-KA03AL8093-2026-06-01_2026-08-01.csv,2026-07-24 17:52:03,2026-07-24 18:28:03,0.6,105869.984375,85.0,77.0,8.0,9.7890625,17.666095890410958,67.875,40.0,122.36328125
KA03AL8093,intellicar-KA03AL8093-2026-06-01_2026-08-01.csv,2026-07-26 04:19:12,2026-07-26 08:08:13,3.8169444444444443,105989.640625,100.0,49.0,51.0,66.265625,20.164395734597157,81.125,40.514218009478675,129.9325980392157
KA03AL8093,intellicar-KA03AL8093-2026-06-01_2026-08-01.csv,2026-07-26 08:08:43,2026-07-26 10:42:44,2.5669444444444443,106056.3671875,50.0,18.0,32.0,45.015625,21.791977611940297,63.875,42.757462686567166,140.673828125
KA03AL8093,intellicar-KA03AL8093-2026-06-01_2026-08-01.csv,2026-07-27 03:45:49,2026-07-27 05:35:49,1.8333333333333333,106160.65625,96.0,83.0,13.0,16.9921875,11.222361809045227,50.125,38.185929648241206,130.7091346153846
KA03AL8093,intellicar-KA03AL8093-2026-06-01_2026-08-01.csv,2026-07-27 06:03:20,2026-07-27 08:57:20,2.9,106179.2734375,81.0,46.0,35.0,40.6015625,18.39057239057239,69.5,40.84511784511785,116.00446428571429
KA03AL8093,intellicar-KA03AL8093-2026-06-01_2026-08-01.csv,2026-07-27 13:37:22,2026-07-27 14:53:53,1.2752777777777777,106219.875,96.0,88.0,8.0,7.828125,9.82358870967742,47.75,39.20967741935484,97.8515625
KA03AL8093,intellicar-KA03AL8093-2026-06-01_2026-08-01.csv,2026-07-27 14:53:53,2026-07-27 16:45:24,1.8586111111111112,106227.3359375,89.0,66.0,23.0,27.09375,18.470549738219894,62.125,39.989528795811516,117.79891304347827
KA03AL8093,intellicar-KA03AL8093-2026-06-01_2026-08-01.csv,2026-07-28 00:55:56,2026-07-28 06:34:57,5.650277777777778,106254.4296875,100.0,49.0,51.0,65.6875,16.050189393939394,87.375,37.78977272727273,128.79901960784315
KA03AL8093,intellicar-KA03AL8093-2026-06-01_2026-08-01.csv,2026-07-29 02:11:03,2026-07-29 04:40:03,2.4833333333333334,106388.765625,100.0,74.0,26.0,31.84375,14.401632302405499,60.25,42.24742268041237,122.47596153846155
KA03AL8093,intellicar-KA03AL8093-2026-06-01_2026-08-01.csv,2026-07-29 04:40:03,2026-07-29 07:21:34,2.6919444444444443,106420.4609375,75.0,40.0,35.0,33.3515625,13.919043624161073,75.125,42.0,95.29017857142857
KA03AL8093,intellicar-KA03AL8093-2026-06-01_2026-08-01.csv,2026-07-29 15:36:39,2026-07-29 20:16:08,4.658055555555555,106453.8671875,100.0,50.0,50.0,80.1953125,22.3707805907173,70.625,38.41139240506329,160.390625
KA03AL8093,intellicar-KA03AL8093-2026-06-01_2026-08-01.csv,2026-07-29 21:06:39,2026-07-29 23:41:39,2.5833333333333335,106534.078125,93.0,81.0,12.0,18.9921875,26.808423913043477,71.0,40.858695652173914,158.26822916666669
KA03AL8093,intellicar-KA03AL8093-2026-06-01_2026-08-01.csv,2026-07-29 23:41:39,2026-07-30 01:13:39,1.5333333333333334,106552.75,82.0,56.0,26.0,41.7734375,42.47286821705426,87.5,39.434108527131784,160.66706730769232
KA03AL8100,intellicar-KA03AL8100-2026-05-01_2026-06-01.csv,2026-05-01 02:35:07,2026-05-01 07:39:11,5.067777777777778,118541.34375,95.0,53.0,42.0,86.4765625,36.442092651757186,86.125,43.460063897763575,205.89657738095238
KA03AL8100,intellicar-KA03AL8100-2026-05-01_2026-06-01.csv,2026-05-01 08:20:09,2026-05-01 09:07:10,0.7836111111111111,118627.828125,81.0,63.0,18.0,43.8359375,63.00621546961326,88.875,43.773480662983424,243.53298611111111
KA03AL8100,intellicar-KA03AL8100-2026-05-01_2026-06-01.csv,2026-05-01 09:07:12,2026-05-01 09:59:40,0.8744444444444445,118671.03125,64.0,53.0,11.0,27.2890625,37.14313471502591,87.875,46.13989637305699,248.08238636363637
KA03AL8100,intellicar-KA03AL8100-2026-05-01_2026-06-01.csv,2026-05-01 10:06:12,2026-05-01 10:47:10,0.6827777777777778,118702.3203125,53.0,47.0,6.0,10.109375,32.233024691358025,74.375,47.7037037037037,168.48958333333331
KA03AL8100,intellicar-KA03AL8100-2026-05-01_2026-06-01.csv,2026-05-01 10:57:12,2026-05-01 12:49:43,1.8752777777777778,118717.265625,46.0,18.0,28.0,54.765625,37.528246753246755,85.25,48.140259740259744,195.59151785714286
KA03AL8100,intellicar-KA03AL8100-2026-05-01_2026-06-01.csv,2026-05-01 13:43:41,2026-05-01 14:25:44,0.7008333333333333,118772.046875,67.0,48.0,19.0,40.734375,64.11617647058823,86.125,46.64705882352941,214.39144736842107
KA03AL8100,intellicar-KA03AL8100-2026-05-01_2026-06-01.csv,2026-05-01 14:44:41,2026-05-01 15:52:45,1.1344444444444444,118819.34375,46.0,32.0,14.0,29.8125,28.267857142857142,74.375,45.0,212.94642857142856
KA03AL8100,intellicar-KA03AL8100-2026-05-01_2026-06-01.csv,2026-05-02 08:13:16,2026-05-02 08:59:18,0.7672222222222222,118873.09375,53.0,42.0,11.0,18.984375,33.22833333333333,83.875,47.266666666666666,172.58522727272728
KA03AL8100,intellicar-KA03AL8100-2026-05-01_2026-06-01.csv,2026-05-02 09:09:46,2026-05-02 12:28:50,3.3177777777777777,118901.1484375,40.0,17.0,23.0,44.9453125,26.822687224669604,87.75,47.96035242290749,195.41440217391303
KA03AL8100,intellicar-KA03AL8100-2026-05-01_2026-06-01.csv,2026-05-02 13:54:48,2026-05-02 15:20:21,1.4258333333333333,118946.09375,95.0,79.0,16.0,31.7890625,32.987,84.0,48.728,198.681640625
KA03AL8100,intellicar-KA03AL8100-2026-05-01_2026-06-01.csv,2026-05-02 15:20:48,2026-05-02 15:35:51,0.25083333333333335,118978.390625,80.0,75.0,5.0,8.3203125,35.645161290322584,58.25,47.0,166.40625
KA03AL8100,intellicar-KA03AL8100-2026-05-01_2026-06-01.csv,2026-05-02 15:36:18,2026-05-02 17:39:49,2.058611111111111,118986.84375,76.0,57.0,19.0,36.5,22.56203241895262,85.25,46.63840399002494,192.10526315789474
KA03AL8100,intellicar-KA03AL8100-2026-05-01_2026-06-01.csv,2026-05-02 17:39:51,2026-05-02 18:12:50,0.5497222222222222,119022.9140625,58.0,51.0,7.0,9.9453125,20.149590163934427,61.25,46.0,142.07589285714286
KA03AL8100,intellicar-KA03AL8100-2026-05-01_2026-06-01.csv,2026-05-02 18:12:51,2026-05-02 19:54:51,1.7,119032.5234375,52.0,30.0,22.0,44.8046875,32.142953929539296,85.25,45.53929539295393,203.65767045454547
KA03AL8100,intellicar-KA03AL8100-2026-05-01_2026-06-01.csv,2026-05-03 22:19:26,2026-05-03 22:54:58,0.5922222222222222,119158.1484375,82.0,71.0,11.0,21.9765625,49.345338983050844,83.125,44.271186440677965,199.7869318181818
KA03AL8100,intellicar-KA03AL8100-2026-05-01_2026-06-01.csv,2026-05-03 22:55:26,2026-05-03 23:56:28,1.0172222222222222,119180.640625,72.0,56.0,16.0,29.265625,27.92687074829932,82.375,43.17687074829932,182.91015625
KA03AL8100,intellicar-KA03AL8100-2026-05-01_2026-06-01.csv,2026-05-03 23:56:56,2026-05-04 02:53:59,2.950833333333333,119210.1171875,57.0,18.0,39.0,74.0859375,34.74305555555556,91.0,41.851851851851855,189.96394230769232
KA03AL8100,intellicar-KA03AL8100-2026-05-01_2026-06-01.csv,2026-05-04 14:43:01,2026-05-04 15:14:31,0.525,119313.1015625,78.0,67.0,11.0,20.578125,45.142857142857146,78.0,46.0,187.07386363636365
KA03AL8100,intellicar-KA03AL8100-2026-05-01_2026-06-01.csv,2026-05-04 15:14:35,2026-05-04 16:11:04,0.9413888888888889,119332.9296875,68.0,59.0,9.0,17.203125,28.28125,83.625,45.782051282051285,191.14583333333331
KA03AL8100,intellicar-KA03AL8100-2026-05-01_2026-06-01.csv,2026-05-04 16:11:32,2026-05-04 17:33:04,1.3588888888888888,119350.3125,60.0,45.0,15.0,33.734375,35.896,77.375,43.96,224.89583333333334
KA03AL8100,intellicar-KA03AL8100-2026-05-01_2026-06-01.csv,2026-05-05 01:47:34,2026-05-05 04:00:36,2.2172222222222224,119425.140625,72.0,56.0,16.0,26.203125,20.516233766233768,68.0,41.01298701298701,163.76953125
KA03AL8100,intellicar-KA03AL8100-2026-05-01_2026-06-01.csv,2026-05-05 04:01:04,2026-05-05 04:41:07,0.6675,119451.4296875,57.0,42.0,15.0,32.6328125,54.001543209876544,91.125,41.0,217.55208333333331
KA03AL8100,intellicar-KA03AL8100-2026-05-01_2026-06-01.csv,2026-05-05 04:41:35,2026-05-05 05:26:05,0.7416666666666667,119484.5234375,43.0,37.0,6.0,11.8515625,32.23197115384615,87.375,41.75961538461539,197.52604166666669
KA03AL8100,intellicar-KA03AL8100-2026-05-01_2026-06-01.csv,2026-05-05 06:12:35,2026-05-05 08:19:36,2.1169444444444445,119496.3828125,88.0,59.0,29.0,48.3984375,25.592237903225808,74.0,47.92338709677419,166.89116379310346
KA03AL8100,intellicar-KA03AL8100-2026-05-01_2026-06-01.csv,2026-05-05 08:20:06,2026-05-05 09:14:36,0.9083333333333333,119544.921875,60.0,52.0,8.0,10.5,13.915,53.625,49.0,131.25
KA03AL8100,intellicar-KA03AL8100-2026-05-01_2026-06-01.csv,2026-05-05 09:15:06,2026-05-05 09:46:07,0.5169444444444444,119555.7109375,53.0,46.0,7.0,15.6484375,33.19444444444444,64.625,49.0,223.54910714285717
KA03AL8100,intellicar-KA03AL8100-2026-05-01_2026-06-01.csv,2026-05-05 09:46:37,2026-05-05 12:10:37,2.4,119571.5078125,47.0,23.0,24.0,44.921875,24.632415254237287,80.875,48.53389830508475,187.17447916666669
KA03AL8100,intellicar-KA03AL8100-2026-05-01_2026-06-01.csv,2026-05-05 13:56:08,2026-05-05 18:39:40,4.725555555555555,119616.4375,95.0,43.0,52.0,106.015625,32.77663934426229,83.375,43.74473067915691,203.8762019230769
KA03AL8100,intellicar-KA03AL8100-2026-05-01_2026-06-01.csv,2026-05-05 21:24:10,2026-05-05 23:33:11,2.1502777777777777,119735.515625,86.0,51.0,35.0,73.0390625,46.07427536231884,88.375,42.39613526570049,208.6830357142857
KA03AL8100,intellicar-KA03AL8100-2026-05-01_2026-06-01.csv,2026-05-06 11:13:44,2026-05-06 16:12:46,4.983888888888889,119833.359375,83.0,0.0,83.0,88.1875,24.50357873210634,89.375,46.061349693251536,106.25
KA03AL8100,intellicar-KA03AL8100-2026-05-01_2026-06-01.csv,2026-05-07 03:36:50,2026-05-07 04:33:50,0.95,120000.015625,52.0,35.0,17.0,34.21875,40.05978260869565,84.5,39.21739130434783,201.28676470588235
KA03AL8100,intellicar-KA03AL8100-2026-05-01_2026-06-01.csv,2026-05-07 15:05:26,2026-05-07 15:54:55,0.8247222222222222,120040.8125,87.0,78.0,9.0,14.484375,24.56859756097561,82.5,47.98780487804878,160.9375
KA03AL8100,intellicar-KA03AL8100-2026-05-01_2026-06-01.csv,2026-05-08 16:30:33,2026-05-08 17:37:33,1.1166666666666667,120113.1875,50.0,42.0,8.0,16.9140625,26.91220238095238,81.125,40.142857142857146,211.42578125
KA03AL8100,intellicar-KA03AL8100-2026-05-01_2026-06-01.csv,2026-05-08 18:39:33,2026-05-08 21:57:34,3.3002777777777776,120130.1015625,93.0,58.0,35.0,69.109375,40.72277777777778,87.25,43.11555555555555,197.45535714285714
KA03AL8100,intellicar-KA03AL8100-2026-05-01_2026-06-01.csv,2026-05-09 06:39:37,2026-05-09 07:42:38,1.0502777777777779,120226.671875,45.0,34.0,11.0,18.7578125,20.951041666666665,70.75,42.166666666666664,170.5255681818182
KA03AL8100,intellicar-KA03AL8100-2026-05-01_2026-06-01.csv,2026-05-21 11:03:13,2026-05-21 12:39:14,1.6002777777777777,120387.7421875,69.0,61.0,8.0,14.2265625,16.97008547008547,82.75,43.92307692307692,177.83203125
KA03AN1935,intellicar-KA03AN1935-2026-04-01_2026-06-01.csv,2026-04-01 16:45:13,2026-04-01 16:51:11,0.09944444444444445,76056.1171875,94.0,89.0,5.0,7.9921875,69.20370370370371,87.75,41.0,159.84375
KA03AN1935,intellicar-KA03AN1935-2026-04-01_2026-06-01.csv,2026-04-03 07:14:55,2026-04-03 07:30:53,0.26611111111111113,76511.296875,78.0,72.0,6.0,8.625,34.13306451612903,66.125,46.86021505376344,143.75
KA03AN1935,intellicar-KA03AN1935-2026-04-01_2026-06-01.csv,2026-04-03 18:54:29,2026-04-03 19:12:27,0.29944444444444446,76634.0,78.0,73.0,5.0,7.8046875,30.385,75.125,44.0,156.09375
KA03AN1935,intellicar-KA03AN1935-2026-04-01_2026-06-01.csv,2026-04-04 09:18:04,2026-04-04 09:24:01,0.09916666666666667,76875.3359375,27.0,22.0,5.0,3.0,26.06640625,59.625,47.0,60.0
KA03AN1935,intellicar-KA03AN1935-2026-04-01_2026-06-01.csv,2026-04-04 17:23:07,2026-04-04 17:33:04,0.16583333333333333,76944.609375,70.0,65.0,5.0,8.6796875,49.988425925925924,90.25,45.0,173.59375
KA03AN1935,intellicar-KA03AN1935-2026-04-01_2026-06-01.csv,2026-04-05 20:40:15,2026-04-05 20:52:13,0.19944444444444445,77329.0234375,64.0,59.0,5.0,9.03125,39.80492424242424,89.625,43.0,180.625
KA03AN1935,intellicar-KA03AN1935-2026-04-01_2026-06-01.csv,2026-04-08 10:06:36,2026-04-08 10:12:32,0.09888888888888889,77921.3125,80.0,75.0,5.0,8.0625,76.78214285714286,87.625,47.885714285714286,161.25
KA03AN1935,intellicar-KA03AN1935-2026-04-01_2026-06-01.csv,2026-04-10 05:01:17,2026-04-10 05:14:46,0.2247222222222222,78381.6015625,74.0,69.0,5.0,5.5234375,23.823333333333334,78.5,44.22666666666667,110.46875
KA03AN1935,intellicar-KA03AN1935-2026-04-01_2026-06-01.csv,2026-04-10 10:00:51,2026-04-10 10:18:48,0.2991666666666667,78428.9609375,67.0,60.0,7.0,7.0859375,24.3225,61.75,48.88,101.22767857142858
KA03AN1935,intellicar-KA03AN1935-2026-04-01_2026-06-01.csv,2026-04-10 16:14:54,2026-04-10 16:20:51,0.09916666666666667,78521.21875,75.0,70.0,5.0,7.75,75.82758620689656,92.375,44.96551724137931,155.0
KA03AN1935,intellicar-KA03AN1935-2026-04-01_2026-06-01.csv,2026-04-11 16:31:31,2026-04-11 16:57:29,0.43277777777777776,78818.5625,42.0,37.0,5.0,7.7109375,19.32792207792208,58.125,48.0,154.21875
KA03AN1935,intellicar-KA03AN1935-2026-04-01_2026-06-01.csv,2026-04-11 23:59:02,2026-04-12 00:07:01,0.13305555555555557,78933.703125,40.0,35.0,5.0,9.2734375,70.29807692307692,88.25,43.0,185.46875
KA03AN1935,intellicar-KA03AN1935-2026-04-01_2026-06-01.csv,2026-04-12 11:44:37,2026-04-12 12:26:34,0.6991666666666667,79071.1953125,74.0,69.0,5.0,4.359375,5.883081896551724,56.5,48.01724137931034,87.1875
KA03AN1935,intellicar-KA03AN1935-2026-04-01_2026-06-01.csv,2026-04-14 08:53:47,2026-04-14 08:55:45,0.03277777777777778,79556.4765625,14.0,9.0,5.0,3.4609375,44.083333333333336,64.875,47.666666666666664,69.21875
KA03AN1940,intellicar-KA03AN1940-2026-05-01_2026-06-01.csv,2026-05-29 03:57:08,2026-05-29 04:27:08,0.5,87696.265625,42.0,36.0,6.0,6.171875,13.42741935483871,47.625,41.913978494623656,102.86458333333333
KA03AN1940,intellicar-KA03AN1940-2026-05-01_2026-06-01.csv,2026-05-30 02:14:45,2026-05-30 02:24:45,0.16666666666666666,87934.078125,44.0,39.0,5.0,7.1796875,41.609375,73.375,38.34375,143.59375
KA03AN1940,intellicar-KA03AN1940-2026-05-01_2026-06-01.csv,2026-05-30 02:56:45,2026-05-30 03:37:46,0.6836111111111111,87969.0234375,23.0,18.0,5.0,4.8046875,23.919871794871796,87.5,42.0,96.09375
KA03AN1940,intellicar-KA03AN1940-2026-05-01_2026-06-01.csv,2026-05-30 15:55:20,2026-05-30 16:15:20,0.3333333333333333,88082.8984375,98.0,93.0,5.0,8.3984375,27.018145161290324,68.625,40.0,167.96875
KA03AN1940,intellicar-KA03AN1940-2026-05-01_2026-06-01.csv,2026-05-30 20:24:21,2026-05-30 20:30:21,0.1,88151.8984375,65.0,60.0,5.0,8.0703125,73.8203125,88.125,39.0,161.40625
KA03AN1940,intellicar-KA03AN1940-2026-05-01_2026-06-01.csv,2026-05-30 22:00:21,2026-05-30 22:06:21,0.1,88209.7890625,36.0,31.0,5.0,8.2734375,76.25694444444444,87.875,39.0,165.46875
KA03AN1940,intellicar-KA03AN1940-2026-06-01_2026-08-01.csv,2026-06-01 03:19:29,2026-06-01 03:45:29,0.43333333333333335,88523.421875,82.0,77.0,5.0,7.9921875,17.03205128205128,74.375,41.743589743589745,159.84375
KA03AN1940,intellicar-KA03AN1940-2026-06-01_2026-08-01.csv,2026-06-01 04:35:30,2026-06-01 06:16:00,1.675,88546.0390625,69.0,64.0,5.0,11.046875,18.021341463414632,70.0,43.02439024390244,220.9375
KA03AN1940,intellicar-KA03AN1940-2026-06-01_2026-08-01.csv,2026-06-01 12:30:02,2026-06-01 13:16:02,0.7666666666666667,88614.9296875,97.0,90.0,7.0,8.4453125,11.907407407407407,52.125,42.87407407407407,120.64732142857142
KA03AN1940,intellicar-KA03AN1940-2026-06-01_2026-08-01.csv,2026-06-01 13:28:02,2026-06-01 14:17:03,0.8169444444444445,88624.0,90.0,85.0,5.0,6.6171875,11.376116071428571,43.125,43.714285714285715,132.34375
KA03AN1940,intellicar-KA03AN1940-2026-06-01_2026-08-01.csv,2026-06-02 07:13:07,2026-06-02 07:47:07,0.5666666666666667,88879.5859375,73.0,68.0,5.0,7.1171875,14.672872340425531,43.25,47.38297872340426,142.34375
KA03AN1940,intellicar-KA03AN1940-2026-06-01_2026-08-01.csv,2026-06-02 12:43:09,2026-06-02 13:15:13,0.5344444444444445,88915.6171875,48.0,43.0,5.0,5.0390625,10.822164948453608,46.375,45.74226804123711,100.78125
KA03AN1940,intellicar-KA03AN1940-2026-06-01_2026-08-01.csv,2026-06-02 21:10:42,2026-06-02 21:16:42,0.1,89032.4375,48.0,43.0,5.0,7.1640625,78.1953125,89.25,40.0,143.28125
KA03AN1940,intellicar-KA03AN1940-2026-06-01_2026-08-01.csv,2026-06-03 12:51:46,2026-06-03 16:45:17,3.8919444444444444,89270.859375,49.0,44.0,5.0,6.7890625,10.831439393939394,37.125,45.128787878787875,135.78125
KA03AN1940,intellicar-KA03AN1940-2026-06-01_2026-08-01.csv,2026-06-04 01:46:19,2026-06-04 02:00:49,0.24166666666666667,89336.5625,87.0,82.0,5.0,8.3125,37.532051282051285,66.0,38.0,166.25
KA03AN1940,intellicar-KA03AN1940-2026-06-01_2026-08-01.csv,2026-06-04 10:45:53,2026-06-04 11:13:53,0.4666666666666667,89491.265625,56.0,51.0,5.0,5.5,12.918103448275861,48.5,48.0,110.00000000000001
KA03AN1940,intellicar-KA03AN1940-2026-06-01_2026-08-01.csv,2026-06-05 12:16:30,2026-06-05 12:50:31,0.5669444444444445,89768.765625,50.0,45.0,5.0,4.7265625,8.590686274509803,42.75,45.0,94.53125
KA03AN1940,intellicar-KA03AN1940-2026-06-01_2026-08-01.csv,2026-06-05 15:35:31,2026-06-05 15:43:32,0.13361111111111112,89824.953125,87.0,82.0,5.0,8.1015625,62.495370370370374,79.5,43.0,162.03125
KA03AN1940,intellicar-KA03AN1940-2026-06-01_2026-08-01.csv,2026-06-06 14:00:07,2026-06-06 14:10:07,0.16666666666666666,90101.984375,98.0,93.0,5.0,4.8671875,27.28125,82.625,41.0,97.34375
KA03AN1940,intellicar-KA03AN1940-2026-06-01_2026-08-01.csv,2026-06-06 14:12:07,2026-06-06 14:20:07,0.13333333333333333,90108.3515625,93.0,88.0,5.0,7.375,56.44,83.75,41.0,147.5
KA03AN1940,intellicar-KA03AN1940-2026-06-01_2026-08-01.csv,2026-06-06 14:44:07,2026-06-06 15:18:08,0.5669444444444445,90129.9375,82.0,76.0,6.0,8.65625,16.16504854368932,49.5,42.0,144.27083333333331
KA03AN1940,intellicar-KA03AN1940-2026-06-01_2026-08-01.csv,2026-06-06 16:02:38,2026-06-06 16:26:38,0.4,90143.15625,74.0,69.0,5.0,5.1015625,12.584507042253522,61.5,41.0,102.03125
KA03AN1940,intellicar-KA03AN1940-2026-06-01_2026-08-01.csv,2026-06-06 17:56:08,2026-06-06 18:20:08,0.4,90208.796875,39.0,34.0,5.0,5.9765625,16.926785714285714,50.875,41.0,119.53125
KA03AN1940,intellicar-KA03AN1940-2026-06-01_2026-08-01.csv,2026-06-06 19:56:39,2026-06-06 20:08:09,0.19166666666666668,90257.0546875,10.0,4.0,6.0,6.3359375,35.14423076923077,59.25,43.0,105.59895833333333
KA03AN1940,intellicar-KA03AN1940-2026-06-01_2026-08-01.csv,2026-06-07 17:07:14,2026-06-07 17:23:14,0.26666666666666666,90491.3203125,85.0,80.0,5.0,9.5078125,37.43292682926829,53.875,43.048780487804876,190.15625
KA03AN1940,intellicar-KA03AN1940-2026-06-01_2026-08-01.csv,2026-06-07 22:47:45,2026-06-07 22:59:46,0.20027777777777778,90587.3359375,84.0,78.0,6.0,10.796875,56.33571428571429,79.0,42.0,179.94791666666669
KA03AN1940,intellicar-KA03AN1940-2026-06-01_2026-08-01.csv,2026-06-08 11:44:48,2026-06-08 12:34:49,0.8336111111111111,90719.15625,59.0,53.0,6.0,10.046875,14.419776119402986,61.125,43.0,167.44791666666669
KA03AN1940,intellicar-KA03AN1940-2026-06-01_2026-08-01.csv,2026-06-09 01:59:21,2026-06-09 02:09:21,0.16666666666666666,90837.671875,51.0,46.0,5.0,7.734375,61.70564516129032,85.5,37.354838709677416,154.6875
KA03AN1940,intellicar-KA03AN1940-2026-06-01_2026-08-01.csv,2026-06-10 01:01:57,2026-06-10 01:13:57,0.2,91133.9765625,71.0,64.0,7.0,12.7578125,68.375,88.0,41.0,182.25446428571428
KA03AN1940,intellicar-KA03AN1940-2026-06-01_2026-08-01.csv,2026-06-10 19:16:32,2026-06-10 19:28:32,0.2,91425.515625,43.0,37.0,6.0,10.9921875,57.59285714285714,84.125,39.77142857142857,183.203125
KA03AN1940,intellicar-KA03AN1940-2026-06-01_2026-08-01.csv,2026-06-12 05:34:40,2026-06-12 06:18:40,0.7333333333333333,91762.6640625,75.0,70.0,5.0,5.0234375,8.417056074766355,46.625,42.0,100.46875
KA03AN1940,intellicar-KA03AN1940-2026-06-01_2026-08-01.csv,2026-06-12 16:22:43,2026-06-12 16:48:43,0.43333333333333335,91916.75,71.0,66.0,5.0,7.5078125,20.48051948051948,54.625,39.0,150.15625
KA03AN1940,intellicar-KA03AN1940-2026-06-01_2026-08-01.csv,2026-06-13 09:29:47,2026-06-13 09:37:47,0.13333333333333333,92112.2578125,95.0,90.0,5.0,6.8515625,47.82386363636363,82.375,42.0,137.03125
KA03AN1940,intellicar-KA03AN1940-2026-06-01_2026-08-01.csv,2026-06-18 11:32:49,2026-06-18 12:07:49,0.5833333333333334,92782.984375,99.0,94.0,5.0,6.9140625,36.003571428571426,70.75,42.542857142857144,138.28125
KA03AN1940,intellicar-KA03AN1940-2026-06-01_2026-08-01.csv,2026-07-22 05:16:44,2026-07-22 10:06:45,4.833611111111111,97257.0234375,38.0,32.0,6.0,5.78125,9.627173913043478,59.25,36.46086956521739,96.35416666666666
KA03AN1940,intellicar-KA03AN1940-2026-06-01_2026-08-01.csv,2026-07-23 16:40:55,2026-07-23 17:04:55,0.4,97325.78125,53.0,48.0,5.0,7.2890625,18.954225352112676,55.625,41.19718309859155,145.78125
KA03AN1940,intellicar-KA03AN1940-2026-06-01_2026-08-01.csv,2026-07-24 06:29:29,2026-07-24 06:43:29,0.23333333333333334,97468.21875,38.0,33.0,5.0,8.3515625,40.57371794871795,85.125,42.0,167.03125
KA03AN1940,intellicar-KA03AN1940-2026-06-01_2026-08-01.csv,2026-07-24 11:17:00,2026-07-24 12:34:31,1.2919444444444443,97525.4921875,72.0,64.0,8.0,10.3515625,13.056089743589743,49.0,44.782051282051285,129.39453125
KA03AN1940,intellicar-KA03AN1940-2026-06-01_2026-08-01.csv,2026-07-24 23:27:04,2026-07-24 23:40:34,0.225,97652.625,73.0,68.0,5.0,6.9453125,31.30654761904762,53.75,40.0,138.90625
KA03AN1940,intellicar-KA03AN1940-2026-06-01_2026-08-01.csv,2026-07-25 10:55:08,2026-07-25 11:31:38,0.6083333333333333,97730.7265625,98.0,92.0,6.0,5.3671875,13.07427536231884,83.75,42.028985507246375,89.453125
KA03AN1940,intellicar-KA03AN1940-2026-06-01_2026-08-01.csv,2026-07-25 12:13:39,2026-07-25 12:45:39,0.5333333333333333,97763.578125,79.0,73.0,6.0,8.1875,16.82860824742268,64.75,44.0,136.45833333333331
KA03AN1940,intellicar-KA03AN1940-2026-06-01_2026-08-01.csv,2026-07-25 14:01:39,2026-07-25 14:35:39,0.5666666666666667,97785.3203125,64.0,59.0,5.0,4.578125,10.073317307692308,51.75,43.0,91.5625
KA03AN1940,intellicar-KA03AN1940-2026-06-01_2026-08-01.csv,2026-07-25 15:01:40,2026-07-25 15:31:40,0.5,97792.6015625,57.0,52.0,5.0,5.8671875,11.789402173913043,45.125,42.78260869565217,117.34374999999999
KA03AN1940,intellicar-KA03AN1940-2026-06-01_2026-08-01.csv,2026-07-25 19:13:11,2026-07-25 19:32:41,0.325,97813.171875,99.0,94.0,5.0,6.015625,21.820833333333333,59.875,43.65,120.3125
KA03AN1940,intellicar-KA03AN1940-2026-06-01_2026-08-01.csv,2026-07-26 20:46:18,2026-07-27 00:45:48,3.9916666666666667,98070.390625,68.0,63.0,5.0,7.546875,23.265350877192983,64.125,40.421052631578945,150.9375
KA03AN1940,intellicar-KA03AN1940-2026-06-01_2026-08-01.csv,2026-07-27 08:04:20,2026-07-27 08:40:20,0.6,98140.15625,100.0,95.0,5.0,5.21875,29.7109375,85.625,42.96875,104.375
KA03AN1940,intellicar-KA03AN1940-2026-06-01_2026-08-01.csv,2026-07-27 16:25:53,2026-07-27 16:39:53,0.23333333333333334,98230.3359375,99.0,94.0,5.0,5.4375,25.25,61.75,41.23076923076923,108.74999999999999
KA03AN1940,intellicar-KA03AN1940-2026-06-01_2026-08-01.csv,2026-07-29 06:09:04,2026-07-29 06:19:04,0.16666666666666666,98633.4140625,89.0,83.0,6.0,10.453125,62.150862068965516,88.75,42.96551724137931,174.21875
KA03AN1940,intellicar-KA03AN1940-2026-06-01_2026-08-01.csv,2026-07-29 10:10:35,2026-07-29 10:42:35,0.5333333333333333,98689.3671875,53.0,47.0,6.0,6.375,13.66842105263158,62.0,45.0,106.25
KA03AN1940,intellicar-KA03AN1940-2026-06-01_2026-08-01.csv,2026-07-29 22:22:09,2026-07-29 22:48:09,0.43333333333333335,98792.5078125,95.0,90.0,5.0,4.4296875,8.79642857142857,80.125,40.0,88.59375
KA03AN1940,intellicar-KA03AN1940-2026-06-01_2026-08-01.csv,2026-07-29 22:50:09,2026-07-29 22:56:09,0.1,98798.109375,90.0,85.0,5.0,6.578125,66.4765625,87.25,40.0,131.5625
KA03AN1940,intellicar-KA03AN1940-2026-06-01_2026-08-01.csv,2026-07-30 06:06:41,2026-07-30 06:28:41,0.36666666666666664,98961.4140625,57.0,52.0,5.0,6.109375,16.873046875,52.25,42.0,122.1875
KA03AN1940,intellicar-KA03AN1940-2026-06-01_2026-08-01.csv,2026-07-30 06:42:41,2026-07-30 07:00:41,0.3,98972.9453125,49.0,44.0,5.0,6.015625,19.971153846153847,59.125,42.0,120.3125
KA03AN1943,intellicar-KA03AN1943-2026-04-01_2026-05-01.csv,2026-04-01 02:10:05,2026-04-01 04:20:06,2.1669444444444443,84144.8046875,95.0,90.0,5.0,3.4375,9.14453125,75.5,41.354166666666664,68.75
KA03AN1943,intellicar-KA03AN1943-2026-04-01_2026-05-01.csv,2026-04-01 04:38:08,2026-04-01 04:46:06,0.13277777777777777,84158.484375,86.0,81.0,5.0,8.15625,60.46590909090909,81.875,42.0,163.125
KA03AN1943,intellicar-KA03AN1943-2026-04-01_2026-05-01.csv,2026-04-02 07:45:17,2026-04-02 08:05:45,0.3411111111111111,84475.8828125,57.0,52.0,5.0,4.265625,14.645631067961165,58.875,46.019417475728154,85.3125
KA03AN1943,intellicar-KA03AN1943-2026-04-01_2026-05-01.csv,2026-04-03 13:21:57,2026-04-03 13:59:25,0.6244444444444445,84772.328125,43.0,37.0,6.0,7.515625,14.285272277227723,48.5,48.0,125.26041666666667
KA03AN1943,intellicar-KA03AN1943-2026-04-01_2026-05-01.csv,2026-04-04 01:52:30,2026-04-04 02:30:28,0.6327777777777778,84875.734375,56.0,51.0,5.0,7.9140625,27.867924528301888,63.75,39.0377358490566,158.28125
KA03AN1943,intellicar-KA03AN1943-2026-04-01_2026-05-01.csv,2026-04-06 09:29:19,2026-04-06 09:49:17,0.3327777777777778,85361.6796875,81.0,76.0,5.0,3.25,10.989316239316238,44.875,47.82905982905983,65.0
KA03AN1943,intellicar-KA03AN1943-2026-04-01_2026-05-01.csv,2026-04-06 11:41:22,2026-04-06 12:03:18,0.3655555555555556,85414.0,54.0,47.0,7.0,18.0078125,53.155973451327434,68.375,48.0,257.2544642857143
KA03AN1943,intellicar-KA03AN1943-2026-04-01_2026-05-01.csv,2026-04-07 14:27:00,2026-04-07 15:41:57,1.2491666666666668,85622.625,70.0,65.0,5.0,6.140625,12.066964285714286,52.5,48.625,122.81249999999999
KA03AN1943,intellicar-KA03AN1943-2026-04-01_2026-05-01.csv,2026-04-08 11:21:06,2026-04-08 11:51:34,0.5077777777777778,85813.7890625,73.0,68.0,5.0,6.8203125,19.445143884892087,53.125,49.0,136.40625
KA03AN1943,intellicar-KA03AN1943-2026-04-01_2026-05-01.csv,2026-04-10 08:12:50,2026-04-10 09:02:48,0.8327777777777777,86343.015625,33.0,27.0,6.0,7.109375,16.439685314685313,57.125,48.00699300699301,118.48958333333333
KA03AN1943,intellicar-KA03AN1943-2026-04-01_2026-05-01.csv,2026-04-12 20:34:38,2026-04-13 00:25:08,3.841666666666667,86888.53125,60.0,0.0,60.0,6.0078125,16.179166666666667,53.75,44.166666666666664,10.013020833333334
KA03AN1943,intellicar-KA03AN1943-2026-04-01_2026-05-01.csv,2026-04-13 15:08:14,2026-04-13 16:11:12,1.0494444444444444,87026.9296875,51.0,44.0,7.0,10.0078125,16.62762605042017,54.125,48.0,142.96875
KA03AN1943,intellicar-KA03AN1943-2026-04-01_2026-05-01.csv,2026-04-13 21:37:44,2026-04-13 23:46:43,2.149722222222222,87102.3515625,55.0,49.0,6.0,6.203125,12.862944162436548,52.625,40.87309644670051,103.38541666666667
KA03AN1943,intellicar-KA03AN1943-2026-04-01_2026-05-01.csv,2026-04-14 13:14:48,2026-04-14 14:45:17,1.5080555555555555,87248.5078125,74.0,65.0,9.0,12.8515625,13.655172413793103,61.75,46.956896551724135,142.79513888888889
KA03AN1943,intellicar-KA03AN1943-2026-04-01_2026-05-01.csv,2026-04-16 02:11:27,2026-04-16 02:53:56,0.7080555555555555,87536.234375,98.0,92.0,6.0,7.09375,18.98355263157895,82.5,42.8421052631579,118.22916666666667
KA03AN1943,intellicar-KA03AN1943-2026-04-01_2026-05-01.csv,2026-04-19 13:49:51,2026-04-19 14:26:19,0.6077777777777778,88300.6015625,53.0,48.0,5.0,4.0859375,8.927147239263803,39.875,49.0,81.71875
KA03AN1943,intellicar-KA03AN1943-2026-04-01_2026-05-01.csv,2026-04-20 05:08:57,2026-04-20 05:33:53,0.41555555555555557,88434.1328125,54.0,48.0,6.0,9.53125,26.6083984375,77.0,45.0,158.85416666666669
KA03AN1943,intellicar-KA03AN1943-2026-04-01_2026-05-01.csv,2026-04-20 16:19:31,2026-04-20 16:27:28,0.1325,88597.3359375,64.0,59.0,5.0,10.5859375,79.26453488372093,88.5,47.0,211.71875
KA03AN1943,intellicar-KA03AN1943-2026-04-01_2026-05-01.csv,2026-04-21 00:04:00,2026-04-21 01:17:59,1.2330555555555556,88676.28125,86.0,80.0,6.0,7.875,16.36925287356322,71.375,41.37931034482759,131.25
KA03AN1943,intellicar-KA03AN1943-2026-04-01_2026-05-01.csv,2026-04-21 11:43:04,2026-04-21 12:14:32,0.5244444444444445,88845.0859375,94.0,89.0,5.0,5.9140625,13.7861328125,70.875,44.03125,118.28125
KA03AN1943,intellicar-KA03AN1943-2026-04-01_2026-05-01.csv,2026-04-21 12:46:35,2026-04-21 14:16:03,1.491111111111111,88869.3984375,83.0,78.0,5.0,4.6640625,10.224452554744525,46.0,46.153284671532845,93.28125
KA03AN1943,intellicar-KA03AN1943-2026-04-01_2026-05-01.csv,2026-04-22 12:42:42,2026-04-22 12:48:40,0.09944444444444445,88962.0546875,43.0,38.0,5.0,7.03125,62.46296296296296,85.875,48.0,140.625
KA03AN1943,intellicar-KA03AN1943-2026-04-01_2026-05-01.csv,2026-04-25 23:50:36,2026-04-26 00:04:34,0.23277777777777778,90175.2109375,96.0,91.0,5.0,7.3515625,36.56018518518518,72.75,43.0,147.03125
KA03AN1943,intellicar-KA03AN1943-2026-04-01_2026-05-01.csv,2026-04-27 14:25:17,2026-04-27 16:20:15,1.916111111111111,90629.9609375,56.0,51.0,5.0,4.6796875,10.615107913669064,56.25,46.55395683453237,93.59375
KA03AN1943,intellicar-KA03AN1943-2026-04-01_2026-05-01.csv,2026-04-28 06:36:51,2026-04-28 07:04:48,0.4658333333333333,90759.8828125,44.0,38.0,6.0,5.5390625,14.583333333333334,58.75,47.751773049645394,92.31770833333334
KA03AN1943,intellicar-KA03AN1943-2026-04-01_2026-05-01.csv,2026-04-28 08:22:21,2026-04-28 09:03:49,0.6911111111111111,90766.796875,100.0,95.0,5.0,4.796875,10.786809815950921,42.125,43.4478527607362,95.9375
KA03AN1943,intellicar-KA03AN1943-2026-04-01_2026-05-01.csv,2026-04-28 17:37:24,2026-04-28 17:57:22,0.3327777777777778,90940.203125,84.0,79.0,5.0,7.75,23.83586956521739,67.5,45.0,155.0
KA03AN1943,intellicar-KA03AN1943-2026-04-01_2026-05-01.csv,2026-04-29 13:03:29,2026-04-29 13:46:26,0.7158333333333333,91306.171875,63.0,57.0,6.0,4.2265625,7.418341708542713,48.25,44.04522613065327,70.44270833333334
KA03AN1943,intellicar-KA03AN1943-2026-04-01_2026-05-01.csv,2026-04-30 06:20:34,2026-04-30 08:03:02,1.7077777777777778,91595.546875,70.0,63.0,7.0,4.6796875,8.375,49.375,44.724489795918366,66.85267857142857
KA03AN1943,intellicar-KA03AN1943-2026-04-01_2026-05-01.csv,2026-04-30 11:06:35,2026-04-30 11:16:33,0.1661111111111111,91637.515625,81.0,76.0,5.0,7.1328125,43.693396226415096,88.25,47.9811320754717,142.65625
KA03AN1943,intellicar-KA03AN1943-2026-05-01_2026-06-01.csv,2026-05-01 18:13:45,2026-05-01 20:07:13,1.8911111111111112,92113.125,60.0,54.0,6.0,3.109375,6.5475146198830405,77.375,43.85964912280702,51.822916666666664
KA03AN1943,intellicar-KA03AN1943-2026-05-01_2026-06-01.csv,2026-05-05 13:44:38,2026-05-05 14:33:38,0.8166666666666667,92281.8671875,85.0,79.0,6.0,6.59375,12.420343137254902,63.375,40.333333333333336,109.89583333333333
KA03AN1943,intellicar-KA03AN1943-2026-05-01_2026-06-01.csv,2026-05-06 07:37:13,2026-05-06 08:03:43,0.44166666666666665,92417.0703125,44.0,39.0,5.0,7.796875,20.460069444444443,52.0,47.0,155.9375
KA03AN1943,intellicar-KA03AN1943-2026-05-01_2026-06-01.csv,2026-05-06 13:09:15,2026-05-06 13:29:45,0.3416666666666667,92457.8046875,99.0,94.0,5.0,5.5,16.764583333333334,48.875,42.0,110.00000000000001
KA03AN1943,intellicar-KA03AN1943-2026-05-01_2026-06-01.csv,2026-05-07 02:50:49,2026-05-07 03:04:50,0.2336111111111111,92607.0390625,90.0,84.0,6.0,9.8125,46.9390243902439,79.5,43.0,163.54166666666669
KA03AN1943,intellicar-KA03AN1943-2026-05-01_2026-06-01.csv,2026-05-07 15:32:25,2026-05-07 16:02:25,0.5,92732.609375,62.0,56.0,6.0,8.21875,18.185344827586206,55.0,46.01149425287356,136.97916666666669
KA03AN1943,intellicar-KA03AN1943-2026-05-01_2026-06-01.csv,2026-05-07 18:36:56,2026-05-07 18:56:56,0.3333333333333333,92786.265625,31.0,26.0,5.0,8.5234375,29.99590163934426,62.125,46.0,170.46875
KA03AN1943,intellicar-KA03AN1943-2026-05-01_2026-06-01.csv,2026-05-08 04:50:58,2026-05-08 05:27:28,0.6083333333333333,92830.0,74.0,69.0,5.0,5.3359375,12.211538461538462,46.125,44.0,106.71875
KA03AN1943,intellicar-KA03AN1943-2026-05-01_2026-06-01.csv,2026-05-08 05:51:28,2026-05-08 06:59:29,1.1336111111111111,92840.96875,66.0,61.0,5.0,4.9453125,13.003623188405797,48.375,45.0,98.90625
KA03AN1943,intellicar-KA03AN1943-2026-05-01_2026-06-01.csv,2026-05-08 13:34:01,2026-05-08 13:54:01,0.3333333333333333,92920.828125,83.0,78.0,5.0,6.2890625,21.54385964912281,57.875,44.0,125.78125
KA03AN1943,intellicar-KA03AN1943-2026-05-01_2026-06-01.csv,2026-05-10 03:44:45,2026-05-10 04:27:45,0.7166666666666667,93100.8984375,99.0,94.0,5.0,8.3046875,23.375,58.25,37.0,166.09375
KA03AN1943,intellicar-KA03AN1943-2026-05-01_2026-06-01.csv,2026-05-10 14:51:19,2026-05-10 15:38:19,0.7833333333333333,93229.171875,82.0,77.0,5.0,4.7109375,9.926470588235293,47.5,44.0,94.21875
KA03AN1943,intellicar-KA03AN1943-2026-05-01_2026-06-01.csv,2026-05-10 20:22:51,2026-05-10 20:48:51,0.43333333333333335,93322.9140625,28.0,22.0,6.0,10.8125,27.106907894736842,66.375,43.0,180.20833333333331
KA03AN1943,intellicar-KA03AN1943-2026-05-01_2026-06-01.csv,2026-05-12 07:05:01,2026-05-12 07:40:32,0.5919444444444445,93612.953125,68.0,63.0,5.0,5.9765625,22.81779661016949,56.5,48.83050847457627,119.53125
KA03AN1943,intellicar-KA03AN1943-2026-05-01_2026-06-01.csv,2026-05-12 09:45:32,2026-05-12 10:15:33,0.5002777777777778,93640.4140625,40.0,35.0,5.0,4.015625,10.039556962025317,49.875,47.0,80.3125
KA03AN1943,intellicar-KA03AN1943-2026-05-01_2026-06-01.csv,2026-05-13 03:43:08,2026-05-13 04:09:08,0.43333333333333335,93755.9765625,100.0,95.0,5.0,4.296875,12.16304347826087,53.125,43.0,85.9375
KA03AN1943,intellicar-KA03AN1943-2026-05-01_2026-06-01.csv,2026-05-13 07:30:10,2026-05-13 08:02:10,0.5333333333333333,93839.171875,50.0,44.0,6.0,5.0,16.107456140350877,43.125,47.01754385964912,83.33333333333334
KA03AN1943,intellicar-KA03AN1943-2026-05-01_2026-06-01.csv,2026-05-13 13:14:42,2026-05-13 13:54:13,0.6586111111111111,93892.046875,87.0,82.0,5.0,4.9765625,10.418478260869565,43.5,45.858695652173914,99.53125
KA03AN1943,intellicar-KA03AN1943-2026-05-01_2026-06-01.csv,2026-05-14 08:35:19,2026-05-14 09:07:19,0.5333333333333333,94136.328125,99.0,94.0,5.0,5.5390625,16.78214285714286,42.75,43.2,110.78125000000001
KA03AN1943,intellicar-KA03AN1943-2026-05-01_2026-06-01.csv,2026-05-14 13:45:51,2026-05-14 14:21:52,0.6002777777777778,94178.578125,68.0,63.0,5.0,6.0390625,17.170774647887324,47.375,48.08450704225352,120.78125
KA03AN1943,intellicar-KA03AN1943-2026-05-01_2026-06-01.csv,2026-05-15 15:17:59,2026-05-15 15:54:00,0.6002777777777778,94401.375,74.0,67.0,7.0,11.3125,18.470663265306122,63.375,45.0,161.60714285714286
KA03AN1943,intellicar-KA03AN1943-2026-05-01_2026-06-01.csv,2026-05-15 16:50:30,2026-05-15 17:15:00,0.4083333333333333,94432.6875,59.0,54.0,5.0,8.2734375,21.598591549295776,60.75,44.0,165.46875
KA03AN1943,intellicar-KA03AN1943-2026-05-01_2026-06-01.csv,2026-05-17 07:09:12,2026-05-17 07:32:42,0.39166666666666666,94623.03125,94.0,89.0,5.0,4.4453125,14.667372881355933,46.625,41.40677966101695,88.90625
KA03AN1943,intellicar-KA03AN1943-2026-05-01_2026-06-01.csv,2026-05-17 07:32:42,2026-05-17 07:52:42,0.3333333333333333,94627.3671875,90.0,85.0,5.0,7.59375,25.71311475409836,50.625,42.39344262295082,151.875
KA03AN1943,intellicar-KA03AN1943-2026-05-01_2026-06-01.csv,2026-05-17 16:18:46,2026-05-17 17:02:46,0.7333333333333333,94751.5234375,86.0,80.0,6.0,10.7265625,18.306603773584907,79.875,43.613207547169814,178.77604166666669
KA03AN1943,intellicar-KA03AN1943-2026-05-01_2026-06-01.csv,2026-05-18 07:38:50,2026-05-18 08:10:50,0.5333333333333333,94829.109375,93.0,87.0,6.0,5.625,13.78525641025641,48.75,45.11538461538461,93.75
KA03AN1943,intellicar-KA03AN1943-2026-05-01_2026-06-01.csv,2026-05-18 10:41:51,2026-05-18 11:57:52,1.2669444444444444,94846.1484375,81.0,76.0,5.0,3.359375,7.6647727272727275,30.625,47.64772727272727,67.1875
KA03AN1943,intellicar-KA03AN1943-2026-05-01_2026-06-01.csv,2026-05-18 16:11:53,2026-05-18 16:55:24,0.7252777777777778,94883.0,53.0,47.0,6.0,8.4375,13.5,47.625,38.40384615384615,140.625
KA03AN1943,intellicar-KA03AN1943-2026-05-01_2026-06-01.csv,2026-05-19 15:15:00,2026-05-19 15:54:01,0.6502777777777777,95081.0546875,37.0,32.0,5.0,8.9765625,27.95625,58.875,43.483333333333334,179.53125
KA03AN1943,intellicar-KA03AN1943-2026-05-01_2026-06-01.csv,2026-05-20 02:46:03,2026-05-20 03:14:33,0.475,95118.9765625,97.0,91.0,6.0,7.4140625,17.65988372093023,63.25,38.151162790697676,123.56770833333333
KA03AN1943,intellicar-KA03AN1943-2026-05-01_2026-06-01.csv,2026-05-20 06:48:34,2026-05-20 07:08:35,0.33361111111111114,95164.0546875,67.0,62.0,5.0,5.765625,20.25793650793651,59.625,43.57142857142857,115.3125
KA03AN1943,intellicar-KA03AN1943-2026-05-01_2026-06-01.csv,2026-05-20 08:05:35,2026-05-20 08:15:35,0.16666666666666666,95199.0,48.0,42.0,6.0,9.7890625,53.99038461538461,81.375,46.0,163.15104166666669
KA03AN1943,intellicar-KA03AN1943-2026-05-01_2026-06-01.csv,2026-05-20 14:05:07,2026-05-20 14:56:37,0.8583333333333333,95260.1953125,87.0,82.0,5.0,4.4140625,10.709415584415584,55.625,44.0,88.28125
KA03AN1943,intellicar-KA03AN1943-2026-05-01_2026-06-01.csv,2026-05-21 15:36:15,2026-05-21 16:38:16,1.033611111111111,95364.7734375,62.0,57.0,5.0,6.4453125,9.755530973451327,48.5,43.29203539823009,128.90625
KA03AN1943,intellicar-KA03AN1943-2026-05-01_2026-06-01.csv,2026-05-22 00:46:18,2026-05-22 01:15:48,0.49166666666666664,95430.5859375,70.0,65.0,5.0,11.078125,27.191860465116278,75.5,40.0,221.56250000000003
KA03AN1943,intellicar-KA03AN1943-2026-05-01_2026-06-01.csv,2026-05-22 03:23:48,2026-05-22 03:49:48,0.43333333333333335,95457.9765625,60.0,54.0,6.0,9.890625,23.86875,56.375,38.0,164.84375
KA03AN1943,intellicar-KA03AN1943-2026-05-01_2026-06-01.csv,2026-05-22 05:31:49,2026-05-22 06:00:49,0.48333333333333334,95485.78125,43.0,38.0,5.0,6.5703125,16.68140243902439,57.25,40.207317073170735,131.40625
KA03AN1943,intellicar-KA03AN1943-2026-05-01_2026-06-01.csv,2026-05-22 12:40:21,2026-05-22 13:42:22,1.033611111111111,95591.5859375,45.0,39.0,6.0,6.6171875,11.098130841121495,48.875,48.0,110.28645833333333
KA03AN1943,intellicar-KA03AN1943-2026-05-01_2026-06-01.csv,2026-05-23 07:15:57,2026-05-23 07:54:27,0.6416666666666667,95623.8671875,89.0,84.0,5.0,4.4765625,11.034090909090908,48.875,38.688311688311686,89.53125
KA03AN1943,intellicar-KA03AN1943-2026-05-01_2026-06-01.csv,2026-05-23 10:13:28,2026-05-23 11:06:58,0.8916666666666667,95651.625,68.0,63.0,5.0,4.7265625,6.857862903225806,56.875,43.0,94.53125
KA03AN1943,intellicar-KA03AN1943-2026-05-01_2026-06-01.csv,2026-05-24 14:26:06,2026-05-24 14:40:06,0.23333333333333334,95850.8984375,41.0,36.0,5.0,7.0703125,30.25872093023256,53.875,49.0,141.40625
KA03AN1943,intellicar-KA03AN1943-2026-05-01_2026-06-01.csv,2026-05-24 20:55:08,2026-05-24 21:09:08,0.23333333333333334,95910.40625,94.0,89.0,5.0,10.1953125,43.44230769230769,65.875,41.0,203.90625
KA03AN1943,intellicar-KA03AN1943-2026-05-01_2026-06-01.csv,2026-05-25 04:07:39,2026-05-25 04:37:40,0.5002777777777778,95996.0390625,56.0,51.0,5.0,6.015625,16.823051948051948,54.75,38.58441558441559,120.3125
KA03AN1943,intellicar-KA03AN1943-2026-05-01_2026-06-01.csv,2026-05-25 08:24:11,2026-05-25 10:02:41,1.6416666666666666,96031.953125,95.0,89.0,6.0,3.6640625,9.195075757575758,36.375,46.06060606060606,61.067708333333336
KA03AN1943,intellicar-KA03AN1943-2026-05-01_2026-06-01.csv,2026-05-25 10:02:41,2026-05-25 10:20:41,0.3,96035.546875,90.0,85.0,5.0,6.390625,22.33653846153846,54.625,47.01923076923077,127.8125
KA03AN1943,intellicar-KA03AN1943-2026-05-01_2026-06-01.csv,2026-05-25 12:51:12,2026-05-25 13:09:12,0.3,96067.4453125,66.0,61.0,5.0,6.3671875,24.783653846153847,59.625,47.0,127.34375
KA03AN1943,intellicar-KA03AN1943-2026-05-01_2026-06-01.csv,2026-05-25 16:00:13,2026-05-25 16:42:44,0.7086111111111111,96114.09375,36.0,29.0,7.0,10.6015625,16.809475806451612,49.375,48.0,151.45089285714286
KA03AN1943,intellicar-KA03AN1943-2026-05-01_2026-06-01.csv,2026-05-26 04:46:17,2026-05-26 05:25:17,0.65,96147.8984375,85.0,79.0,6.0,5.859375,10.216911764705882,52.875,44.431372549019606,97.65625
KA03AN1943,intellicar-KA03AN1943-2026-05-01_2026-06-01.csv,2026-05-26 06:39:48,2026-05-26 08:04:48,1.4166666666666667,96158.546875,76.0,68.0,8.0,12.8828125,17.002640845070424,52.5,46.23943661971831,161.03515625
KA03AN1943,intellicar-KA03AN1943-2026-05-01_2026-06-01.csv,2026-05-26 09:55:19,2026-05-26 10:30:19,0.5833333333333334,96191.7265625,51.0,44.0,7.0,9.3671875,20.76098901098901,71.0,49.0,133.81696428571428
KA03AN1943,intellicar-KA03AN1943-2026-05-01_2026-06-01.csv,2026-05-26 15:45:51,2026-05-26 16:47:21,1.025,96280.046875,42.0,0.0,42.0,9.2890625,21.03125,44.875,36.416666666666664,22.116815476190478
KA03AN1943,intellicar-KA03AN1943-2026-05-01_2026-06-01.csv,2026-05-27 04:40:54,2026-05-27 05:53:55,1.2169444444444444,96362.1953125,84.0,79.0,5.0,4.046875,9.077702702702704,34.875,39.7972972972973,80.9375
KA03AN1943,intellicar-KA03AN1943-2026-05-01_2026-06-01.csv,2026-05-27 06:27:55,2026-05-27 07:10:25,0.7083333333333334,96375.1875,74.0,68.0,6.0,6.5859375,13.17142857142857,47.375,42.38095238095238,109.765625
KA03AN1943,intellicar-KA03AN1943-2026-05-01_2026-06-01.csv,2026-05-29 16:55:13,2026-05-29 17:16:43,0.35833333333333334,96583.125,39.0,34.0,5.0,6.5625,25.158653846153847,67.375,39.0,131.25
KA03AN1943,intellicar-KA03AN1943-2026-05-01_2026-06-01.csv,2026-05-30 04:25:46,2026-05-30 05:01:16,0.5916666666666667,96611.5078125,100.0,95.0,5.0,7.6640625,14.343446601941748,45.0,42.0,153.28125
KA03AN1943,intellicar-KA03AN1943-2026-05-01_2026-06-01.csv,2026-05-31 11:03:54,2026-05-31 11:36:55,0.5502777777777778,96848.8828125,99.0,94.0,5.0,4.0234375,9.985576923076923,43.25,44.0,80.46875
KA03AN1943,intellicar-KA03AN1943-2026-05-01_2026-06-01.csv,2026-05-31 11:48:55,2026-05-31 12:38:25,0.825,96857.0390625,92.0,87.0,5.0,5.8125,10.366421568627452,40.0,45.03921568627451,116.25000000000001
KA03AN1943,intellicar-KA03AN1943-2026-05-01_2026-06-01.csv,2026-05-31 13:06:25,2026-05-31 13:22:25,0.26666666666666666,96875.40625,81.0,76.0,5.0,7.0703125,30.23913043478261,60.375,46.93478260869565,141.40625
KA03AN1944,intellicar-KA03AN1944-2026-05-01_2026-07-01.csv,2026-05-02 11:01:20,2026-05-02 11:36:47,0.5908333333333333,76862.578125,65.0,59.0,6.0,4.234375,8.626344086021506,38.75,47.11290322580645,70.57291666666666
KA03AN1944,intellicar-KA03AN1944-2026-05-01_2026-07-01.csv,2026-05-03 02:47:23,2026-05-03 03:22:51,0.5911111111111111,76960.453125,88.0,82.0,6.0,11.421875,20.912433155080215,52.625,38.144385026737964,190.36458333333331
KA03AN1944,intellicar-KA03AN1944-2026-05-01_2026-07-01.csv,2026-05-03 16:02:27,2026-05-03 16:14:25,0.19944444444444445,77171.203125,82.0,77.0,5.0,8.09375,43.440298507462686,76.625,45.0,161.875
KA03AN1944,intellicar-KA03AN1944-2026-05-01_2026-07-01.csv,2026-05-05 06:03:05,2026-05-05 06:28:35,0.425,77437.359375,80.0,75.0,5.0,5.2734375,14.925347222222221,43.875,43.31944444444444,105.46875
KA03AN1944,intellicar-KA03AN1944-2026-05-01_2026-07-01.csv,2026-05-05 07:00:36,2026-05-05 07:20:36,0.3333333333333333,77464.3984375,66.0,60.0,6.0,12.3671875,41.18008474576271,88.125,45.0,206.11979166666666
KA03AN1944,intellicar-KA03AN1944-2026-05-01_2026-07-01.csv,2026-05-07 04:35:50,2026-05-07 05:04:20,0.475,77768.9765625,71.0,66.0,5.0,5.59375,13.21,56.375,40.42666666666667,111.87499999999999
KA03AN1944,intellicar-KA03AN1944-2026-05-01_2026-07-01.csv,2026-05-07 05:52:21,2026-05-07 06:21:21,0.48333333333333334,77781.4765625,61.0,56.0,5.0,6.5,14.748511904761905,71.25,42.30952380952381,130.0
KA03AN1944,intellicar-KA03AN1944-2026-05-01_2026-07-01.csv,2026-05-07 14:58:54,2026-05-07 15:32:25,0.5586111111111111,77831.328125,56.0,51.0,5.0,7.6328125,16.63061797752809,52.875,43.0,152.65625
KA03AN1944,intellicar-KA03AN1944-2026-05-01_2026-07-01.csv,2026-05-09 03:08:36,2026-05-09 03:32:36,0.4,78148.921875,88.0,83.0,5.0,10.890625,27.57638888888889,72.875,37.69444444444444,217.8125
KA03AN1944,intellicar-KA03AN1944-2026-05-01_2026-07-01.csv,2026-05-09 08:50:08,2026-05-09 10:03:09,1.2169444444444444,78258.0,47.0,42.0,5.0,6.3984375,14.811688311688311,52.625,45.51948051948052,127.96875000000001
KA03AN1944,intellicar-KA03AN1944-2026-05-01_2026-07-01.csv,2026-05-09 11:16:09,2026-05-09 11:54:09,0.6333333333333333,78290.4765625,33.0,26.0,7.0,17.8828125,31.846153846153847,76.625,48.44230769230769,255.46875
KA03AN1944,intellicar-KA03AN1944-2026-05-01_2026-07-01.csv,2026-05-09 15:54:11,2026-05-09 16:25:11,0.5166666666666667,78343.453125,48.0,43.0,5.0,10.9765625,26.24411764705882,58.625,42.0,219.53125
KA03AN1944,intellicar-KA03AN1944-2026-05-01_2026-07-01.csv,2026-05-12 13:28:04,2026-05-12 14:19:04,0.85,78529.3125,55.0,49.0,6.0,8.828125,11.85820895522388,55.375,48.0,147.13541666666669
KA03AN1944,intellicar-KA03AN1944-2026-05-01_2026-07-01.csv,2026-05-13 10:03:41,2026-05-13 10:45:11,0.6916666666666667,78605.6328125,95.0,90.0,5.0,7.3203125,12.515330188679245,50.25,45.70754716981132,146.40625
KA03AN1944,intellicar-KA03AN1944-2026-05-01_2026-07-01.csv,2026-05-13 11:14:42,2026-05-13 11:54:42,0.6666666666666666,78616.6796875,89.0,83.0,6.0,9.5703125,17.311904761904763,50.625,47.352380952380955,159.50520833333331
KA03AN1944,intellicar-KA03AN1944-2026-05-01_2026-07-01.csv,2026-05-14 04:02:17,2026-05-14 04:26:47,0.4083333333333333,78776.09375,10.0,2.0,8.0,3.9609375,11.848790322580646,44.375,42.903225806451616,49.51171875
KA03AN1944,intellicar-KA03AN1944-2026-05-01_2026-07-01.csv,2026-05-15 09:05:57,2026-05-15 09:57:27,0.8583333333333333,79033.921875,28.0,23.0,5.0,11.4375,15.230442176870747,43.75,45.0,228.75
KA03AN1944,intellicar-KA03AN1944-2026-05-01_2026-07-01.csv,2026-05-21 13:37:14,2026-05-21 14:33:45,0.9419444444444445,79887.890625,100.0,94.0,6.0,4.5234375,11.35135135135135,79.625,43.28378378378378,75.390625
KA03AN1944,intellicar-KA03AN1944-2026-05-01_2026-07-01.csv,2026-05-21 18:38:46,2026-05-21 18:46:46,0.13333333333333333,79968.765625,53.0,48.0,5.0,7.265625,41.48125,70.25,41.0,145.3125
KA03AN1944,intellicar-KA03AN1944-2026-05-01_2026-07-01.csv,2026-05-23 13:53:29,2026-05-23 14:15:29,0.36666666666666664,80330.4921875,86.0,80.0,6.0,10.5,28.458955223880597,77.375,43.0,175.0
KA03AN1944,intellicar-KA03AN1944-2026-05-01_2026-07-01.csv,2026-05-24 10:59:35,2026-05-24 11:09:35,0.16666666666666666,80510.6640625,94.0,89.0,5.0,9.1953125,59.28225806451613,78.625,45.0,183.90625
KA03AN1944,intellicar-KA03AN1944-2026-05-01_2026-07-01.csv,2026-05-24 14:02:36,2026-05-24 14:16:36,0.23333333333333334,80591.890625,52.0,47.0,5.0,8.59375,38.77272727272727,65.0,48.02272727272727,171.875
KA03AN1944,intellicar-KA03AN1944-2026-05-01_2026-07-01.csv,2026-05-25 05:38:40,2026-05-25 06:13:10,0.575,80717.09375,48.0,43.0,5.0,5.4453125,11.48404255319149,43.875,42.159574468085104,108.90625
KA03AN1944,intellicar-KA03AN1944-2026-05-01_2026-07-01.csv,2026-05-25 16:06:13,2026-05-25 16:23:14,0.2836111111111111,80889.8984375,70.0,65.0,5.0,5.328125,18.991847826086957,48.75,45.0,106.5625
KA03AN1944,intellicar-KA03AN1944-2026-05-01_2026-07-01.csv,2026-05-25 17:45:44,2026-05-25 18:05:44,0.3333333333333333,80904.25,59.0,52.0,7.0,11.3828125,34.57954545454545,87.75,42.72727272727273,162.61160714285714
KA03AN1944,intellicar-KA03AN1944-2026-05-01_2026-07-01.csv,2026-05-26 05:00:17,2026-05-26 05:14:17,0.23333333333333334,80963.8984375,88.0,83.0,5.0,6.15625,30.45,73.25,43.125,123.125
KA03AN1944,intellicar-KA03AN1944-2026-05-01_2026-07-01.csv,2026-05-26 07:13:18,2026-05-26 07:50:02,0.6122222222222222,81015.9296875,56.0,51.0,5.0,3.2890625,23.191176470588236,83.0,47.5,65.78125
KA03AN1944,intellicar-KA03AN1944-2026-05-01_2026-07-01.csv,2026-05-26 08:12:04,2026-05-26 08:22:02,0.1661111111111111,81033.6953125,43.0,38.0,5.0,11.046875,64.75,83.875,48.44444444444444,220.9375
KA03AN1944,intellicar-KA03AN1944-2026-05-01_2026-07-01.csv,2026-05-26 12:14:20,2026-05-26 12:50:50,0.6083333333333333,81080.9375,96.0,90.0,6.0,6.0859375,11.682065217391305,43.375,42.26086956521739,101.43229166666667
KA03AN1944,intellicar-KA03AN1944-2026-05-01_2026-07-01.csv,2026-05-26 15:06:21,2026-05-26 15:24:21,0.3,81105.0859375,77.0,72.0,5.0,7.2578125,24.46153846153846,64.375,39.0,145.15625
KA03AN1944,intellicar-KA03AN1944-2026-05-01_2026-07-01.csv,2026-05-27 06:45:55,2026-05-27 06:59:25,0.225,81181.9453125,71.0,66.0,5.0,6.234375,28.64864864864865,84.625,45.0,124.6875
KA03AN1944,intellicar-KA03AN1944-2026-05-01_2026-07-01.csv,2026-05-27 20:04:31,2026-05-27 20:21:01,0.275,81297.6171875,88.0,83.0,5.0,6.1875,31.95357142857143,78.125,41.0,123.75
KA03AN1944,intellicar-KA03AN1944-2026-05-01_2026-07-01.csv,2026-05-27 23:56:32,2026-05-28 00:08:32,0.2,81338.203125,92.0,87.0,5.0,7.40625,34.55592105263158,80.125,42.0,148.125
KA03AN1944,intellicar-KA03AN1944-2026-05-01_2026-07-01.csv,2026-05-28 05:03:03,2026-05-28 05:31:33,0.475,81452.421875,91.0,86.0,5.0,8.71875,20.902439024390244,77.0,43.670731707317074,174.375
KA03AN1944,intellicar-KA03AN1944-2026-05-01_2026-07-01.csv,2026-05-29 16:03:43,2026-05-29 16:41:43,0.6333333333333333,81681.625,74.0,69.0,5.0,6.9609375,15.80421686746988,88.875,39.12048192771084,139.21875
KA03AN1944,intellicar-KA03AN1944-2026-05-01_2026-07-01.csv,2026-05-29 16:41:43,2026-05-29 17:11:43,0.5,81688.484375,70.0,64.0,6.0,10.6953125,23.64027777777778,77.625,39.0,178.25520833333331
KA03AN1944,intellicar-KA03AN1944-2026-05-01_2026-07-01.csv,2026-05-30 01:40:15,2026-05-30 02:07:45,0.4583333333333333,81786.3984375,77.0,71.0,6.0,11.0078125,26.76923076923077,71.75,40.0,183.46354166666669
KA03AN1944,intellicar-KA03AN1944-2026-05-01_2026-07-01.csv,2026-05-30 07:08:17,2026-05-30 07:56:17,0.8,81907.171875,79.0,73.0,6.0,4.3671875,7.915404040404041,40.75,47.61616161616162,72.78645833333334
KA03AN1944,intellicar-KA03AN1944-2026-05-01_2026-07-01.csv,2026-05-30 10:32:32,2026-05-30 13:32:49,3.004722222222222,81927.40625,100.0,95.0,5.0,5.8515625,13.260989010989011,43.0,40.175824175824175,117.03125000000001
KA03AN1944,intellicar-KA03AN1944-2026-05-01_2026-07-01.csv,2026-06-03 03:46:13,2026-06-03 04:15:13,0.48333333333333334,82427.25,80.0,74.0,6.0,8.640625,21.424657534246574,62.125,38.863013698630134,144.01041666666669
KA03AN1944,intellicar-KA03AN1944-2026-05-01_2026-07-01.csv,2026-06-03 14:24:47,2026-06-03 15:35:17,1.175,82526.6015625,96.0,91.0,5.0,9.4453125,13.1375,51.375,39.87692307692308,188.90625
KA03AN1944,intellicar-KA03AN1944-2026-05-01_2026-07-01.csv,2026-06-03 22:00:48,2026-06-03 22:18:49,0.30027777777777775,82687.34375,73.0,68.0,5.0,10.1171875,34.41105769230769,82.875,41.84615384615385,202.34375
KA03AN1944,intellicar-KA03AN1944-2026-05-01_2026-07-01.csv,2026-06-04 03:32:20,2026-06-04 04:01:20,0.48333333333333334,82753.171875,43.0,38.0,5.0,8.265625,20.40753424657534,61.75,39.054794520547944,165.3125
KA03AN1944,intellicar-KA03AN1944-2026-05-01_2026-07-01.csv,2026-06-05 07:34:29,2026-06-05 07:50:29,0.26666666666666666,82902.140625,93.0,88.0,5.0,11.4921875,46.19034090909091,67.125,44.0,229.84375
KA03AN1944,intellicar-KA03AN1944-2026-05-01_2026-07-01.csv,2026-06-06 04:03:34,2026-06-06 05:24:34,1.35,83174.1796875,77.0,71.0,6.0,9.46875,15.2125,51.0,39.018181818181816,157.8125
KA03AN1944,intellicar-KA03AN1944-2026-05-01_2026-07-01.csv,2026-06-08 13:31:49,2026-06-08 14:17:49,0.7666666666666667,83404.75,80.0,75.0,5.0,7.5859375,12.170758928571429,45.375,39.348214285714285,151.71875
KA03AN1944,intellicar-KA03AN1944-2026-05-01_2026-07-01.csv,2026-06-09 05:04:52,2026-06-09 05:28:52,0.4,83460.9765625,84.0,79.0,5.0,8.25,24.79794520547945,80.125,39.726027397260275,165.0
KA03AN1944,intellicar-KA03AN1944-2026-05-01_2026-07-01.csv,2026-06-09 06:02:52,2026-06-09 07:21:22,1.3083333333333333,83489.7265625,72.0,67.0,5.0,9.3046875,18.752659574468087,41.25,41.702127659574465,186.09375
KA03AN1944,intellicar-KA03AN1944-2026-05-01_2026-07-01.csv,2026-06-09 15:19:55,2026-06-09 16:42:26,1.3752777777777778,83508.09375,93.0,88.0,5.0,6.7578125,20.683467741935484,57.125,40.62903225806452,135.15625
KA03AN1944,intellicar-KA03AN1944-2026-05-01_2026-07-01.csv,2026-06-10 06:48:59,2026-06-10 07:22:59,0.5666666666666667,83518.40625,87.0,82.0,5.0,8.390625,18.163888888888888,51.5,37.077777777777776,167.8125
KA03AN1944,intellicar-KA03AN1944-2026-05-01_2026-07-01.csv,2026-06-12 14:39:12,2026-06-12 15:01:12,0.36666666666666664,83657.328125,88.0,83.0,5.0,5.3125,14.20357142857143,37.375,39.0,106.25
KA03AN1944,intellicar-KA03AN1944-2026-05-01_2026-07-01.csv,2026-06-12 23:55:44,2026-06-13 00:31:45,0.6002777777777778,83749.984375,79.0,74.0,5.0,9.4140625,25.234375,56.375,37.0,188.28125
KA03AN1944,intellicar-KA03AN1944-2026-05-01_2026-07-01.csv,2026-06-16 14:16:36,2026-06-16 15:20:06,1.0583333333333333,83975.1015625,77.0,71.0,6.0,4.6953125,10.525337837837839,49.375,43.0,78.25520833333334
KA03AN1944,intellicar-KA03AN1944-2026-05-01_2026-07-01.csv,2026-06-23 13:34:24,2026-06-23 13:52:24,0.3,84503.3671875,77.0,72.0,5.0,6.03125,22.838636363636365,58.875,43.0,120.625
KA03AN1944,intellicar-KA03AN1944-2026-05-01_2026-07-01.csv,2026-06-23 21:28:26,2026-06-23 21:41:26,0.21666666666666667,84653.296875,55.0,50.0,5.0,5.8125,26.4453125,80.5,41.0,116.25000000000001
KA03AN1944,intellicar-KA03AN1944-2026-05-01_2026-07-01.csv,2026-06-24 00:30:56,2026-06-24 01:10:56,0.6666666666666666,84697.21875,79.0,73.0,6.0,8.9375,22.96232876712329,68.5,41.97260273972603,148.95833333333331
KA03AN1944,intellicar-KA03AN1944-2026-05-01_2026-07-01.csv,2026-06-24 14:20:00,2026-06-24 14:37:30,0.2916666666666667,84812.375,61.0,56.0,5.0,6.203125,23.733490566037737,65.375,45.0,124.06250000000001
KA03AN1944,intellicar-KA03AN1944-2026-05-01_2026-07-01.csv,2026-06-25 17:06:09,2026-06-25 17:20:09,0.23333333333333334,85073.328125,69.0,63.0,6.0,6.5703125,28.633928571428573,82.5,41.0,109.50520833333333
KA03AN1944,intellicar-KA03AN1944-2026-05-01_2026-07-01.csv,2026-06-25 17:24:09,2026-06-25 17:59:09,0.5833333333333334,85082.390625,62.0,57.0,5.0,5.7890625,25.647727272727273,85.25,41.0,115.78124999999999
KA03AN1944,intellicar-KA03AN1944-2026-05-01_2026-07-01.csv,2026-06-25 21:32:40,2026-06-25 22:22:11,0.8252777777777778,85171.9296875,42.0,37.0,5.0,4.734375,13.550438596491228,80.25,40.175438596491226,94.6875
KA03AN1944,intellicar-KA03AN1944-2026-05-01_2026-07-01.csv,2026-06-26 05:26:13,2026-06-26 06:04:43,0.6416666666666667,85260.828125,65.0,60.0,5.0,5.984375,14.44277108433735,41.0,39.0,119.68749999999999
KA03AN1944,intellicar-KA03AN1944-2026-05-01_2026-07-01.csv,2026-06-26 14:48:46,2026-06-26 15:02:46,0.23333333333333334,85287.9609375,46.0,41.0,5.0,4.4921875,19.942708333333332,43.375,41.0,89.84375
KA03AN1944,intellicar-KA03AN1944-2026-05-01_2026-07-01.csv,2026-06-26 19:48:48,2026-06-26 20:06:48,0.3,85355.8671875,81.0,76.0,5.0,5.6015625,22.483695652173914,57.5,41.369565217391305,112.03125
KA03AN1944,intellicar-KA03AN1944-2026-05-01_2026-07-01.csv,2026-06-26 21:07:18,2026-06-26 21:13:18,0.1,85402.5859375,51.0,46.0,5.0,9.203125,85.40972222222223,88.875,42.0,184.0625
KA03AN1944,intellicar-KA03AN1944-2026-05-01_2026-07-01.csv,2026-06-26 21:29:18,2026-06-26 21:43:49,0.24194444444444443,85423.0078125,37.0,32.0,5.0,5.96875,31.641304347826086,81.375,42.95652173913044,119.37500000000001
KA03AN1944,intellicar-KA03AN1944-2026-05-01_2026-07-01.csv,2026-06-27 00:07:20,2026-06-27 00:25:20,0.3,85473.4296875,77.0,72.0,5.0,7.3203125,25.631818181818183,73.625,42.0,146.40625
KA03AN1944,intellicar-KA03AN1944-2026-05-01_2026-07-01.csv,2026-06-27 02:53:50,2026-06-27 03:31:21,0.6252777777777778,85538.8515625,37.0,32.0,5.0,6.4921875,20.714912280701753,69.375,41.0,129.84375
KA03AN1944,intellicar-KA03AN1944-2026-05-01_2026-07-01.csv,2026-06-27 13:59:26,2026-06-27 15:11:26,1.2,85634.2734375,39.0,32.0,7.0,6.9453125,9.619747899159664,37.875,47.78151260504202,99.21875
KA03AN1944,intellicar-KA03AN1944-2026-05-01_2026-07-01.csv,2026-06-27 18:22:27,2026-06-27 18:43:57,0.35833333333333334,85654.484375,97.0,92.0,5.0,5.515625,17.30122950819672,77.875,42.0,110.31249999999999
KA03AN1944,intellicar-KA03AN1944-2026-05-01_2026-07-01.csv,2026-06-29 09:37:38,2026-06-29 09:47:38,0.16666666666666666,86071.6875,53.0,48.0,5.0,5.59375,33.5948275862069,56.75,47.310344827586206,111.87499999999999
KA03AN1944,intellicar-KA03AN1944-2026-05-01_2026-07-01.csv,2026-06-30 15:30:48,2026-06-30 15:42:48,0.2,86327.765625,81.0,76.0,5.0,7.828125,30.31640625,84.375,41.71875,156.5625
KA03AN1945,intellicar-KA03AN1945-2026-05-01_2026-07-01.csv,2026-05-02 16:59:50,2026-05-02 17:31:19,0.5247222222222222,90556.921875,43.0,38.0,5.0,6.234375,21.931521739130435,52.75,54.07826086956522,124.6875
KA03AN1945,intellicar-KA03AN1945-2026-05-01_2026-07-01.csv,2026-05-04 10:49:32,2026-05-04 11:03:30,0.23277777777777778,91062.59375,43.0,38.0,5.0,4.34375,22.1265625,69.25,57.0,86.875
KA03AN1945,intellicar-KA03AN1945-2026-05-01_2026-07-01.csv,2026-05-05 13:49:08,2026-05-05 14:19:08,0.5,91377.1484375,80.0,75.0,5.0,5.0546875,11.101902173913043,55.625,49.53260869565217,101.09375
KA03AN1945,intellicar-KA03AN1945-2026-05-01_2026-07-01.csv,2026-05-07 06:11:21,2026-05-07 06:32:53,0.35888888888888887,91723.1015625,58.0,53.0,5.0,6.703125,38.105,85.25,45.0,134.0625
KA03AN1945,intellicar-KA03AN1945-2026-05-01_2026-07-01.csv,2026-05-07 14:03:56,2026-05-07 14:13:56,0.16666666666666666,91852.109375,81.0,76.0,5.0,7.03125,45.391666666666666,76.75,58.0,140.625
KA03AN1945,intellicar-KA03AN1945-2026-05-01_2026-07-01.csv,2026-05-08 11:15:30,2026-05-08 11:29:31,0.2336111111111111,92026.8203125,75.0,70.0,5.0,4.921875,22.38125,63.625,56.0,98.4375
KA03AN1945,intellicar-KA03AN1945-2026-05-01_2026-07-01.csv,2026-05-08 17:31:33,2026-05-08 17:39:33,0.13333333333333333,92122.21875,59.0,54.0,5.0,9.6328125,68.93,85.625,52.08,192.65625
KA03AN1945,intellicar-KA03AN1945-2026-05-01_2026-07-01.csv,2026-05-08 18:11:33,2026-05-08 18:39:33,0.4666666666666667,92147.7890625,47.0,39.0,8.0,11.203125,24.33231707317073,80.5,49.58536585365854,140.0390625
KA03AN1945,intellicar-KA03AN1945-2026-05-01_2026-07-01.csv,2026-05-09 06:53:08,2026-05-09 07:01:08,0.13333333333333333,92238.078125,57.0,52.0,5.0,7.171875,54.151041666666664,85.375,49.625,143.4375
KA03AN1945,intellicar-KA03AN1945-2026-05-01_2026-07-01.csv,2026-05-09 09:46:09,2026-05-09 09:56:09,0.16666666666666666,92273.96875,88.0,83.0,5.0,8.1875,49.491379310344826,71.75,55.0,163.75
KA03AN1945,intellicar-KA03AN1945-2026-05-01_2026-07-01.csv,2026-05-09 10:10:09,2026-05-09 10:20:09,0.16666666666666666,92295.484375,78.0,73.0,5.0,4.5,28.205645161290324,69.0,55.0,90.0
KA03AN1945,intellicar-KA03AN1945-2026-05-01_2026-07-01.csv,2026-05-09 13:42:10,2026-05-09 13:54:10,0.2,92370.5703125,72.0,67.0,5.0,5.9765625,36.175,77.625,54.2,119.53125
KA03AN1945,intellicar-KA03AN1945-2026-05-01_2026-07-01.csv,2026-05-09 17:54:42,2026-05-09 18:12:42,0.3,92470.9921875,43.0,38.0,5.0,7.15625,26.25925925925926,62.25,47.407407407407405,143.125
KA03AN1945,intellicar-KA03AN1945-2026-05-01_2026-07-01.csv,2026-05-10 11:57:18,2026-05-10 12:05:18,0.13333333333333333,92570.296875,90.0,85.0,5.0,9.1328125,73.26875,89.75,57.0,182.65625
KA03AN1945,intellicar-KA03AN1945-2026-05-01_2026-07-01.csv,2026-05-11 02:49:22,2026-05-11 03:15:22,0.43333333333333335,92735.3828125,90.0,85.0,5.0,6.4921875,16.29375,49.375,44.0,129.84375
KA03AN1945,intellicar-KA03AN1945-2026-05-01_2026-07-01.csv,2026-05-11 04:35:23,2026-05-11 04:45:23,0.16666666666666666,92767.59375,69.0,64.0,5.0,6.7421875,38.58620689655172,81.875,46.0,134.84375
KA03AN1945,intellicar-KA03AN1945-2026-05-01_2026-07-01.csv,2026-05-11 06:35:24,2026-05-11 06:41:24,0.1,92813.921875,86.0,81.0,5.0,6.875,74.94444444444444,89.375,54.0,137.5
KA03AN1945,intellicar-KA03AN1945-2026-05-01_2026-07-01.csv,2026-05-12 15:19:05,2026-05-12 15:39:07,0.3338888888888889,93176.1328125,29.0,23.0,6.0,6.234375,20.335416666666667,57.875,52.95,103.90625
KA03AN1945,intellicar-KA03AN1945-2026-05-01_2026-07-01.csv,2026-05-13 02:41:38,2026-05-13 02:49:38,0.13333333333333333,93219.03125,79.0,74.0,5.0,10.1171875,73.73295454545455,91.0,44.5,202.34375
KA03AN1945,intellicar-KA03AN1945-2026-05-01_2026-07-01.csv,2026-05-13 06:02:10,2026-05-13 06:08:10,0.1,93285.390625,87.0,82.0,5.0,6.609375,60.19117647058823,82.125,50.88235294117647,132.1875
KA03AN1945,intellicar-KA03AN1945-2026-05-01_2026-07-01.csv,2026-05-13 07:32:10,2026-05-13 07:50:10,0.3,93315.9375,58.0,53.0,5.0,3.21875,12.01179245283019,40.625,53.0,64.375
KA03AN1945,intellicar-KA03AN1945-2026-05-01_2026-07-01.csv,2026-05-14 16:19:22,2026-05-14 16:26:22,0.11666666666666667,93696.21875,80.0,74.0,6.0,3.046875,30.59375,37.0,46.0,50.78125
KA03AN1945,intellicar-KA03AN1945-2026-05-01_2026-07-01.csv,2026-05-14 18:33:23,2026-05-14 18:35:53,0.041666666666666664,93742.671875,91.0,86.0,5.0,6.9140625,45.791666666666664,68.25,48.77777777777778,138.28125
KA03AN1945,intellicar-KA03AN1945-2026-05-01_2026-07-01.csv,2026-05-14 19:21:23,2026-05-14 19:27:24,0.10027777777777777,93786.640625,69.0,63.0,6.0,7.328125,61.99404761904762,81.5,47.0,122.13541666666667
KA03AN1945,intellicar-KA03AN1945-2026-05-01_2026-07-01.csv,2026-05-14 19:47:24,2026-05-14 20:01:24,0.23333333333333334,93810.3984375,56.0,50.0,6.0,10.546875,47.97560975609756,77.375,47.0,175.78125
KA03AN1945,intellicar-KA03AN1945-2026-05-01_2026-07-01.csv,2026-05-14 23:09:54,2026-05-14 23:15:54,0.1,93935.6171875,41.0,36.0,5.0,6.6640625,57.6484375,80.25,48.0,133.28125
KA03AN1945,intellicar-KA03AN1945-2026-05-01_2026-07-01.csv,2026-05-15 07:25:26,2026-05-15 07:35:27,0.16694444444444445,93997.5390625,78.0,73.0,5.0,7.9921875,49.49107142857143,82.875,50.0,159.84375
KA03AN1945,intellicar-KA03AN1945-2026-05-01_2026-07-01.csv,2026-05-16 06:28:04,2026-05-16 06:40:04,0.2,94166.859375,74.0,69.0,5.0,4.109375,21.81578947368421,56.25,51.78947368421053,82.1875
KA03AN1945,intellicar-KA03AN1945-2026-05-01_2026-07-01.csv,2026-05-16 11:25:36,2026-05-16 11:33:36,0.13333333333333333,94266.2578125,74.0,67.0,7.0,7.609375,60.255,84.5,57.0,108.70535714285714
KA03AN1945,intellicar-KA03AN1945-2026-05-01_2026-07-01.csv,2026-05-16 17:28:38,2026-05-16 17:58:38,0.5,94367.953125,62.0,57.0,5.0,6.796875,34.451388888888886,78.5,55.5,135.9375
KA03AN1945,intellicar-KA03AN1945-2026-05-01_2026-07-01.csv,2026-05-17 08:06:43,2026-05-17 08:22:43,0.26666666666666666,94478.2109375,54.0,49.0,5.0,5.3515625,20.6425,60.125,49.0,107.03125
KA03AN1945,intellicar-KA03AN1945-2026-05-01_2026-07-01.csv,2026-05-17 12:32:44,2026-05-17 12:40:44,0.13333333333333333,94518.2734375,90.0,85.0,5.0,5.0390625,29.678571428571427,84.0,60.0,100.78125
KA03AN1945,intellicar-KA03AN1945-2026-05-01_2026-07-01.csv,2026-05-17 14:59:15,2026-05-17 15:09:15,0.16666666666666666,94599.0234375,40.0,35.0,5.0,5.4375,33.83796296296296,74.875,55.0,108.74999999999999
KA03AN1945,intellicar-KA03AN1945-2026-05-01_2026-07-01.csv,2026-05-18 13:25:22,2026-05-18 13:57:23,0.5336111111111111,94668.796875,70.0,65.0,5.0,3.4609375,6.71125,39.25,43.0,69.21875
KA03AN1945,intellicar-KA03AN1945-2026-05-01_2026-07-01.csv,2026-05-18 16:59:54,2026-05-18 17:05:54,0.1,94718.5078125,34.0,29.0,5.0,5.078125,43.90833333333333,68.0,40.666666666666664,101.5625
KA03AN1945,intellicar-KA03AN1945-2026-05-01_2026-07-01.csv,2026-05-19 09:06:28,2026-05-19 09:14:28,0.13333333333333333,94862.4921875,29.0,24.0,5.0,7.875,57.635,83.75,48.32,157.5
KA03AN1945,intellicar-KA03AN1945-2026-05-01_2026-07-01.csv,2026-05-19 09:14:28,2026-05-19 09:24:28,0.16666666666666666,94870.0,25.0,20.0,5.0,8.6640625,65.01515151515152,87.125,49.03030303030303,173.28125
KA03AN1945,intellicar-KA03AN1945-2026-05-01_2026-07-01.csv,2026-05-19 17:29:04,2026-05-19 17:37:05,0.13361111111111112,95021.625,47.0,42.0,5.0,8.328125,58.105,76.125,42.0,166.5625
KA03AN1945,intellicar-KA03AN1945-2026-05-01_2026-07-01.csv,2026-05-20 00:49:33,2026-05-20 02:31:03,1.6916666666666667,95066.5703125,91.0,86.0,5.0,8.2109375,18.15730337078652,57.0,40.146067415730336,164.21875
KA03AN1945,intellicar-KA03AN1945-2026-05-01_2026-07-01.csv,2026-05-20 06:06:34,2026-05-20 06:12:34,0.1,95142.46875,89.0,84.0,5.0,7.6875,72.23809523809524,87.5,42.904761904761905,153.75
KA03AN1945,intellicar-KA03AN1945-2026-05-01_2026-07-01.csv,2026-05-20 16:59:38,2026-05-20 17:35:08,0.5916666666666667,95316.84375,22.0,17.0,5.0,7.34375,21.9875,53.375,48.15,146.875
KA03AN1945,intellicar-KA03AN1945-2026-05-01_2026-07-01.csv,2026-05-21 08:01:12,2026-05-21 08:15:12,0.23333333333333334,95416.296875,81.0,76.0,5.0,5.7734375,25.121951219512194,55.75,46.90243902439025,115.46875000000001
KA03AN1945,intellicar-KA03AN1945-2026-05-01_2026-07-01.csv,2026-05-21 08:37:12,2026-05-21 09:16:12,0.65,95430.109375,71.0,64.0,7.0,5.8671875,14.422348484848484,62.0,48.95454545454545,83.81696428571429
KA03AN1945,intellicar-KA03AN1945-2026-05-01_2026-07-01.csv,2026-05-21 10:38:13,2026-05-21 10:46:13,0.13333333333333333,95474.8125,39.0,34.0,5.0,5.15625,49.984375,91.875,47.083333333333336,103.125
KA03AN1945,intellicar-KA03AN1945-2026-05-01_2026-07-01.csv,2026-05-21 12:09:43,2026-05-21 12:35:44,0.4336111111111111,95496.1171875,88.0,82.0,6.0,7.6171875,22.596153846153847,72.5,44.19230769230769,126.953125
KA03AN1945,intellicar-KA03AN1945-2026-05-01_2026-07-01.csv,2026-05-21 12:47:44,2026-05-21 13:09:44,0.36666666666666664,95512.1875,78.0,72.0,6.0,10.3828125,28.793560606060606,80.625,43.93939393939394,173.046875
KA03AN1945,intellicar-KA03AN1945-2026-05-01_2026-07-01.csv,2026-05-21 16:03:45,2026-05-21 16:29:46,0.4336111111111111,95566.125,43.0,38.0,5.0,6.2109375,14.962025316455696,61.0,42.0,124.21875
KA03AN1945,intellicar-KA03AN1945-2026-05-01_2026-07-01.csv,2026-05-22 07:04:49,2026-05-22 07:20:50,0.26694444444444443,95686.3125,52.0,47.0,5.0,4.6953125,19.38563829787234,49.25,44.702127659574465,93.90625
KA03AN1945,intellicar-KA03AN1945-2026-05-01_2026-07-01.csv,2026-05-22 10:39:21,2026-05-22 10:49:24,0.1675,95717.5625,26.0,21.0,5.0,9.34375,58.0,86.75,47.172413793103445,186.875
KA03AN1945,intellicar-KA03AN1945-2026-05-01_2026-07-01.csv,2026-05-22 18:40:54,2026-05-22 18:56:54,0.26666666666666666,95888.8046875,41.0,36.0,5.0,8.9140625,33.43,53.875,44.0,178.28125
KA03AN1945,intellicar-KA03AN1945-2026-05-01_2026-07-01.csv,2026-05-23 16:26:30,2026-05-23 16:46:30,0.3333333333333333,96183.5859375,56.0,51.0,5.0,8.21875,26.589912280701753,56.25,43.0,164.375
KA03AN1945,intellicar-KA03AN1945-2026-05-01_2026-07-01.csv,2026-05-24 16:03:37,2026-05-24 16:11:37,0.13333333333333333,96475.9296875,33.0,28.0,5.0,6.171875,40.260416666666664,79.875,48.0,123.4375
KA03AN1945,intellicar-KA03AN1945-2026-05-01_2026-07-01.csv,2026-05-24 19:18:38,2026-05-24 20:07:08,0.8083333333333333,96552.921875,57.0,51.0,6.0,7.3828125,13.75909090909091,63.125,41.82727272727273,123.046875
KA03AN1945,intellicar-KA03AN1945-2026-05-01_2026-07-01.csv,2026-05-25 03:29:39,2026-05-25 03:37:39,0.13333333333333333,96636.8046875,90.0,85.0,5.0,7.1171875,48.75,85.0,44.0,142.34375
KA03AN1945,intellicar-KA03AN1945-2026-05-01_2026-07-01.csv,2026-05-25 12:54:42,2026-05-25 13:02:42,0.13333333333333333,96779.734375,86.0,81.0,5.0,6.9765625,49.638888888888886,87.875,45.074074074074076,139.53125
KA03AN1945,intellicar-KA03AN1945-2026-05-01_2026-07-01.csv,2026-05-25 14:02:43,2026-05-25 14:46:43,0.7333333333333333,96807.734375,68.0,63.0,5.0,3.1484375,8.573770491803279,27.0,48.0,62.96874999999999
KA03AN1945,intellicar-KA03AN1945-2026-05-01_2026-07-01.csv,2026-05-25 16:14:44,2026-05-25 16:26:44,0.2,96830.3984375,45.0,40.0,5.0,4.578125,28.814393939393938,84.0,48.0,91.5625
KA03AN1945,intellicar-KA03AN1945-2026-05-01_2026-07-01.csv,2026-06-02 08:10:38,2026-06-02 08:30:38,0.3333333333333333,97106.296875,44.0,39.0,5.0,3.703125,10.480603448275861,60.75,45.05172413793103,74.0625
KA03AN1945,intellicar-KA03AN1945-2026-05-01_2026-07-01.csv,2026-06-02 10:21:38,2026-06-02 10:51:38,0.5,97119.390625,97.0,91.0,6.0,3.90625,8.122340425531915,47.0,42.97872340425532,65.10416666666666
KA03AN1945,intellicar-KA03AN1945-2026-05-01_2026-07-01.csv,2026-06-02 15:08:10,2026-06-02 15:48:10,0.6666666666666666,97188.7734375,93.0,87.0,6.0,7.109375,10.603125,62.75,41.825,118.48958333333333
KA03AN1945,intellicar-KA03AN1945-2026-05-01_2026-07-01.csv,2026-06-02 18:40:11,2026-06-02 19:02:11,0.36666666666666664,97260.578125,52.0,47.0,5.0,6.09375,18.311507936507937,63.625,40.0,121.875
KA03AN1945,intellicar-KA03AN1945-2026-05-01_2026-07-01.csv,2026-06-03 19:51:18,2026-06-03 20:05:18,0.23333333333333334,97515.9765625,88.0,83.0,5.0,7.4453125,32.83611111111111,84.5,42.0,148.90625
KA03AN1945,intellicar-KA03AN1945-2026-05-01_2026-07-01.csv,2026-06-05 16:56:32,2026-06-05 17:18:32,0.36666666666666664,97728.0703125,76.0,71.0,5.0,3.3046875,8.666015625,54.375,41.0,66.09375
KA03AN1945,intellicar-KA03AN1945-2026-05-01_2026-07-01.csv,2026-06-06 17:44:38,2026-06-06 18:04:38,0.3333333333333333,97899.6171875,33.0,27.0,6.0,8.6171875,29.125,57.625,40.0,143.61979166666669
KA03AN1945,intellicar-KA03AN1945-2026-05-01_2026-07-01.csv,2026-06-07 08:03:41,2026-06-07 08:42:41,0.65,97977.5234375,68.0,62.0,6.0,5.8828125,12.72680412371134,54.125,42.103092783505154,98.046875
KA03AN1945,intellicar-KA03AN1945-2026-05-01_2026-07-01.csv,2026-06-07 16:21:14,2026-06-07 16:46:14,0.4166666666666667,98066.0625,81.0,76.0,5.0,8.046875,23.864754098360656,57.125,41.0,160.9375
KA03AN1945,intellicar-KA03AN1945-2026-05-01_2026-07-01.csv,2026-06-07 18:54:45,2026-06-07 19:06:45,0.2,98100.4453125,59.0,54.0,5.0,5.0234375,29.78676470588235,69.75,39.0,100.46875
KA03AN1945,intellicar-KA03AN1945-2026-05-01_2026-07-01.csv,2026-06-07 19:49:45,2026-06-07 20:01:45,0.2,98121.71875,44.0,39.0,5.0,7.578125,44.58223684210526,61.25,39.0,151.5625
KA03AN1945,intellicar-KA03AN1945-2026-05-01_2026-07-01.csv,2026-06-07 20:09:45,2026-06-07 20:31:45,0.36666666666666664,98133.2421875,38.0,33.0,5.0,8.3203125,23.492424242424242,53.5,38.72727272727273,166.40625
KA03AN1945,intellicar-KA03AN1945-2026-05-01_2026-07-01.csv,2026-06-08 05:50:17,2026-06-08 06:08:17,0.3,98161.6640625,93.0,88.0,5.0,5.3359375,19.724137931034484,53.875,40.0,106.71875
KA03AN1945,intellicar-KA03AN1945-2026-05-01_2026-07-01.csv,2026-06-08 16:27:20,2026-06-08 16:41:20,0.23333333333333334,98257.890625,81.0,76.0,5.0,7.3046875,32.45065789473684,61.375,42.0,146.09375
KA03AN1945,intellicar-KA03AN1945-2026-05-01_2026-07-01.csv,2026-06-08 16:55:20,2026-06-08 17:34:20,0.65,98269.15625,74.0,69.0,5.0,6.4296875,18.68371212121212,60.5,42.0,128.59375
KA03AN1945,intellicar-KA03AN1945-2026-05-01_2026-07-01.csv,2026-06-08 22:07:21,2026-06-08 22:17:21,0.16666666666666666,98386.078125,62.0,56.0,6.0,10.625,67.31018518518519,84.125,40.148148148148145,177.08333333333331
KA03AN1945,intellicar-KA03AN1945-2026-05-01_2026-07-01.csv,2026-06-09 18:41:56,2026-06-09 19:27:26,0.7583333333333333,98590.6328125,46.0,41.0,5.0,6.4140625,22.79591836734694,50.25,40.04081632653061,128.28125
KA03AN1945,intellicar-KA03AN1945-2026-05-01_2026-07-01.csv,2026-06-10 06:57:59,2026-06-10 07:13:59,0.26666666666666666,98634.8125,81.0,76.0,5.0,3.9921875,13.622222222222222,59.75,44.0,79.84375
KA03AN1945,intellicar-KA03AN1945-2026-05-01_2026-07-01.csv,2026-06-10 09:15:29,2026-06-10 09:23:29,0.13333333333333333,98673.6640625,52.0,47.0,5.0,5.09375,40.77173913043478,77.125,45.0,101.875
KA03AN1945,intellicar-KA03AN1945-2026-05-01_2026-07-01.csv,2026-06-10 10:01:30,2026-06-10 10:09:30,0.13333333333333333,98696.71875,36.0,31.0,5.0,7.859375,65.86979166666667,85.75,46.75,157.1875
KA03AN1945,intellicar-KA03AN1945-2026-05-01_2026-07-01.csv,2026-06-11 03:56:04,2026-06-11 04:37:04,0.6833333333333333,98826.984375,100.0,95.0,5.0,4.203125,10.901515151515152,35.375,40.39393939393939,84.0625
KA03AN1945,intellicar-KA03AN1945-2026-05-01_2026-07-01.csv,2026-06-11 13:44:36,2026-06-11 14:08:36,0.4,98932.0,77.0,72.0,5.0,5.9140625,16.704710144927535,55.125,44.04347826086956,118.28125
KA03AN1945,intellicar-KA03AN1945-2026-05-01_2026-07-01.csv,2026-06-11 14:16:36,2026-06-11 14:28:37,0.20027777777777778,98938.6875,72.0,67.0,5.0,5.2421875,26.408783783783782,57.25,45.0,104.84374999999999
KA03AN1945,intellicar-KA03AN1945-2026-05-01_2026-07-01.csv,2026-06-11 19:34:38,2026-06-11 20:20:38,0.7666666666666667,99020.4609375,95.0,89.0,6.0,5.5234375,5.4185185185185185,78.75,43.28888888888889,92.05729166666666
KA03AN1945,intellicar-KA03AN1945-2026-05-01_2026-07-01.csv,2026-06-12 08:24:40,2026-06-12 08:42:41,0.30027777777777775,99175.1875,66.0,61.0,5.0,4.8359375,16.85377358490566,48.5,44.0,96.71875
KA03AN1945,intellicar-KA03AN1945-2026-05-01_2026-07-01.csv,2026-06-12 12:37:12,2026-06-12 14:11:16,1.5677777777777777,99199.5234375,44.0,37.0,7.0,6.4921875,10.178846153846154,34.75,41.61538461538461,92.74553571428571
KA03AN1945,intellicar-KA03AN1945-2026-05-01_2026-07-01.csv,2026-06-13 06:01:16,2026-06-13 06:25:16,0.4,99315.21875,78.0,71.0,7.0,5.578125,14.316071428571428,79.25,43.0,79.6875
KA03AN1945,intellicar-KA03AN1945-2026-05-01_2026-07-01.csv,2026-06-22 13:51:17,2026-06-22 14:25:17,0.5666666666666667,99378.1015625,94.0,89.0,5.0,4.171875,13.099609375,38.875,42.140625,83.4375
KA03AN1945,intellicar-KA03AN1945-2026-05-01_2026-07-01.csv,2026-06-22 17:30:48,2026-06-22 17:41:18,0.175,99402.8125,68.0,63.0,5.0,4.2265625,28.221774193548388,76.5,41.0,84.53125
KA03AN1949,intellicar-KA03AN1949-2026-05-01_2026-07-01 (1).csv,2026-05-02 23:04:51,2026-05-02 23:16:50,0.19972222222222222,82854.875,96.0,91.0,5.0,7.015625,41.96455223880597,65.125,41.0,140.3125
KA03AN1949,intellicar-KA03AN1949-2026-05-01_2026-07-01 (1).csv,2026-05-05 19:03:40,2026-05-05 19:19:40,0.26666666666666666,83366.5859375,96.0,91.0,5.0,7.21875,28.238888888888887,80.75,44.022222222222226,144.375
KA03AN1949,intellicar-KA03AN1949-2026-05-01_2026-07-01 (1).csv,2026-05-07 07:08:53,2026-05-07 08:51:22,1.7080555555555557,83562.625,92.0,87.0,5.0,5.8203125,11.876404494382022,63.0,41.58426966292135,116.40625
KA03AN1949,intellicar-KA03AN1949-2026-05-01_2026-07-01 (1).csv,2026-05-07 08:55:22,2026-05-07 14:51:24,5.933888888888889,83569.8984375,87.0,82.0,5.0,8.2265625,14.527777777777779,34.375,43.15384615384615,164.53125
KA03AN1949,intellicar-KA03AN1949-2026-05-01_2026-07-01 (1).csv,2026-05-07 15:19:25,2026-05-07 15:39:25,0.3333333333333333,83585.4765625,77.0,70.0,7.0,9.0390625,29.977459016393443,76.75,44.032786885245905,129.12946428571428
KA03AN1949,intellicar-KA03AN1949-2026-05-01_2026-07-01 (1).csv,2026-05-07 20:22:56,2026-05-08 00:18:27,3.9252777777777776,83674.515625,73.0,68.0,5.0,10.703125,14.859154929577464,47.125,40.58450704225352,214.0625
KA03AN1949,intellicar-KA03AN1949-2026-05-01_2026-07-01 (1).csv,2026-05-08 00:18:27,2026-05-08 00:36:27,0.3,83684.609375,69.0,63.0,6.0,10.0390625,33.15277777777778,76.625,39.0,167.31770833333331
KA03AN1949,intellicar-KA03AN1949-2026-05-01_2026-07-01 (1).csv,2026-05-08 01:18:27,2026-05-08 01:24:27,0.1,83722.421875,50.0,45.0,5.0,8.0,70.90131578947368,88.375,40.0,160.0
KA03AN1949,intellicar-KA03AN1949-2026-05-01_2026-07-01 (1).csv,2026-05-08 03:43:58,2026-05-08 03:51:58,0.13333333333333333,83762.90625,90.0,85.0,5.0,9.2421875,71.78260869565217,87.0,43.82608695652174,184.84375
KA03AN1949,intellicar-KA03AN1949-2026-05-01_2026-07-01 (1).csv,2026-05-08 19:58:34,2026-05-08 20:06:34,0.13333333333333333,83972.453125,77.0,72.0,5.0,7.375,56.833333333333336,79.875,43.0,147.5
KA03AN1949,intellicar-KA03AN1949-2026-05-01_2026-07-01 (1).csv,2026-05-09 02:18:05,2026-05-09 02:46:05,0.4666666666666667,84022.9765625,73.0,68.0,5.0,7.765625,17.469135802469136,56.5,41.0,155.3125
KA03AN1949,intellicar-KA03AN1949-2026-05-01_2026-07-01 (1).csv,2026-05-09 05:52:37,2026-05-09 06:02:37,0.16666666666666666,84085.1875,93.0,88.0,5.0,7.15625,38.68981481481482,63.125,43.851851851851855,143.125
KA03AN1949,intellicar-KA03AN1949-2026-05-01_2026-07-01 (1).csv,2026-05-09 17:04:12,2026-05-09 17:31:42,0.4583333333333333,84161.1328125,54.0,48.0,6.0,12.1953125,26.033823529411766,64.125,41.752941176470586,203.25520833333334
KA03AN1949,intellicar-KA03AN1949-2026-05-01_2026-07-01 (1).csv,2026-05-14 01:39:46,2026-05-14 02:11:47,0.5336111111111111,84665.140625,76.0,71.0,5.0,10.078125,19.41578947368421,63.375,41.0,201.5625
KA03AN1949,intellicar-KA03AN1949-2026-05-01_2026-07-01 (1).csv,2026-05-16 02:52:33,2026-05-16 03:06:33,0.23333333333333334,84936.8671875,80.0,75.0,5.0,10.1328125,49.625,71.125,42.26470588235294,202.65624999999997
KA03AN1949,intellicar-KA03AN1949-2026-05-01_2026-07-01 (1).csv,2026-05-16 08:22:05,2026-05-16 08:28:08,0.10083333333333333,85030.375,90.0,85.0,5.0,7.4453125,66.03289473684211,83.625,45.1578947368421,148.90625
KA03AN1949,intellicar-KA03AN1949-2026-05-01_2026-07-01 (1).csv,2026-05-16 09:46:05,2026-05-16 10:10:05,0.4,85076.1953125,62.0,57.0,5.0,5.328125,14.583333333333334,52.375,47.0,106.5625
KA03AN1949,intellicar-KA03AN1949-2026-05-01_2026-07-01 (1).csv,2026-05-16 10:14:06,2026-05-16 10:40:06,0.43333333333333335,85082.796875,57.0,51.0,6.0,6.9609375,17.192434210526315,68.25,47.35526315789474,116.015625
KA03AN1949,intellicar-KA03AN1949-2026-05-01_2026-07-01 (1).csv,2026-05-18 06:17:20,2026-05-18 06:39:20,0.36666666666666664,85222.5390625,79.0,74.0,5.0,6.46875,22.06346153846154,85.125,44.46153846153846,129.375
KA03AN1949,intellicar-KA03AN1949-2026-05-01_2026-07-01 (1).csv,2026-05-18 06:57:20,2026-05-18 07:33:20,0.6,85241.484375,69.0,63.0,6.0,10.859375,19.30855855855856,46.75,46.88288288288288,180.98958333333331
KA03AN1949,intellicar-KA03AN1949-2026-05-01_2026-07-01 (1).csv,2026-05-18 14:20:55,2026-05-18 14:40:55,0.3333333333333333,85280.53125,87.0,82.0,5.0,5.7734375,22.13135593220339,59.25,42.20338983050848,115.46875000000001
KA03AN1949,intellicar-KA03AN1949-2026-05-01_2026-07-01 (1).csv,2026-05-18 15:06:53,2026-05-18 15:40:53,0.5666666666666667,85290.4375,80.0,75.0,5.0,5.3125,9.980582524271844,56.25,42.0,106.25
KA03AN1949,intellicar-KA03AN1949-2026-05-01_2026-07-01 (1).csv,2026-05-18 18:00:54,2026-05-18 18:30:54,0.5,85331.2890625,59.0,54.0,5.0,9.2421875,20.85632183908046,61.0,38.18390804597701,184.84375
KA03AN1949,intellicar-KA03AN1949-2026-05-01_2026-07-01.csv,2026-05-02 23:04:51,2026-05-02 23:16:50,0.19972222222222222,82854.875,96.0,91.0,5.0,7.015625,41.96455223880597,65.125,41.0,140.3125
KA03AN1949,intellicar-KA03AN1949-2026-05-01_2026-07-01.csv,2026-05-05 19:03:40,2026-05-05 19:19:40,0.26666666666666666,83366.5859375,96.0,91.0,5.0,7.21875,28.238888888888887,80.75,44.022222222222226,144.375
KA03AN1949,intellicar-KA03AN1949-2026-05-01_2026-07-01.csv,2026-05-07 07:08:53,2026-05-07 08:51:22,1.7080555555555557,83562.625,92.0,87.0,5.0,5.8203125,11.876404494382022,63.0,41.58426966292135,116.40625
KA03AN1949,intellicar-KA03AN1949-2026-05-01_2026-07-01.csv,2026-05-07 08:55:22,2026-05-07 14:51:24,5.933888888888889,83569.8984375,87.0,82.0,5.0,8.2265625,14.527777777777779,34.375,43.15384615384615,164.53125
KA03AN1949,intellicar-KA03AN1949-2026-05-01_2026-07-01.csv,2026-05-07 15:19:25,2026-05-07 15:39:25,0.3333333333333333,83585.4765625,77.0,70.0,7.0,9.0390625,29.977459016393443,76.75,44.032786885245905,129.12946428571428
KA03AN1949,intellicar-KA03AN1949-2026-05-01_2026-07-01.csv,2026-05-07 20:22:56,2026-05-08 00:18:27,3.9252777777777776,83674.515625,73.0,68.0,5.0,10.703125,14.859154929577464,47.125,40.58450704225352,214.0625
KA03AN1949,intellicar-KA03AN1949-2026-05-01_2026-07-01.csv,2026-05-08 00:18:27,2026-05-08 00:36:27,0.3,83684.609375,69.0,63.0,6.0,10.0390625,33.15277777777778,76.625,39.0,167.31770833333331
KA03AN1949,intellicar-KA03AN1949-2026-05-01_2026-07-01.csv,2026-05-08 01:18:27,2026-05-08 01:24:27,0.1,83722.421875,50.0,45.0,5.0,8.0,70.90131578947368,88.375,40.0,160.0
KA03AN1949,intellicar-KA03AN1949-2026-05-01_2026-07-01.csv,2026-05-08 03:43:58,2026-05-08 03:51:58,0.13333333333333333,83762.90625,90.0,85.0,5.0,9.2421875,71.78260869565217,87.0,43.82608695652174,184.84375
KA03AN1949,intellicar-KA03AN1949-2026-05-01_2026-07-01.csv,2026-05-08 19:58:34,2026-05-08 20:06:34,0.13333333333333333,83972.453125,77.0,72.0,5.0,7.375,56.833333333333336,79.875,43.0,147.5
KA03AN1949,intellicar-KA03AN1949-2026-05-01_2026-07-01.csv,2026-05-09 02:18:05,2026-05-09 02:46:05,0.4666666666666667,84022.9765625,73.0,68.0,5.0,7.765625,17.469135802469136,56.5,41.0,155.3125
KA03AN1949,intellicar-KA03AN1949-2026-05-01_2026-07-01.csv,2026-05-09 05:52:37,2026-05-09 06:02:37,0.16666666666666666,84085.1875,93.0,88.0,5.0,7.15625,38.68981481481482,63.125,43.851851851851855,143.125
KA03AN1949,intellicar-KA03AN1949-2026-05-01_2026-07-01.csv,2026-05-09 17:04:12,2026-05-09 17:31:42,0.4583333333333333,84161.1328125,54.0,48.0,6.0,12.1953125,26.033823529411766,64.125,41.752941176470586,203.25520833333334
KA03AN1949,intellicar-KA03AN1949-2026-05-01_2026-07-01.csv,2026-05-14 01:39:46,2026-05-14 02:11:47,0.5336111111111111,84665.140625,76.0,71.0,5.0,10.078125,19.41578947368421,63.375,41.0,201.5625
KA03AN1949,intellicar-KA03AN1949-2026-05-01_2026-07-01.csv,2026-05-16 02:52:33,2026-05-16 03:06:33,0.23333333333333334,84936.8671875,80.0,75.0,5.0,10.1328125,49.625,71.125,42.26470588235294,202.65624999999997
KA03AN1949,intellicar-KA03AN1949-2026-05-01_2026-07-01.csv,2026-05-16 08:22:05,2026-05-16 08:28:08,0.10083333333333333,85030.375,90.0,85.0,5.0,7.4453125,66.03289473684211,83.625,45.1578947368421,148.90625
KA03AN1949,intellicar-KA03AN1949-2026-05-01_2026-07-01.csv,2026-05-16 09:46:05,2026-05-16 10:10:05,0.4,85076.1953125,62.0,57.0,5.0,5.328125,14.583333333333334,52.375,47.0,106.5625
KA03AN1949,intellicar-KA03AN1949-2026-05-01_2026-07-01.csv,2026-05-16 10:14:06,2026-05-16 10:40:06,0.43333333333333335,85082.796875,57.0,51.0,6.0,6.9609375,17.192434210526315,68.25,47.35526315789474,116.015625
KA03AN1949,intellicar-KA03AN1949-2026-05-01_2026-07-01.csv,2026-05-18 06:17:20,2026-05-18 06:39:20,0.36666666666666664,85222.5390625,79.0,74.0,5.0,6.46875,22.06346153846154,85.125,44.46153846153846,129.375
KA03AN1949,intellicar-KA03AN1949-2026-05-01_2026-07-01.csv,2026-05-18 06:57:20,2026-05-18 07:33:20,0.6,85241.484375,69.0,63.0,6.0,10.859375,19.30855855855856,46.75,46.88288288288288,180.98958333333331
KA03AN1949,intellicar-KA03AN1949-2026-05-01_2026-07-01.csv,2026-05-18 14:20:55,2026-05-18 14:40:55,0.3333333333333333,85280.53125,87.0,82.0,5.0,5.7734375,22.13135593220339,59.25,42.20338983050848,115.46875000000001
KA03AN1949,intellicar-KA03AN1949-2026-05-01_2026-07-01.csv,2026-05-18 15:06:53,2026-05-18 15:40:53,0.5666666666666667,85290.4375,80.0,75.0,5.0,5.3125,9.980582524271844,56.25,42.0,106.25
KA03AN1949,intellicar-KA03AN1949-2026-05-01_2026-07-01.csv,2026-05-18 18:00:54,2026-05-18 18:30:54,0.5,85331.2890625,59.0,54.0,5.0,9.2421875,20.85632183908046,61.0,38.18390804597701,184.84375
KA03AN1949,intellicar-KA03AN1949-2026-07-01_2026-08-01 (1).csv,2026-07-04 13:50:18,2026-07-04 14:16:18,0.43333333333333335,90436.4140625,89.0,84.0,5.0,5.3828125,12.828947368421053,55.375,37.0,107.65625000000001
KA03AN1949,intellicar-KA03AN1949-2026-07-01_2026-08-01 (1).csv,2026-07-09 05:41:50,2026-07-09 06:11:50,0.5,90612.78125,70.0,65.0,5.0,5.5078125,11.576086956521738,38.75,44.0,110.15625
KA03AN1949,intellicar-KA03AN1949-2026-07-01_2026-08-01 (1).csv,2026-07-09 12:00:22,2026-07-09 12:12:22,0.2,90720.7890625,66.0,61.0,5.0,7.6328125,43.025,78.75,44.0,152.65625
KA03AN1949,intellicar-KA03AN1949-2026-07-01_2026-08-01 (1).csv,2026-07-10 10:45:57,2026-07-10 10:55:57,0.16666666666666666,90954.5703125,88.0,83.0,5.0,7.421875,44.520833333333336,72.0,42.86666666666667,148.4375
KA03AN1949,intellicar-KA03AN1949-2026-07-01_2026-08-01 (1).csv,2026-07-10 13:49:58,2026-07-10 14:25:58,0.6,91006.2109375,56.0,51.0,5.0,6.890625,12.907142857142857,56.5,43.0,137.8125
KA03AN1949,intellicar-KA03AN1949-2026-07-01_2026-08-01 (1).csv,2026-07-10 17:18:29,2026-07-10 17:42:29,0.4,91060.3125,75.0,69.0,6.0,7.5625,19.314285714285713,64.625,41.34285714285714,126.04166666666667
KA03AN1949,intellicar-KA03AN1949-2026-07-01_2026-08-01 (1).csv,2026-07-11 09:38:03,2026-07-11 09:54:03,0.26666666666666666,91248.484375,45.0,40.0,5.0,5.859375,20.072916666666668,83.0,47.0,117.1875
KA03AN1949,intellicar-KA03AN1949-2026-07-01_2026-08-01 (1).csv,2026-07-11 17:25:35,2026-07-11 17:35:35,0.16666666666666666,91354.46875,90.0,85.0,5.0,8.8046875,58.888888888888886,78.375,40.074074074074076,176.09375
KA03AN1949,intellicar-KA03AN1949-2026-07-01_2026-08-01 (1).csv,2026-07-11 17:43:35,2026-07-11 17:59:35,0.26666666666666666,91372.265625,82.0,77.0,5.0,7.1328125,28.27127659574468,63.5,41.0,142.65625
KA03AN1949,intellicar-KA03AN1949-2026-07-01_2026-08-01 (1).csv,2026-07-12 11:23:09,2026-07-12 12:27:39,1.075,91518.0078125,100.0,95.0,5.0,5.5390625,16.892156862745097,82.625,42.0,110.78125000000001
KA03AN1949,intellicar-KA03AN1949-2026-07-01_2026-08-01 (1).csv,2026-07-12 12:51:39,2026-07-12 13:01:39,0.16666666666666666,91536.7109375,89.0,84.0,5.0,6.84375,37.07421875,70.5,43.0,136.875
KA03AN1949,intellicar-KA03AN1949-2026-07-01_2026-08-01 (1).csv,2026-07-12 17:24:41,2026-07-12 17:54:42,0.5002777777777778,91619.7578125,38.0,32.0,6.0,8.71875,20.202956989247312,56.625,42.0,145.3125
KA03AN1949,intellicar-KA03AN1949-2026-07-01_2026-08-01 (1).csv,2026-07-12 18:32:42,2026-07-12 18:40:42,0.13333333333333333,91645.1328125,22.0,17.0,5.0,5.5078125,36.354166666666664,71.25,43.0,110.15625
KA03AN1949,intellicar-KA03AN1949-2026-07-01_2026-08-01 (1).csv,2026-07-14 14:25:24,2026-07-14 14:39:24,0.23333333333333334,91881.6953125,86.0,81.0,5.0,8.3671875,37.3625,73.625,42.775,167.34375
KA03AN1949,intellicar-KA03AN1949-2026-07-01_2026-08-01 (1).csv,2026-07-14 17:10:54,2026-07-14 17:36:54,0.43333333333333335,91938.2109375,54.0,49.0,5.0,5.5625,13.479430379746836,45.25,42.77215189873418,111.25
KA03AN1949,intellicar-KA03AN1949-2026-07-01_2026-08-01 (1).csv,2026-07-15 15:16:30,2026-07-15 15:40:30,0.4,92189.96875,75.0,70.0,5.0,6.515625,16.967391304347824,48.625,43.14492753623188,130.3125
KA03AN1949,intellicar-KA03AN1949-2026-07-01_2026-08-01 (1).csv,2026-07-16 03:34:33,2026-07-16 04:08:33,0.5666666666666667,92242.9453125,57.0,52.0,5.0,6.46875,12.689903846153847,57.625,37.0,129.375
KA03AN1949,intellicar-KA03AN1949-2026-07-01_2026-08-01 (1).csv,2026-07-16 17:16:07,2026-07-16 17:26:07,0.16666666666666666,92351.3671875,94.0,89.0,5.0,7.1796875,47.983333333333334,84.375,40.0,143.59375
KA03AN1949,intellicar-KA03AN1949-2026-07-01_2026-08-01 (1).csv,2026-07-17 14:35:13,2026-07-17 15:13:13,0.6333333333333333,92563.765625,96.0,91.0,5.0,5.125,8.316326530612244,49.375,41.0,102.49999999999999
KA03AN1949,intellicar-KA03AN1949-2026-07-01_2026-08-01 (1).csv,2026-07-18 18:14:51,2026-07-18 18:34:51,0.3333333333333333,92848.5234375,35.0,30.0,5.0,6.6484375,21.077868852459016,58.75,39.0,132.96875
KA03AN1949,intellicar-KA03AN1949-2026-07-01_2026-08-01 (1).csv,2026-07-21 17:56:41,2026-07-21 18:08:41,0.2,93032.015625,66.0,61.0,5.0,7.8046875,46.775,85.0,42.0,156.09375
KA03AN1949,intellicar-KA03AN1949-2026-07-01_2026-08-01 (1).csv,2026-07-22 18:11:48,2026-07-22 18:27:49,0.26694444444444443,93313.0703125,37.0,32.0,5.0,7.828125,30.303977272727273,65.75,39.0,156.5625
KA03AN1949,intellicar-KA03AN1949-2026-07-01_2026-08-01 (1).csv,2026-07-23 06:05:51,2026-07-23 06:27:51,0.36666666666666664,93358.828125,83.0,77.0,6.0,10.546875,31.214015151515152,70.25,42.984848484848484,175.78125
KA03AN1949,intellicar-KA03AN1949-2026-07-01_2026-08-01 (1).csv,2026-07-23 16:53:55,2026-07-23 17:17:56,0.4002777777777778,93536.8125,62.0,57.0,5.0,7.0546875,19.526408450704224,50.5,41.71830985915493,141.09375
KA03AN1949,intellicar-KA03AN1949-2026-07-01_2026-08-01 (1).csv,2026-07-25 05:02:36,2026-07-25 05:24:36,0.36666666666666664,93899.1484375,74.0,69.0,5.0,8.3125,23.142307692307693,64.0,39.0,166.25
KA03AN1949,intellicar-KA03AN1949-2026-07-01_2026-08-01 (1).csv,2026-07-27 04:17:19,2026-07-27 05:09:19,0.8666666666666667,94239.703125,97.0,92.0,5.0,6.6953125,9.539179104477611,36.5,41.0,133.90625
KA03AN1949,intellicar-KA03AN1949-2026-07-01_2026-08-01 (1).csv,2026-07-27 08:51:20,2026-07-27 08:57:20,0.1,94293.1796875,63.0,58.0,5.0,7.796875,72.7265625,85.625,43.9375,155.9375
KA03AN1949,intellicar-KA03AN1949-2026-07-01_2026-08-01 (1).csv,2026-07-27 14:46:23,2026-07-27 15:28:53,0.7083333333333334,94385.4375,62.0,57.0,5.0,6.046875,13.667134831460674,44.25,42.29213483146067,120.93750000000001
KA03AN1949,intellicar-KA03AN1949-2026-07-01_2026-08-01 (1).csv,2026-07-28 18:15:01,2026-07-28 18:37:01,0.36666666666666664,94661.890625,43.0,38.0,5.0,7.5625,22.653846153846153,59.375,40.0,151.25
KA03AN1949,intellicar-KA03AN1949-2026-07-01_2026-08-01 (1).csv,2026-07-29 11:17:36,2026-07-29 11:27:36,0.16666666666666666,94821.8828125,24.0,19.0,5.0,5.6015625,26.71551724137931,85.875,45.827586206896555,112.03125
KA03AN1949,intellicar-KA03AN1949-2026-07-01_2026-08-01 (1).csv,2026-07-29 14:16:07,2026-07-29 14:32:07,0.26666666666666666,94861.4921875,77.0,72.0,5.0,8.328125,31.669270833333332,70.625,43.0,166.5625
KA03AN1949,intellicar-KA03AN1949-2026-07-01_2026-08-01 (1).csv,2026-07-29 15:00:07,2026-07-29 15:16:07,0.26666666666666666,94877.1484375,69.0,64.0,5.0,6.4609375,23.840425531914892,45.75,43.0,129.21875
KA03AN1949,intellicar-KA03AN1949-2026-07-01_2026-08-01 (1).csv,2026-07-30 04:40:40,2026-07-30 05:29:11,0.8086111111111111,94990.4375,72.0,67.0,5.0,6.234375,11.322368421052632,62.875,42.0,124.6875
KA03AN1949,intellicar-KA03AN1949-2026-07-01_2026-08-01.csv,2026-07-04 13:50:18,2026-07-04 14:16:18,0.43333333333333335,90436.4140625,89.0,84.0,5.0,5.3828125,12.828947368421053,55.375,37.0,107.65625000000001
KA03AN1949,intellicar-KA03AN1949-2026-07-01_2026-08-01.csv,2026-07-09 05:41:50,2026-07-09 06:11:50,0.5,90612.78125,70.0,65.0,5.0,5.5078125,11.576086956521738,38.75,44.0,110.15625
KA03AN1949,intellicar-KA03AN1949-2026-07-01_2026-08-01.csv,2026-07-09 12:00:22,2026-07-09 12:12:22,0.2,90720.7890625,66.0,61.0,5.0,7.6328125,43.025,78.75,44.0,152.65625
KA03AN1949,intellicar-KA03AN1949-2026-07-01_2026-08-01.csv,2026-07-10 10:45:57,2026-07-10 10:55:57,0.16666666666666666,90954.5703125,88.0,83.0,5.0,7.421875,44.520833333333336,72.0,42.86666666666667,148.4375
KA03AN1949,intellicar-KA03AN1949-2026-07-01_2026-08-01.csv,2026-07-10 13:49:58,2026-07-10 14:25:58,0.6,91006.2109375,56.0,51.0,5.0,6.890625,12.907142857142857,56.5,43.0,137.8125
KA03AN1949,intellicar-KA03AN1949-2026-07-01_2026-08-01.csv,2026-07-10 17:18:29,2026-07-10 17:42:29,0.4,91060.3125,75.0,69.0,6.0,7.5625,19.314285714285713,64.625,41.34285714285714,126.04166666666667
KA03AN1949,intellicar-KA03AN1949-2026-07-01_2026-08-01.csv,2026-07-11 09:38:03,2026-07-11 09:54:03,0.26666666666666666,91248.484375,45.0,40.0,5.0,5.859375,20.072916666666668,83.0,47.0,117.1875
KA03AN1949,intellicar-KA03AN1949-2026-07-01_2026-08-01.csv,2026-07-11 17:25:35,2026-07-11 17:35:35,0.16666666666666666,91354.46875,90.0,85.0,5.0,8.8046875,58.888888888888886,78.375,40.074074074074076,176.09375
KA03AN1949,intellicar-KA03AN1949-2026-07-01_2026-08-01.csv,2026-07-11 17:43:35,2026-07-11 17:59:35,0.26666666666666666,91372.265625,82.0,77.0,5.0,7.1328125,28.27127659574468,63.5,41.0,142.65625
KA03AN1949,intellicar-KA03AN1949-2026-07-01_2026-08-01.csv,2026-07-12 11:23:09,2026-07-12 12:27:39,1.075,91518.0078125,100.0,95.0,5.0,5.5390625,16.892156862745097,82.625,42.0,110.78125000000001
KA03AN1949,intellicar-KA03AN1949-2026-07-01_2026-08-01.csv,2026-07-12 12:51:39,2026-07-12 13:01:39,0.16666666666666666,91536.7109375,89.0,84.0,5.0,6.84375,37.07421875,70.5,43.0,136.875
KA03AN1949,intellicar-KA03AN1949-2026-07-01_2026-08-01.csv,2026-07-12 17:24:41,2026-07-12 17:54:42,0.5002777777777778,91619.7578125,38.0,32.0,6.0,8.71875,20.202956989247312,56.625,42.0,145.3125
KA03AN1949,intellicar-KA03AN1949-2026-07-01_2026-08-01.csv,2026-07-12 18:32:42,2026-07-12 18:40:42,0.13333333333333333,91645.1328125,22.0,17.0,5.0,5.5078125,36.354166666666664,71.25,43.0,110.15625
KA03AN1949,intellicar-KA03AN1949-2026-07-01_2026-08-01.csv,2026-07-14 14:25:24,2026-07-14 14:39:24,0.23333333333333334,91881.6953125,86.0,81.0,5.0,8.3671875,37.3625,73.625,42.775,167.34375
KA03AN1949,intellicar-KA03AN1949-2026-07-01_2026-08-01.csv,2026-07-14 17:10:54,2026-07-14 17:36:54,0.43333333333333335,91938.2109375,54.0,49.0,5.0,5.5625,13.479430379746836,45.25,42.77215189873418,111.25
KA03AN1949,intellicar-KA03AN1949-2026-07-01_2026-08-01.csv,2026-07-15 15:16:30,2026-07-15 15:40:30,0.4,92189.96875,75.0,70.0,5.0,6.515625,16.967391304347824,48.625,43.14492753623188,130.3125
KA03AN1949,intellicar-KA03AN1949-2026-07-01_2026-08-01.csv,2026-07-16 03:34:33,2026-07-16 04:08:33,0.5666666666666667,92242.9453125,57.0,52.0,5.0,6.46875,12.689903846153847,57.625,37.0,129.375
KA03AN1949,intellicar-KA03AN1949-2026-07-01_2026-08-01.csv,2026-07-16 17:16:07,2026-07-16 17:26:07,0.16666666666666666,92351.3671875,94.0,89.0,5.0,7.1796875,47.983333333333334,84.375,40.0,143.59375
KA03AN1949,intellicar-KA03AN1949-2026-07-01_2026-08-01.csv,2026-07-17 14:35:13,2026-07-17 15:13:13,0.6333333333333333,92563.765625,96.0,91.0,5.0,5.125,8.316326530612244,49.375,41.0,102.49999999999999
KA03AN1949,intellicar-KA03AN1949-2026-07-01_2026-08-01.csv,2026-07-18 18:14:51,2026-07-18 18:34:51,0.3333333333333333,92848.5234375,35.0,30.0,5.0,6.6484375,21.077868852459016,58.75,39.0,132.96875
KA03AN1949,intellicar-KA03AN1949-2026-07-01_2026-08-01.csv,2026-07-21 17:56:41,2026-07-21 18:08:41,0.2,93032.015625,66.0,61.0,5.0,7.8046875,46.775,85.0,42.0,156.09375
KA03AN1949,intellicar-KA03AN1949-2026-07-01_2026-08-01.csv,2026-07-22 18:11:48,2026-07-22 18:27:49,0.26694444444444443,93313.0703125,37.0,32.0,5.0,7.828125,30.303977272727273,65.75,39.0,156.5625
KA03AN1949,intellicar-KA03AN1949-2026-07-01_2026-08-01.csv,2026-07-23 06:05:51,2026-07-23 06:27:51,0.36666666666666664,93358.828125,83.0,77.0,6.0,10.546875,31.214015151515152,70.25,42.984848484848484,175.78125
KA03AN1949,intellicar-KA03AN1949-2026-07-01_2026-08-01.csv,2026-07-23 16:53:55,2026-07-23 17:17:56,0.4002777777777778,93536.8125,62.0,57.0,5.0,7.0546875,19.526408450704224,50.5,41.71830985915493,141.09375
KA03AN1949,intellicar-KA03AN1949-2026-07-01_2026-08-01.csv,2026-07-25 05:02:36,2026-07-25 05:24:36,0.36666666666666664,93899.1484375,74.0,69.0,5.0,8.3125,23.142307692307693,64.0,39.0,166.25
KA03AN1949,intellicar-KA03AN1949-2026-07-01_2026-08-01.csv,2026-07-27 04:17:19,2026-07-27 05:09:19,0.8666666666666667,94239.703125,97.0,92.0,5.0,6.6953125,9.539179104477611,36.5,41.0,133.90625
KA03AN1949,intellicar-KA03AN1949-2026-07-01_2026-08-01.csv,2026-07-27 08:51:20,2026-07-27 08:57:20,0.1,94293.1796875,63.0,58.0,5.0,7.796875,72.7265625,85.625,43.9375,155.9375
KA03AN1949,intellicar-KA03AN1949-2026-07-01_2026-08-01.csv,2026-07-27 14:46:23,2026-07-27 15:28:53,0.7083333333333334,94385.4375,62.0,57.0,5.0,6.046875,13.667134831460674,44.25,42.29213483146067,120.93750000000001
KA03AN1949,intellicar-KA03AN1949-2026-07-01_2026-08-01.csv,2026-07-28 18:15:01,2026-07-28 18:37:01,0.36666666666666664,94661.890625,43.0,38.0,5.0,7.5625,22.653846153846153,59.375,40.0,151.25
KA03AN1949,intellicar-KA03AN1949-2026-07-01_2026-08-01.csv,2026-07-29 11:17:36,2026-07-29 11:27:36,0.16666666666666666,94821.8828125,24.0,19.0,5.0,5.6015625,26.71551724137931,85.875,45.827586206896555,112.03125
KA03AN1949,intellicar-KA03AN1949-2026-07-01_2026-08-01.csv,2026-07-29 14:16:07,2026-07-29 14:32:07,0.26666666666666666,94861.4921875,77.0,72.0,5.0,8.328125,31.669270833333332,70.625,43.0,166.5625
KA03AN1949,intellicar-KA03AN1949-2026-07-01_2026-08-01.csv,2026-07-29 15:00:07,2026-07-29 15:16:07,0.26666666666666666,94877.1484375,69.0,64.0,5.0,6.4609375,23.840425531914892,45.75,43.0,129.21875
KA03AN1949,intellicar-KA03AN1949-2026-07-01_2026-08-01.csv,2026-07-30 04:40:40,2026-07-30 05:29:11,0.8086111111111111,94990.4375,72.0,67.0,5.0,6.234375,11.322368421052632,62.875,42.0,124.6875
KA03AN1951,intellicar-KA03AN1951-2026-05-01_2026-07-01.csv,2026-05-06 18:11:48,2026-05-06 18:33:48,0.36666666666666664,94855.7890625,34.0,29.0,5.0,7.7265625,21.0,59.75,41.492537313432834,154.53125
KA03AN1951,intellicar-KA03AN1951-2026-05-01_2026-07-01.csv,2026-05-08 17:02:03,2026-05-08 17:17:33,0.25833333333333336,95540.7890625,67.0,0.0,67.0,7.078125,37.276315789473685,77.625,44.23684210526316,10.564365671641792
KA03AN1951,intellicar-KA03AN1951-2026-05-01_2026-07-01.csv,2026-05-13 06:48:40,2026-05-13 07:18:40,0.5,96631.078125,91.0,86.0,5.0,6.390625,12.700842696629213,85.375,44.10112359550562,127.8125
KA03AN1951,intellicar-KA03AN1951-2026-05-01_2026-07-01.csv,2026-05-13 16:39:44,2026-05-13 17:03:44,0.4,96775.359375,72.0,67.0,5.0,4.8125,12.893835616438356,49.5,46.12328767123287,96.25
KA03AN1951,intellicar-KA03AN1951-2026-05-01_2026-07-01.csv,2026-05-14 11:08:20,2026-05-14 11:34:20,0.43333333333333335,96923.6875,59.0,54.0,5.0,7.6796875,17.800675675675677,55.625,47.0,153.59375
KA03AN1951,intellicar-KA03AN1951-2026-05-01_2026-07-01.csv,2026-05-15 09:45:57,2026-05-15 10:31:58,0.7669444444444444,97018.7265625,73.0,68.0,5.0,6.4609375,9.938392857142857,60.875,47.642857142857146,129.21875
KA03AN1951,intellicar-KA03AN1951-2026-05-01_2026-07-01.csv,2026-05-15 20:17:01,2026-05-15 20:35:01,0.3,97166.6015625,59.0,54.0,5.0,6.8671875,27.036363636363635,72.0,44.0,137.34375
KA03AN1951,intellicar-KA03AN1951-2026-05-01_2026-07-01.csv,2026-05-17 00:16:40,2026-05-17 00:28:40,0.2,97276.75,93.0,88.0,5.0,7.6171875,29.46590909090909,88.75,43.42424242424242,152.34375
KA03AN1951,intellicar-KA03AN1951-2026-05-01_2026-07-01.csv,2026-05-17 02:41:11,2026-05-17 03:29:41,0.8083333333333333,97331.7890625,66.0,61.0,5.0,7.203125,17.939144736842106,55.125,42.81578947368421,144.0625
KA03AN1951,intellicar-KA03AN1951-2026-05-01_2026-07-01.csv,2026-05-17 05:41:42,2026-05-17 06:03:42,0.36666666666666664,97375.96875,39.0,34.0,5.0,10.171875,26.798387096774192,71.125,44.806451612903224,203.43749999999997
KA03AN1951,intellicar-KA03AN1951-2026-05-01_2026-07-01.csv,2026-05-17 13:42:45,2026-05-17 13:48:45,0.1,97468.015625,50.0,45.0,5.0,8.3046875,76.34027777777777,86.375,48.72222222222222,166.09375
KA03AN1951,intellicar-KA03AN1951-2026-05-01_2026-07-01.csv,2026-05-17 19:32:17,2026-05-17 19:38:17,0.1,97592.7109375,61.0,56.0,5.0,7.8828125,67.02678571428571,88.0,41.142857142857146,157.65625
KA03AN1951,intellicar-KA03AN1951-2026-05-01_2026-07-01.csv,2026-05-18 09:43:51,2026-05-18 10:17:51,0.5666666666666667,97650.7578125,78.0,72.0,6.0,7.15625,14.348300970873787,56.625,48.13592233009709,119.27083333333333
KA03AN1951,intellicar-KA03AN1951-2026-05-01_2026-07-01.csv,2026-05-18 11:53:52,2026-05-18 12:17:52,0.4,97687.234375,54.0,49.0,5.0,4.25,10.66044776119403,44.75,40.56716417910448,85.0
KA03AN1951,intellicar-KA03AN1951-2026-05-01_2026-07-01.csv,2026-05-19 03:28:26,2026-05-19 03:52:26,0.4,97789.203125,75.0,70.0,5.0,6.84375,18.3875,63.125,39.47142857142857,136.875
KA03AN1951,intellicar-KA03AN1951-2026-05-01_2026-07-01.csv,2026-05-19 05:40:27,2026-05-19 06:10:27,0.5,97819.7109375,58.0,52.0,6.0,7.9609375,17.860955056179776,65.875,40.7752808988764,132.68229166666669
KA03AN1951,intellicar-KA03AN1951-2026-05-01_2026-07-01.csv,2026-05-19 06:22:27,2026-05-19 06:40:27,0.3,97830.828125,51.0,46.0,5.0,5.6953125,21.20047169811321,75.25,42.094339622641506,113.90625000000001
KA03AN1951,intellicar-KA03AN1951-2026-05-01_2026-07-01.csv,2026-05-20 04:11:33,2026-05-20 04:55:34,0.7336111111111111,98043.609375,89.0,84.0,5.0,5.5625,7.901717557251908,42.75,41.97709923664122,111.25
KA03AN1951,intellicar-KA03AN1951-2026-05-01_2026-07-01.csv,2026-05-20 05:29:34,2026-05-20 06:29:04,0.9916666666666667,98062.6484375,76.0,71.0,5.0,6.1484375,10.7734375,68.75,43.973214285714285,122.96875
KA03AN1951,intellicar-KA03AN1951-2026-05-01_2026-07-01.csv,2026-05-21 09:00:42,2026-05-21 09:12:42,0.2,98265.546875,36.0,31.0,5.0,5.1875,23.414285714285715,64.375,47.31428571428572,103.75000000000001
KA03AN1951,intellicar-KA03AN1951-2026-05-01_2026-07-01.csv,2026-05-22 06:46:49,2026-05-22 07:16:20,0.49194444444444446,98493.9296875,75.0,70.0,5.0,7.09375,14.36820652173913,59.875,43.18478260869565,141.875
KA03AN1951,intellicar-KA03AN1951-2026-05-01_2026-07-01.csv,2026-05-22 10:40:21,2026-05-22 11:18:24,0.6341666666666667,98541.4375,41.0,36.0,5.0,6.140625,9.323198198198199,56.25,47.765765765765764,122.81249999999999
KA03AN1951,intellicar-KA03AN1951-2026-05-01_2026-07-01.csv,2026-05-22 16:02:53,2026-05-22 16:26:53,0.4,98610.6328125,62.0,57.0,5.0,6.2578125,16.458333333333332,43.625,43.413333333333334,125.15624999999999
KA03AN1951,intellicar-KA03AN1951-2026-05-01_2026-07-01.csv,2026-05-22 17:07:23,2026-05-22 17:25:23,0.3,98622.1484375,53.0,48.0,5.0,5.4375,18.75227272727273,50.25,43.0,108.74999999999999
KA03AN1951,intellicar-KA03AN1951-2026-05-01_2026-07-01.csv,2026-05-23 10:57:58,2026-05-23 11:35:58,0.6333333333333333,98756.671875,43.0,38.0,5.0,7.2421875,12.490217391304348,58.0,43.66086956521739,144.84375
KA03AN1951,intellicar-KA03AN1951-2026-05-01_2026-07-01.csv,2026-05-23 16:43:30,2026-05-23 17:03:30,0.3333333333333333,98823.671875,78.0,73.0,5.0,6.9296875,23.358050847457626,51.625,44.0,138.59375
KA03AN1951,intellicar-KA03AN1951-2026-05-01_2026-07-01.csv,2026-05-23 17:19:30,2026-05-23 18:18:31,0.9836111111111111,98836.9375,71.0,66.0,5.0,5.0546875,12.259510869565217,59.875,43.22826086956522,101.09375
KA03AN1951,intellicar-KA03AN1951-2026-05-01_2026-07-01.csv,2026-05-23 19:30:31,2026-05-23 19:56:31,0.43333333333333335,98871.7421875,51.0,44.0,7.0,13.1328125,33.36184210526316,65.5,43.0,187.61160714285714
KA03AN1951,intellicar-KA03AN1951-2026-05-01_2026-07-01.csv,2026-05-29 15:00:12,2026-05-29 15:16:12,0.26666666666666666,99068.7890625,94.0,89.0,5.0,7.7734375,27.955555555555556,86.125,40.0,155.46875
KA03AN1951,intellicar-KA03AN1951-2026-05-01_2026-07-01.csv,2026-05-30 01:48:45,2026-05-30 01:56:45,0.13333333333333333,99159.03125,46.0,41.0,5.0,9.2109375,68.58333333333333,88.125,35.592592592592595,184.21875
KA03AN1951,intellicar-KA03AN1951-2026-05-01_2026-07-01.csv,2026-05-30 02:04:45,2026-05-30 02:16:45,0.2,99175.8984375,38.0,33.0,5.0,9.7578125,53.32692307692308,88.25,36.41025641025641,195.15625
KA03AN1951,intellicar-KA03AN1951-2026-05-01_2026-07-01.csv,2026-05-30 10:38:18,2026-05-30 10:48:18,0.16666666666666666,99226.8515625,78.0,71.0,7.0,12.03125,73.5603448275862,91.75,43.758620689655174,171.875
KA03AN1951,intellicar-KA03AN1951-2026-05-01_2026-07-01.csv,2026-05-31 00:12:52,2026-05-31 06:07:53,5.916944444444445,99387.359375,62.0,57.0,5.0,6.1875,13.627777777777778,86.625,40.922222222222224,123.75
KA03AN1951,intellicar-KA03AN1951-2026-05-01_2026-07-01.csv,2026-06-01 14:25:03,2026-06-01 14:33:03,0.13333333333333333,99470.84375,56.0,50.0,6.0,10.8359375,76.26470588235294,86.125,45.0,180.59895833333331
KA03AN1951,intellicar-KA03AN1951-2026-05-01_2026-07-01.csv,2026-06-02 21:04:42,2026-06-02 21:33:12,0.475,99725.0546875,69.0,64.0,5.0,7.75,23.304924242424242,57.375,40.0,155.0
KA03AN1951,intellicar-KA03AN1951-2026-05-01_2026-07-01.csv,2026-06-03 10:55:45,2026-06-03 11:05:45,0.16666666666666666,99853.5859375,82.0,77.0,5.0,7.953125,50.486111111111114,83.25,42.0,159.0625
KA03AN1951,intellicar-KA03AN1951-2026-05-01_2026-07-01.csv,2026-06-03 21:38:48,2026-06-03 21:44:48,0.1,100001.765625,71.0,66.0,5.0,8.359375,72.89285714285714,88.125,39.785714285714285,167.1875
KA03AN1951,intellicar-KA03AN1951-2026-05-01_2026-07-01.csv,2026-06-05 20:01:03,2026-06-05 20:16:03,0.25,100395.9296875,90.0,85.0,5.0,9.0546875,60.37980769230769,82.75,42.07692307692308,181.09375
KA03AN1951,intellicar-KA03AN1951-2026-05-01_2026-07-01.csv,2026-06-06 14:12:07,2026-06-06 14:24:07,0.2,100617.7734375,89.0,84.0,5.0,7.4296875,42.736111111111114,78.0,42.138888888888886,148.59375
KA03AN1951,intellicar-KA03AN1951-2026-05-01_2026-07-01.csv,2026-06-06 21:58:09,2026-06-06 22:02:09,0.06666666666666667,100722.1875,30.0,25.0,5.0,6.296875,84.36111111111111,87.75,39.0,125.93749999999999
KA03AN1951,intellicar-KA03AN1951-2026-05-01_2026-07-01.csv,2026-06-07 12:10:13,2026-06-07 12:28:13,0.3,100772.7734375,87.0,82.0,5.0,8.0859375,31.08173076923077,80.125,43.0,161.71875
KA03AN1951,intellicar-KA03AN1951-2026-05-01_2026-07-01.csv,2026-06-07 20:28:45,2026-06-07 20:34:45,0.1,100879.6015625,68.0,63.0,5.0,7.8828125,69.04545454545455,84.125,43.0,157.65625
KA03AN1951,intellicar-KA03AN1951-2026-05-01_2026-07-01.csv,2026-06-10 05:46:28,2026-06-10 06:30:29,0.7336111111111111,101009.90625,96.0,91.0,5.0,3.6796875,7.713068181818182,71.25,41.96212121212121,73.59375
KA03AN1951,intellicar-KA03AN1951-2026-05-01_2026-07-01.csv,2026-06-10 06:36:29,2026-06-10 06:46:29,0.16666666666666666,101018.7421875,89.0,83.0,6.0,10.5390625,65.94583333333334,82.75,42.0,175.65104166666669
KA03AN1951,intellicar-KA03AN1951-2026-05-01_2026-07-01.csv,2026-06-10 11:10:30,2026-06-10 11:22:30,0.2,101096.0234375,39.0,32.0,7.0,10.5625,55.20703125,82.75,47.0625,150.89285714285714
KA03AN1951,intellicar-KA03AN1951-2026-05-01_2026-07-01.csv,2026-06-11 09:49:35,2026-06-11 10:05:35,0.26666666666666666,101288.234375,78.0,72.0,6.0,11.3984375,42.401595744680854,79.125,45.0,189.97395833333331
KA03AN1951,intellicar-KA03AN1951-2026-05-01_2026-07-01.csv,2026-06-11 12:12:36,2026-06-11 13:36:36,1.4,101318.0625,61.0,52.0,9.0,14.3984375,15.128342245989305,54.875,45.0427807486631,159.98263888888889
KA03AN1951,intellicar-KA03AN1951-2026-05-01_2026-07-01.csv,2026-06-11 14:20:36,2026-06-11 14:34:37,0.2336111111111111,101342.15625,47.0,42.0,5.0,7.046875,28.583333333333332,71.75,45.07142857142857,140.9375
KA03AN1951,intellicar-KA03AN1951-2026-05-01_2026-07-01.csv,2026-06-11 14:48:37,2026-06-11 15:08:37,0.3333333333333333,101362.34375,38.0,32.0,6.0,11.4609375,39.648809523809526,80.0,46.0,191.015625
KA03AN1951,intellicar-KA03AN1951-2026-05-01_2026-07-01.csv,2026-06-12 05:31:40,2026-06-12 05:53:40,0.36666666666666664,101424.2890625,72.0,67.0,5.0,8.140625,22.166666666666668,57.625,39.42028985507246,162.8125
KA03AN1951,intellicar-KA03AN1951-2026-05-01_2026-07-01.csv,2026-06-13 06:21:16,2026-06-13 06:49:16,0.4666666666666667,101577.234375,79.0,74.0,5.0,8.734375,21.007716049382715,58.375,42.39506172839506,174.6875
KA03AN1951,intellicar-KA03AN1951-2026-05-01_2026-07-01.csv,2026-06-13 14:37:18,2026-06-13 15:52:49,1.2586111111111111,101693.453125,95.0,89.0,6.0,8.9453125,12.86266447368421,72.625,41.08552631578947,149.08854166666669
KA03AN1951,intellicar-KA03AN1951-2026-05-01_2026-07-01.csv,2026-06-13 16:12:49,2026-06-13 16:30:49,0.3,101718.46875,82.0,77.0,5.0,9.0390625,36.171052631578945,71.625,41.0,180.78125
KA03AN1951,intellicar-KA03AN1951-2026-05-01_2026-07-01.csv,2026-06-15 07:21:28,2026-06-15 07:29:28,0.13333333333333333,101852.96875,72.0,67.0,5.0,7.4296875,55.40625,80.0,44.0,148.59375
KA03AN1951,intellicar-KA03AN1951-2026-05-01_2026-07-01.csv,2026-06-15 08:35:28,2026-06-15 09:50:29,1.2502777777777778,101892.765625,53.0,48.0,5.0,7.1640625,13.773058252427184,44.0,45.0,143.28125
KA03AN1951,intellicar-KA03AN1951-2026-05-01_2026-07-01.csv,2026-06-17 09:46:10,2026-06-17 10:45:41,0.9919444444444444,102329.8671875,68.0,63.0,5.0,6.4375,15.23943661971831,52.0,47.647887323943664,128.75
KA03AN1951,intellicar-KA03AN1951-2026-05-01_2026-07-01.csv,2026-06-17 14:39:14,2026-06-17 14:47:14,0.13333333333333333,102409.59375,90.0,85.0,5.0,8.6953125,57.01190476190476,82.625,43.0,173.90625
KA03AN1951,intellicar-KA03AN1951-2026-05-01_2026-07-01.csv,2026-06-17 15:36:44,2026-06-17 16:02:44,0.43333333333333335,102438.890625,78.0,73.0,5.0,10.8046875,25.19087837837838,58.25,44.0,216.09375000000003
KA03AN1951,intellicar-KA03AN1951-2026-05-01_2026-07-01.csv,2026-06-18 17:34:51,2026-06-18 18:02:51,0.4666666666666667,102740.4375,49.0,44.0,5.0,9.9765625,22.756172839506174,53.625,40.0,199.53125
KA03AN1951,intellicar-KA03AN1951-2026-05-01_2026-07-01.csv,2026-06-19 04:41:23,2026-06-19 04:49:24,0.13361111111111112,102834.9140625,87.0,82.0,5.0,9.8984375,71.81944444444444,82.875,42.51851851851852,197.96875
KA03AN1951,intellicar-KA03AN1951-2026-05-01_2026-07-01.csv,2026-06-20 02:25:31,2026-06-20 02:41:31,0.26666666666666666,102947.2421875,79.0,74.0,5.0,8.171875,30.386363636363637,72.375,40.0,163.4375
KA03AN1951,intellicar-KA03AN1951-2026-05-01_2026-07-01.csv,2026-06-21 06:11:38,2026-06-21 06:35:38,0.4,103076.2265625,64.0,59.0,5.0,7.4765625,22.356164383561644,72.375,38.49315068493151,149.53125
KA03AN1951,intellicar-KA03AN1951-2026-05-01_2026-07-01.csv,2026-06-22 01:22:43,2026-06-22 01:44:43,0.36666666666666664,103165.21875,97.0,91.0,6.0,10.3125,29.92350746268657,67.0,42.492537313432834,171.875
KA03AN1951,intellicar-KA03AN1951-2026-05-01_2026-07-01.csv,2026-06-22 16:11:18,2026-06-22 16:19:18,0.13333333333333333,103333.03125,64.0,59.0,5.0,7.8203125,48.925,80.25,42.0,156.40625
KA03AN1951,intellicar-KA03AN1951-2026-05-01_2026-07-01.csv,2026-06-24 06:05:27,2026-06-24 06:21:27,0.26666666666666666,103528.2578125,28.0,22.0,6.0,10.984375,43.33244680851064,80.25,40.744680851063826,183.07291666666669
KA03AN1951,intellicar-KA03AN1951-2026-05-01_2026-07-01.csv,2026-06-24 09:14:58,2026-06-24 09:52:59,0.6336111111111111,103555.2734375,90.0,83.0,7.0,8.0078125,13.466304347826087,75.625,43.17391304347826,114.39732142857142
KA03AN1951,intellicar-KA03AN1951-2026-05-01_2026-07-01.csv,2026-06-24 10:14:59,2026-06-24 10:26:59,0.2,103577.9609375,76.0,71.0,5.0,8.0234375,43.31428571428572,83.0,45.0,160.46875
KA03AN1951,intellicar-KA03AN1951-2026-05-01_2026-07-01.csv,2026-06-25 06:19:06,2026-06-25 06:33:06,0.23333333333333334,103757.890625,91.0,86.0,5.0,3.6328125,16.484756097560975,78.375,42.0,72.65625
KA03AN1951,intellicar-KA03AN1951-2026-05-01_2026-07-01.csv,2026-06-27 14:03:56,2026-06-27 14:21:56,0.3,104140.828125,42.0,37.0,5.0,6.515625,22.839622641509433,49.25,47.0,130.3125
KA03AN1951,intellicar-KA03AN1951-2026-05-01_2026-07-01.csv,2026-06-29 04:11:06,2026-06-29 05:01:06,0.8333333333333334,104228.546875,76.0,69.0,7.0,9.8984375,13.563333333333333,52.125,37.22,141.40625
KA03AN1951,intellicar-KA03AN1951-2026-05-01_2026-07-01.csv,2026-06-30 13:21:17,2026-06-30 13:55:17,0.5666666666666667,104415.71875,62.0,57.0,5.0,5.484375,10.702669902912621,43.5,42.0,109.6875
KA03AN1954,intellicar-KA03AN1954-2026-05-01_2026-07-01.csv,2026-05-08 04:54:58,2026-05-08 05:37:59,0.7169444444444445,76398.1796875,60.0,55.0,5.0,5.7109375,15.514925373134329,50.625,42.37313432835821,114.21874999999999
KA03AN1954,intellicar-KA03AN1954-2026-05-01_2026-07-01.csv,2026-05-08 07:44:01,2026-05-08 08:24:59,0.6827777777777778,76436.5234375,27.0,22.0,5.0,4.453125,16.925,41.125,47.50909090909091,89.0625
KA03AN1954,intellicar-KA03AN1954-2026-05-01_2026-07-01.csv,2026-05-08 15:29:32,2026-05-08 15:53:32,0.4,76515.4140625,47.0,41.0,6.0,10.8359375,27.07246376811594,85.25,45.65217391304348,180.59895833333331
KA03AN1954,intellicar-KA03AN1954-2026-05-01_2026-07-01.csv,2026-05-08 17:31:33,2026-05-08 19:12:03,1.675,76538.6875,33.0,27.0,6.0,8.1640625,13.433189655172415,56.375,42.3448275862069,136.06770833333331
KA03AN1954,intellicar-KA03AN1954-2026-05-01_2026-07-01.csv,2026-05-09 00:17:35,2026-05-09 00:25:35,0.13333333333333333,76627.875,43.0,37.0,6.0,7.3203125,44.339285714285715,88.125,40.0,122.00520833333333
KA03AN1954,intellicar-KA03AN1954-2026-05-01_2026-07-01.csv,2026-05-09 03:06:36,2026-05-09 03:32:36,0.43333333333333335,76654.78125,90.0,85.0,5.0,6.7421875,15.871835443037975,48.25,44.0,134.84375
KA03AN1954,intellicar-KA03AN1954-2026-05-01_2026-07-01.csv,2026-05-09 07:25:08,2026-05-09 07:39:08,0.23333333333333334,76729.5234375,32.0,27.0,5.0,4.8828125,20.933139534883722,57.625,47.72093023255814,97.65625
KA03AN1954,intellicar-KA03AN1954-2026-05-01_2026-07-01.csv,2026-05-09 19:04:13,2026-05-09 19:30:13,0.43333333333333335,76859.7421875,45.0,40.0,5.0,6.4921875,17.516025641025642,54.625,40.26923076923077,129.84375
KA03AN1954,intellicar-KA03AN1954-2026-05-01_2026-07-01.csv,2026-05-10 05:49:45,2026-05-10 06:05:46,0.26694444444444443,76999.046875,41.0,36.0,5.0,9.3671875,38.482142857142854,64.0,43.3469387755102,187.34375
KA03AN1954,intellicar-KA03AN1954-2026-05-01_2026-07-01.csv,2026-05-10 10:41:17,2026-05-10 11:03:18,0.36694444444444446,77044.71875,86.0,81.0,5.0,5.6953125,16.271153846153847,52.25,47.323076923076925,113.90625000000001
KA03AN1954,intellicar-KA03AN1954-2026-05-01_2026-07-01.csv,2026-05-15 22:34:02,2026-05-15 22:44:02,0.16666666666666666,77429.3359375,43.0,37.0,6.0,9.8828125,57.254464285714285,88.5,43.0,164.71354166666669
KA03AN1954,intellicar-KA03AN1954-2026-05-01_2026-07-01.csv,2026-05-16 06:03:04,2026-05-16 06:29:04,0.43333333333333335,77505.078125,66.0,61.0,5.0,6.6875,16.583333333333332,54.625,45.0,133.75
KA03AN1954,intellicar-KA03AN1954-2026-05-01_2026-07-01.csv,2026-05-17 05:20:12,2026-05-17 05:32:12,0.2,77728.7265625,74.0,69.0,5.0,5.796875,29.96283783783784,78.125,45.0,115.9375
KA03AN1954,intellicar-KA03AN1954-2026-05-01_2026-07-01.csv,2026-05-17 19:13:17,2026-05-17 19:32:17,0.31666666666666665,77942.375,71.0,66.0,5.0,6.953125,36.71052631578947,80.5,42.86842105263158,139.0625
KA03AN1954,intellicar-KA03AN1954-2026-05-01_2026-07-01.csv,2026-05-18 09:14:51,2026-05-18 09:28:51,0.23333333333333334,78161.7578125,35.0,30.0,5.0,3.6171875,17.241477272727273,42.375,48.70454545454545,72.34375
KA03AN1954,intellicar-KA03AN1954-2026-05-01_2026-07-01.csv,2026-05-18 16:35:54,2026-05-18 16:49:54,0.23333333333333334,78243.71875,88.0,81.0,7.0,13.9765625,70.1280487804878,88.625,41.0,199.66517857142858
KA03AN1954,intellicar-KA03AN1954-2026-05-01_2026-07-01.csv,2026-05-18 17:19:54,2026-05-18 17:35:54,0.26666666666666666,78271.484375,76.0,71.0,5.0,6.9140625,26.483695652173914,55.25,40.891304347826086,138.28125
KA03AN1954,intellicar-KA03AN1954-2026-05-01_2026-07-01.csv,2026-05-19 08:12:58,2026-05-19 08:28:58,0.26666666666666666,78573.1328125,52.0,46.0,6.0,8.140625,32.9222972972973,72.875,46.08108108108108,135.67708333333331
KA03AN1954,intellicar-KA03AN1954-2026-05-01_2026-07-01.csv,2026-05-19 09:20:58,2026-05-19 09:46:58,0.43333333333333335,78593.328125,35.0,29.0,6.0,8.1953125,21.779605263157894,54.5,47.973684210526315,136.58854166666669
KA03AN1954,intellicar-KA03AN1954-2026-05-01_2026-07-01.csv,2026-05-19 10:04:58,2026-05-19 10:26:59,0.36694444444444446,78606.2578125,26.0,21.0,5.0,3.59375,11.212686567164178,56.0,48.92537313432836,71.875
KA03AN1954,intellicar-KA03AN1954-2026-05-01_2026-07-01.csv,2026-05-19 10:46:59,2026-05-19 11:00:59,0.23333333333333334,78622.4375,16.0,11.0,5.0,5.5234375,21.728658536585368,80.375,47.8780487804878,110.46875
KA03AN1954,intellicar-KA03AN1954-2026-05-01_2026-07-01.csv,2026-05-19 20:01:02,2026-05-19 20:19:02,0.3,78760.71875,64.0,59.0,5.0,7.0703125,23.733490566037737,51.25,43.45283018867924,141.40625
KA03AN1954,intellicar-KA03AN1954-2026-05-01_2026-07-01.csv,2026-05-19 20:35:02,2026-05-19 20:47:02,0.2,78775.5234375,56.0,51.0,5.0,7.546875,39.50675675675676,71.625,43.0,150.9375
KA03AN1954,intellicar-KA03AN1954-2026-05-01_2026-07-01.csv,2026-05-20 19:19:39,2026-05-20 19:45:39,0.43333333333333335,79039.0078125,87.0,80.0,7.0,14.7734375,36.88719512195122,91.5,43.0,211.04910714285717
KA03AN1954,intellicar-KA03AN1954-2026-05-01_2026-07-01.csv,2026-05-21 09:48:43,2026-05-21 09:56:43,0.13333333333333333,79253.8515625,21.0,16.0,5.0,4.609375,33.835,85.5,47.96,92.1875
KA03AN1954,intellicar-KA03AN1954-2026-05-01_2026-07-01.csv,2026-05-21 12:54:44,2026-05-21 13:26:18,0.5261111111111111,79282.46875,55.0,50.0,5.0,5.1015625,10.807291666666666,33.875,43.9375,102.03125
KA03AN1954,intellicar-KA03AN1954-2026-05-01_2026-07-01.csv,2026-05-21 14:32:18,2026-05-21 14:42:15,0.16583333333333333,79303.9453125,38.0,33.0,5.0,9.71875,71.65625,88.375,42.0,194.375
KA03AN1954,intellicar-KA03AN1954-2026-05-01_2026-07-01.csv,2026-05-21 20:26:47,2026-05-21 20:36:47,0.16666666666666666,79399.1484375,60.0,55.0,5.0,9.4765625,67.30803571428571,87.375,38.0,189.53125
KA03AN1954,intellicar-KA03AN1954-2026-05-01_2026-07-01.csv,2026-05-22 03:36:48,2026-05-22 03:42:48,0.1,79499.84375,66.0,61.0,5.0,7.9609375,70.19166666666666,88.125,41.2,159.21875
KA03AN1954,intellicar-KA03AN1954-2026-05-01_2026-07-01.csv,2026-05-22 19:06:54,2026-05-22 19:24:54,0.3,79781.828125,94.0,87.0,7.0,14.484375,50.432870370370374,81.375,41.0,206.91964285714283
KA03AN1954,intellicar-KA03AN1954-2026-05-01_2026-07-01.csv,2026-05-23 04:34:56,2026-05-23 04:58:56,0.4,79931.4140625,62.0,57.0,5.0,6.265625,14.782142857142857,88.125,42.0,125.3125
KA03AN1954,intellicar-KA03AN1954-2026-05-01_2026-07-01.csv,2026-05-23 05:36:56,2026-05-23 06:02:56,0.43333333333333335,79963.84375,45.0,40.0,5.0,3.9453125,10.552884615384615,53.375,43.0,78.90625
KA03AN1954,intellicar-KA03AN1954-2026-05-01_2026-07-01.csv,2026-05-23 12:57:29,2026-05-23 13:38:59,0.6916666666666667,80020.3515625,96.0,90.0,6.0,7.40625,29.91111111111111,87.375,41.0,123.4375
KA03AN1954,intellicar-KA03AN1954-2026-05-01_2026-07-01.csv,2026-05-23 20:28:31,2026-05-23 20:38:31,0.16666666666666666,80164.140625,56.0,50.0,6.0,11.5,72.58189655172414,88.875,40.310344827586206,191.66666666666669
KA03AN1954,intellicar-KA03AN1954-2026-05-01_2026-07-01.csv,2026-05-24 04:22:33,2026-05-24 04:48:33,0.43333333333333335,80186.3828125,95.0,90.0,5.0,4.1328125,10.544642857142858,87.875,39.0,82.65625
KA03AN1954,intellicar-KA03AN1954-2026-05-01_2026-07-01.csv,2026-05-24 05:44:33,2026-05-24 06:10:33,0.43333333333333335,80230.8984375,69.0,62.0,7.0,7.296875,18.31907894736842,56.375,44.0,104.24107142857142
KA03AN1954,intellicar-KA03AN1954-2026-05-01_2026-07-01.csv,2026-05-24 17:49:07,2026-05-24 17:59:07,0.16666666666666666,80298.3125,92.0,87.0,5.0,5.9296875,34.76209677419355,72.75,43.0,118.59375000000001
KA03AN1954,intellicar-KA03AN1954-2026-05-01_2026-07-01.csv,2026-05-24 18:42:38,2026-05-24 19:02:38,0.3333333333333333,80323.75,78.0,72.0,6.0,7.7265625,26.01906779661017,83.625,43.0,128.77604166666669
KA03AN1954,intellicar-KA03AN1954-2026-05-01_2026-07-01.csv,2026-05-24 21:40:38,2026-05-24 21:48:08,0.125,80398.2421875,67.0,62.0,5.0,6.9453125,58.700892857142854,85.875,41.0,138.90625
KA03AN1954,intellicar-KA03AN1954-2026-05-01_2026-07-01.csv,2026-05-26 03:03:16,2026-05-26 03:13:16,0.16666666666666666,80691.6015625,55.0,50.0,5.0,10.28125,69.01515151515152,89.5,43.0,205.625
KA03AN1954,intellicar-KA03AN1954-2026-05-01_2026-07-01.csv,2026-05-27 13:05:28,2026-05-27 13:29:29,0.4002777777777778,80746.046875,74.0,68.0,6.0,7.078125,17.307291666666668,57.875,44.90277777777778,117.96875
KA03AN1954,intellicar-KA03AN1954-2026-05-01_2026-07-01.csv,2026-05-28 05:36:03,2026-05-28 05:58:03,0.36666666666666664,80964.3671875,66.0,61.0,5.0,8.4453125,25.353846153846153,57.0,43.55384615384615,168.90625
KA03AN1954,intellicar-KA03AN1954-2026-05-01_2026-07-01.csv,2026-05-28 12:19:05,2026-05-28 12:43:05,0.4,81046.15625,69.0,64.0,5.0,5.5546875,15.521666666666667,52.625,45.12,111.09374999999999
KA03AN1954,intellicar-KA03AN1954-2026-05-01_2026-07-01.csv,2026-05-28 15:47:06,2026-05-28 15:55:06,0.13333333333333333,81098.6171875,87.0,82.0,5.0,6.0859375,43.160714285714285,85.125,43.42857142857143,121.71875000000001
KA03AN1954,intellicar-KA03AN1954-2026-05-01_2026-07-01.csv,2026-05-28 15:55:06,2026-05-28 16:05:06,0.16666666666666666,81102.71875,84.0,78.0,6.0,10.765625,66.8875,85.0,43.333333333333336,179.42708333333331
KA03AN1954,intellicar-KA03AN1954-2026-05-01_2026-07-01.csv,2026-05-28 16:09:06,2026-05-28 16:31:06,0.36666666666666664,81117.828125,77.0,69.0,8.0,15.3671875,44.64154411764706,85.875,44.0,192.08984375
KA03AN1954,intellicar-KA03AN1954-2026-05-01_2026-07-01.csv,2026-05-28 18:36:37,2026-05-28 18:54:37,0.3,81171.0859375,48.0,43.0,5.0,6.8984375,25.0188679245283,65.375,42.0,137.96875
KA03AN1954,intellicar-KA03AN1954-2026-05-01_2026-07-01.csv,2026-05-29 00:01:07,2026-05-29 00:13:08,0.20027777777777778,81321.25,31.0,25.0,6.0,9.6796875,46.753571428571426,90.25,41.0,161.328125
KA03AN1954,intellicar-KA03AN1954-2026-05-01_2026-07-01.csv,2026-05-29 04:01:38,2026-05-29 04:09:38,0.13333333333333333,81357.6328125,83.0,78.0,5.0,10.0078125,73.1534090909091,88.875,41.68181818181818,200.15625
KA03AN1954,intellicar-KA03AN1954-2026-05-01_2026-07-01.csv,2026-05-30 11:16:48,2026-05-30 11:36:48,0.3333333333333333,81568.140625,30.0,25.0,5.0,8.8359375,27.078629032258064,76.625,47.016129032258064,176.71875
KA03AN1954,intellicar-KA03AN1954-2026-05-01_2026-07-01.csv,2026-05-30 16:04:50,2026-05-30 16:14:50,0.16666666666666666,81604.1796875,88.0,83.0,5.0,10.5546875,68.09375,80.0,41.0,211.09375
KA03AN1954,intellicar-KA03AN1954-2026-05-01_2026-07-01.csv,2026-05-31 12:29:25,2026-05-31 13:01:25,0.5333333333333333,81771.34375,69.0,64.0,5.0,5.7265625,13.217783505154639,45.125,46.58762886597938,114.53125
KA03AN1954,intellicar-KA03AN1954-2026-05-01_2026-07-01.csv,2026-05-31 15:11:26,2026-05-31 15:41:26,0.5,81793.578125,50.0,44.0,6.0,7.640625,15.336206896551724,45.125,44.0,127.34375
KA03AN1954,intellicar-KA03AN1954-2026-05-01_2026-07-01.csv,2026-06-03 03:18:43,2026-06-03 03:46:43,0.4666666666666667,82162.90625,75.0,69.0,6.0,8.578125,16.84259259259259,62.625,37.08641975308642,142.96875
KA03AN1954,intellicar-KA03AN1954-2026-05-01_2026-07-01.csv,2026-06-03 06:40:14,2026-06-03 07:22:14,0.7,82198.921875,52.0,47.0,5.0,8.078125,12.148,46.375,40.72,161.5625
KA03AN1954,intellicar-KA03AN1954-2026-05-01_2026-07-01.csv,2026-06-04 10:03:52,2026-06-04 10:56:23,0.8752777777777778,82529.5390625,82.0,77.0,5.0,7.7734375,10.722682119205299,49.625,46.88079470198676,155.46875
KA03AN1954,intellicar-KA03AN1954-2026-05-01_2026-07-01.csv,2026-06-04 13:14:54,2026-06-04 13:38:54,0.4,82557.3046875,66.0,60.0,6.0,13.40625,35.82857142857143,69.875,47.32857142857143,223.4375
KA03AN1954,intellicar-KA03AN1954-2026-05-01_2026-07-01.csv,2026-06-06 13:10:07,2026-06-06 13:22:07,0.2,83028.9140625,61.0,56.0,5.0,7.53125,36.52302631578947,79.625,44.0,150.625
KA03AN1954,intellicar-KA03AN1954-2026-05-01_2026-07-01.csv,2026-06-07 17:33:45,2026-06-07 17:43:45,0.16666666666666666,83359.7890625,67.0,62.0,5.0,7.1328125,44.07327586206897,79.25,43.0,142.65625
KA03AN1954,intellicar-KA03AN1954-2026-05-01_2026-07-01.csv,2026-06-07 18:19:45,2026-06-07 18:31:45,0.2,83392.3828125,52.0,47.0,5.0,8.890625,39.77857142857143,60.125,42.0,177.8125
KA03AN1954,intellicar-KA03AN1954-2026-05-01_2026-07-01.csv,2026-06-09 07:32:22,2026-06-09 08:06:23,0.5669444444444445,83692.4296875,62.0,57.0,5.0,8.28125,15.614077669902912,63.875,40.737864077669904,165.625
KA03AN1954,intellicar-KA03AN1954-2026-05-01_2026-07-01.csv,2026-06-09 17:23:56,2026-06-09 17:33:56,0.16666666666666666,83777.671875,97.0,92.0,5.0,9.0078125,53.325892857142854,78.0,41.0,180.15625
KA03AN1954,intellicar-KA03AN1954-2026-05-01_2026-07-01.csv,2026-06-09 18:55:26,2026-06-09 19:32:56,0.625,83829.421875,94.0,89.0,5.0,6.71875,14.991477272727273,83.125,42.82954545454545,134.375
KA03AN1954,intellicar-KA03AN1954-2026-05-01_2026-07-01.csv,2026-06-10 17:49:32,2026-06-10 17:55:02,0.09166666666666666,84033.8984375,92.0,87.0,5.0,7.53125,64.30357142857143,84.625,40.07142857142857,150.625
KA03AN1954,intellicar-KA03AN1954-2026-05-01_2026-07-01.csv,2026-06-11 14:44:07,2026-06-11 14:52:07,0.13333333333333333,84201.4765625,92.0,87.0,5.0,10.1328125,71.5324074074074,85.125,44.0,202.65624999999997
KA03AN1954,intellicar-KA03AN1954-2026-05-01_2026-07-01.csv,2026-06-12 01:17:39,2026-06-12 01:53:39,0.6,84389.390625,96.0,89.0,7.0,15.15625,28.342045454545456,61.625,40.1,216.51785714285717
KA03AN1954,intellicar-KA03AN1954-2026-05-01_2026-07-01.csv,2026-06-13 16:35:49,2026-06-13 16:49:49,0.23333333333333334,84819.984375,98.0,93.0,5.0,7.2734375,44.18939393939394,71.75,39.06060606060606,145.46875
KA03AN1954,intellicar-KA03AN1954-2026-05-01_2026-07-01.csv,2026-06-15 03:25:57,2026-06-15 03:37:57,0.2,85208.296875,98.0,93.0,5.0,7.7734375,38.08783783783784,81.25,44.0,155.46875
KA03AN1954,intellicar-KA03AN1954-2026-05-01_2026-07-01.csv,2026-06-17 14:03:44,2026-06-17 14:39:18,0.5927777777777777,85702.71875,73.0,67.0,6.0,6.9140625,12.672453703703704,53.75,45.0,115.234375
KA03AN1954,intellicar-KA03AN1954-2026-05-01_2026-07-01.csv,2026-06-20 06:06:02,2026-06-20 06:12:02,0.1,86058.1875,36.0,31.0,5.0,7.125,70.99375,83.25,40.8,142.5
KA03AN1954,intellicar-KA03AN1954-2026-05-01_2026-07-01.csv,2026-06-20 06:12:02,2026-06-20 06:28:02,0.26666666666666666,86064.9375,32.0,26.0,6.0,7.171875,29.456521739130434,81.0,41.0,119.53125
KA03AN1954,intellicar-KA03AN1954-2026-05-01_2026-07-01.csv,2026-06-20 12:11:34,2026-06-20 12:21:34,0.16666666666666666,86131.7890625,62.0,57.0,5.0,9.390625,55.10606060606061,79.5,41.0,187.8125
KA03AN1954,intellicar-KA03AN1954-2026-05-01_2026-07-01.csv,2026-06-20 14:04:34,2026-06-20 14:26:04,0.35833333333333334,86159.9609375,98.0,92.0,6.0,8.453125,28.645454545454545,79.25,41.0,140.88541666666669
KA03AN1954,intellicar-KA03AN1954-2026-05-01_2026-07-01.csv,2026-06-20 17:00:05,2026-06-20 17:20:05,0.3333333333333333,86217.5625,67.0,61.0,6.0,7.6953125,23.166666666666668,54.875,40.0,128.25520833333331
KA03AN1954,intellicar-KA03AN1954-2026-05-01_2026-07-01.csv,2026-06-20 17:45:35,2026-06-20 17:53:35,0.13333333333333333,86233.9296875,57.0,52.0,5.0,8.484375,66.51923076923077,85.5,40.0,169.6875
KA03AN1954,intellicar-KA03AN1954-2026-05-01_2026-07-01.csv,2026-06-21 19:53:42,2026-06-21 20:03:42,0.16666666666666666,86552.84375,80.0,75.0,5.0,8.546875,52.941964285714285,72.625,43.0,170.9375
KA03AN1954,intellicar-KA03AN1954-2026-05-01_2026-07-01.csv,2026-06-22 12:21:16,2026-06-22 12:45:16,0.4,86677.1328125,48.0,42.0,6.0,8.53125,24.826013513513512,79.875,43.0,142.1875
KA03AN1954,intellicar-KA03AN1954-2026-05-01_2026-07-01.csv,2026-06-22 16:43:48,2026-06-22 17:02:48,0.31666666666666665,86718.296875,99.0,92.0,7.0,10.71875,43.65277777777778,75.875,42.4,153.125
KA03AN1954,intellicar-KA03AN1954-2026-05-01_2026-07-01.csv,2026-06-22 17:10:48,2026-06-22 17:18:48,0.13333333333333333,86732.4609375,91.0,85.0,6.0,10.484375,75.13020833333333,87.875,42.0,174.73958333333331
KA03AN1954,intellicar-KA03AN1954-2026-05-01_2026-07-01.csv,2026-06-22 17:52:48,2026-06-22 18:06:48,0.23333333333333334,86757.9375,79.0,74.0,5.0,10.359375,46.27272727272727,81.75,41.0,207.1875
KA03AN1954,intellicar-KA03AN1954-2026-05-01_2026-07-01.csv,2026-06-22 18:32:48,2026-06-22 18:55:48,0.38333333333333336,86769.484375,95.0,89.0,6.0,8.8515625,40.111702127659576,77.875,43.0,147.52604166666669
KA03AN1954,intellicar-KA03AN1954-2026-05-01_2026-07-01.csv,2026-06-23 13:21:24,2026-06-23 13:27:24,0.1,86902.46875,76.0,71.0,5.0,8.6171875,75.4407894736842,88.0,44.0,172.34375
KA03AN1954,intellicar-KA03AN1954-2026-05-01_2026-07-01.csv,2026-06-24 10:33:29,2026-06-24 11:01:29,0.4666666666666667,87043.296875,66.0,61.0,5.0,4.453125,11.264705882352942,47.25,43.48235294117647,89.0625
KA03AN1954,intellicar-KA03AN1954-2026-05-01_2026-07-01.csv,2026-06-24 12:16:59,2026-06-24 12:41:00,0.4002777777777778,87064.46875,51.0,46.0,5.0,6.2265625,17.44407894736842,58.25,44.0,124.53125
KA03AN1954,intellicar-KA03AN1954-2026-05-01_2026-07-01.csv,2026-06-24 21:45:04,2026-06-24 21:53:04,0.13333333333333333,87212.15625,83.0,78.0,5.0,4.2265625,34.85096153846154,74.375,43.0,84.53125
KA03AN1954,intellicar-KA03AN1954-2026-05-01_2026-07-01.csv,2026-06-25 15:58:09,2026-06-25 16:22:09,0.4,87409.2109375,99.0,93.0,6.0,8.5234375,41.642857142857146,80.125,43.457142857142856,142.05729166666669
KA03AN1954,intellicar-KA03AN1954-2026-05-01_2026-07-01.csv,2026-06-25 19:12:10,2026-06-25 19:28:10,0.26666666666666666,87485.890625,95.0,87.0,8.0,15.640625,65.10372340425532,85.625,41.0,195.5078125
KA03AN1954,intellicar-KA03AN1954-2026-05-01_2026-07-01.csv,2026-06-26 07:13:16,2026-06-26 07:45:14,0.5327777777777778,87593.578125,97.0,91.0,6.0,12.0859375,26.040364583333332,62.875,42.0,201.43229166666666
KA03AN1954,intellicar-KA03AN1954-2026-05-01_2026-07-01.csv,2026-06-26 07:55:14,2026-06-26 08:11:14,0.26666666666666666,87609.6953125,89.0,84.0,5.0,7.984375,31.714285714285715,64.375,43.0,159.6875
KA03AN1954,intellicar-KA03AN1954-2026-05-01_2026-07-01.csv,2026-06-26 08:41:44,2026-06-26 08:55:44,0.23333333333333334,87624.25,80.0,75.0,5.0,8.9765625,42.906976744186046,75.5,44.0,179.53125
KA03AN1954,intellicar-KA03AN1954-2026-05-01_2026-07-01.csv,2026-06-27 09:10:24,2026-06-27 09:34:24,0.4,87814.53125,75.0,70.0,5.0,7.0078125,19.880281690140844,60.625,44.070422535211264,140.15625
KA03AN1954,intellicar-KA03AN1954-2026-05-01_2026-07-01.csv,2026-06-27 11:53:25,2026-06-27 12:03:25,0.16666666666666666,87860.9140625,95.0,90.0,5.0,7.7578125,42.766129032258064,80.875,43.774193548387096,155.15625
KA03AN1954,intellicar-KA03AN1954-2026-05-01_2026-07-01.csv,2026-06-27 12:03:25,2026-06-27 12:13:25,0.16666666666666666,87868.2890625,91.0,86.0,5.0,7.4765625,50.69827586206897,83.0,44.0,149.53125
KA03AN1954,intellicar-KA03AN1954-2026-05-01_2026-07-01.csv,2026-06-27 18:30:27,2026-06-27 18:38:27,0.13333333333333333,87981.4921875,62.0,57.0,5.0,7.953125,58.31944444444444,76.875,43.0,159.0625
KA03AN1954,intellicar-KA03AN1954-2026-05-01_2026-07-01.csv,2026-06-27 20:03:28,2026-06-27 20:09:28,0.1,88007.4375,78.0,73.0,5.0,5.8671875,60.96875,87.75,41.0,117.34374999999999
KA03AN1954,intellicar-KA03AN1954-2026-05-01_2026-07-01.csv,2026-06-28 16:19:03,2026-06-28 16:29:03,0.16666666666666666,88173.3046875,61.0,56.0,5.0,7.3671875,48.75806451612903,77.25,42.0,147.34375
KA03AN1954,intellicar-KA03AN1954-2026-05-01_2026-07-01.csv,2026-06-29 09:53:38,2026-06-29 10:21:38,0.4666666666666667,88356.9140625,82.0,77.0,5.0,7.3515625,16.448170731707318,52.25,43.03658536585366,147.03125
KA03AN1954,intellicar-KA03AN1954-2026-05-01_2026-07-01.csv,2026-06-29 16:57:41,2026-06-29 17:07:41,0.16666666666666666,88449.2421875,96.0,91.0,5.0,8.0625,57.5,77.625,42.0,161.25
KA03AN1954,intellicar-KA03AN1954-2026-05-01_2026-07-01.csv,2026-06-30 10:44:16,2026-06-30 11:10:16,0.43333333333333335,88594.5546875,72.0,67.0,5.0,6.328125,16.7046875,51.125,45.0,126.5625
KA03AN1956,intellicar-KA03AN1956-2026-04-01_2026-05-01 (1).csv,2026-04-06 22:52:51,2026-04-06 23:17:21,0.4083333333333333,91946.734375,100.0,95.0,5.0,8.75,27.582207207207208,78.625,41.77477477477478,175.0
KA03AN1956,intellicar-KA03AN1956-2026-04-01_2026-05-01 (1).csv,2026-04-07 01:31:54,2026-04-07 01:52:22,0.3411111111111111,91995.65625,100.0,95.0,5.0,5.203125,25.533088235294116,80.125,42.61764705882353,104.06249999999999
KA03AN1956,intellicar-KA03AN1956-2026-04-01_2026-05-01 (1).csv,2026-04-07 18:18:28,2026-04-07 18:32:28,0.23333333333333334,92116.96875,34.0,29.0,5.0,9.734375,45.916666666666664,84.0,44.0,194.6875
KA03AN1956,intellicar-KA03AN1956-2026-04-01_2026-05-01 (1).csv,2026-04-09 15:23:44,2026-04-09 16:32:13,1.1413888888888888,92501.21875,62.0,57.0,5.0,7.9375,22.44351851851852,60.75,46.022222222222226,158.75
KA03AN1956,intellicar-KA03AN1956-2026-04-01_2026-05-01 (1).csv,2026-04-10 16:18:23,2026-04-10 16:48:21,0.49944444444444447,92759.015625,64.0,59.0,5.0,5.15625,9.889367816091953,65.25,46.0,103.125
KA03AN1956,intellicar-KA03AN1956-2026-04-01_2026-05-01 (1).csv,2026-04-20 22:39:30,2026-04-20 22:47:29,0.13305555555555557,93866.078125,32.0,27.0,5.0,9.1328125,69.51453488372093,84.375,42.0,182.65625
KA03AN1956,intellicar-KA03AN1956-2026-04-01_2026-05-01.csv,2026-04-06 22:52:51,2026-04-06 23:17:21,0.4083333333333333,91946.734375,100.0,95.0,5.0,8.75,27.582207207207208,78.625,41.77477477477478,175.0
KA03AN1956,intellicar-KA03AN1956-2026-04-01_2026-05-01.csv,2026-04-07 01:31:54,2026-04-07 01:52:22,0.3411111111111111,91995.65625,100.0,95.0,5.0,5.203125,25.533088235294116,80.125,42.61764705882353,104.06249999999999
KA03AN1956,intellicar-KA03AN1956-2026-04-01_2026-05-01.csv,2026-04-07 18:18:28,2026-04-07 18:32:28,0.23333333333333334,92116.96875,34.0,29.0,5.0,9.734375,45.916666666666664,84.0,44.0,194.6875
KA03AN1956,intellicar-KA03AN1956-2026-04-01_2026-05-01.csv,2026-04-09 15:23:44,2026-04-09 16:32:13,1.1413888888888888,92501.21875,62.0,57.0,5.0,7.9375,22.44351851851852,60.75,46.022222222222226,158.75
KA03AN1956,intellicar-KA03AN1956-2026-04-01_2026-05-01.csv,2026-04-10 16:18:23,2026-04-10 16:48:21,0.49944444444444447,92759.015625,64.0,59.0,5.0,5.15625,9.889367816091953,65.25,46.0,103.125
KA03AN1956,intellicar-KA03AN1956-2026-04-01_2026-05-01.csv,2026-04-20 22:39:30,2026-04-20 22:47:29,0.13305555555555557,93866.078125,32.0,27.0,5.0,9.1328125,69.51453488372093,84.375,42.0,182.65625
KA03AN1956,intellicar-KA03AN1956-2026-07-01_2026-08-01.csv,2026-07-22 12:44:47,2026-07-22 13:48:47,1.0666666666666667,106831.375,56.0,50.0,6.0,8.765625,9.357329842931938,42.25,41.0,146.09375
KA03AN1956,intellicar-KA03AN1956-2026-07-01_2026-08-01.csv,2026-07-23 01:16:50,2026-07-23 01:28:50,0.2,106878.78125,81.0,76.0,5.0,7.984375,39.640625,82.0,37.46875,159.6875
KA03AN1956,intellicar-KA03AN1956-2026-07-01_2026-08-01.csv,2026-07-23 15:49:25,2026-07-23 16:12:25,0.38333333333333336,107032.84375,60.0,55.0,5.0,6.390625,19.228846153846153,48.0,42.0,127.8125
KA03AN1956,intellicar-KA03AN1956-2026-07-01_2026-08-01.csv,2026-07-24 05:20:02,2026-07-24 05:53:59,0.5658333333333333,107170.328125,59.0,54.0,5.0,9.3515625,17.939320388349515,47.0,40.0,187.03125
KA03AN1956,intellicar-KA03AN1956-2026-07-01_2026-08-01.csv,2026-07-25 12:50:32,2026-07-25 13:16:22,0.4305555555555556,107471.90625,47.0,42.0,5.0,7.890625,20.208333333333332,62.875,42.266666666666666,157.8125
KA03AN1956,intellicar-KA03AN1956-2026-07-01_2026-08-01.csv,2026-07-27 14:07:53,2026-07-27 14:47:53,0.6666666666666666,107932.171875,65.0,58.0,7.0,11.3203125,18.201271186440678,48.625,43.389830508474574,161.71875
KA03AN1956,intellicar-KA03AN1956-2026-07-01_2026-08-01.csv,2026-07-27 17:12:24,2026-07-27 18:04:24,0.8666666666666667,107984.515625,37.0,32.0,5.0,8.046875,10.037852112676056,62.75,41.0,160.9375
KA03AN1956,intellicar-KA03AN1956-2026-07-01_2026-08-01.csv,2026-07-28 07:51:28,2026-07-28 08:13:28,0.36666666666666664,108019.875,92.0,87.0,5.0,5.9921875,15.942857142857143,53.375,41.0,119.84375
KA03AN1956,intellicar-KA03AN1956-2026-07-01_2026-08-01.csv,2026-07-28 13:31:30,2026-07-28 14:07:30,0.6,108094.3203125,47.0,42.0,5.0,5.484375,10.29861111111111,57.125,42.0,109.6875
KA03AN1956,intellicar-KA03AN1956-2026-07-01_2026-08-01.csv,2026-07-29 16:52:40,2026-07-29 17:08:38,0.26611111111111113,108268.0625,22.0,0.0,22.0,4.1328125,15.065104166666666,55.5,43.0,18.785511363636363
KA03AN1958,intellicar-KA03AN1958-2026-05-01_2026-07-01.csv,2026-05-02 04:31:47,2026-05-02 04:57:45,0.43277777777777776,76770.8515625,79.0,74.0,5.0,6.859375,18.48,75.25,41.72,137.1875
KA03AN1958,intellicar-KA03AN1958-2026-05-01_2026-07-01.csv,2026-05-05 09:18:06,2026-05-05 09:32:06,0.23333333333333334,77409.9765625,93.0,88.0,5.0,7.0078125,32.75852272727273,85.75,42.0,140.15625
KA03AN1958,intellicar-KA03AN1958-2026-05-01_2026-07-01.csv,2026-05-05 14:15:08,2026-05-05 14:45:08,0.5,77498.71875,41.0,36.0,5.0,4.8828125,12.043956043956044,39.875,40.21978021978022,97.65625
KA03AN1958,intellicar-KA03AN1958-2026-05-01_2026-07-01.csv,2026-05-06 17:47:48,2026-05-06 18:01:48,0.23333333333333334,77730.6171875,41.0,36.0,5.0,8.7265625,41.826219512195124,80.0,41.0,174.53125
KA03AN1958,intellicar-KA03AN1958-2026-05-01_2026-07-01.csv,2026-05-07 13:33:26,2026-05-07 13:55:24,0.3661111111111111,77924.3984375,69.0,63.0,6.0,8.390625,24.326923076923077,61.875,45.0,139.84375
KA03AN1958,intellicar-KA03AN1958-2026-05-01_2026-07-01.csv,2026-05-07 13:55:24,2026-05-07 14:07:26,0.20055555555555554,77932.546875,64.0,59.0,5.0,6.625,37.18402777777778,71.0,45.0,132.5
KA03AN1958,intellicar-KA03AN1958-2026-05-01_2026-07-01.csv,2026-05-08 04:41:58,2026-05-08 05:05:58,0.4,78015.796875,83.0,76.0,7.0,11.171875,31.42808219178082,69.125,42.54794520547945,159.59821428571428
KA03AN1958,intellicar-KA03AN1958-2026-05-01_2026-07-01.csv,2026-05-08 06:33:59,2026-05-08 06:47:59,0.23333333333333334,78052.9140625,63.0,58.0,5.0,5.4375,27.19375,70.375,45.15,108.74999999999999
KA03AN1958,intellicar-KA03AN1958-2026-05-01_2026-07-01.csv,2026-05-09 05:20:37,2026-05-09 05:40:37,0.3333333333333333,78252.5625,78.0,72.0,6.0,10.5703125,34.59475806451613,66.125,42.95161290322581,176.171875
KA03AN1958,intellicar-KA03AN1958-2026-05-01_2026-07-01.csv,2026-05-09 07:53:10,2026-05-09 08:15:08,0.3661111111111111,78294.5234375,51.0,46.0,5.0,6.203125,18.75390625,54.75,46.3125,124.06250000000001
KA03AN1958,intellicar-KA03AN1958-2026-05-01_2026-07-01.csv,2026-05-09 13:12:40,2026-05-09 13:30:40,0.3,78373.4375,84.0,79.0,5.0,8.796875,30.97685185185185,81.5,41.888888888888886,175.9375
KA03AN1958,intellicar-KA03AN1958-2026-05-01_2026-07-01.csv,2026-05-09 16:20:12,2026-05-09 16:30:11,0.1663888888888889,78442.234375,49.0,44.0,5.0,6.3671875,36.092592592592595,86.375,41.0,127.34375
KA03AN1958,intellicar-KA03AN1958-2026-05-01_2026-07-01.csv,2026-05-10 07:02:46,2026-05-10 07:34:16,0.525,78627.6328125,73.0,67.0,6.0,6.2421875,15.76685393258427,44.25,46.70786516853933,104.03645833333333
KA03AN1958,intellicar-KA03AN1958-2026-05-01_2026-07-01.csv,2026-05-10 09:53:17,2026-05-10 10:09:17,0.26666666666666666,78669.453125,45.0,40.0,5.0,6.578125,26.83695652173913,64.125,47.0,131.5625
KA03AN1958,intellicar-KA03AN1958-2026-05-01_2026-07-01.csv,2026-05-11 06:36:24,2026-05-11 06:52:24,0.26666666666666666,78854.84375,76.0,71.0,5.0,11.515625,43.003125,76.75,46.0,230.3125
KA03AN1958,intellicar-KA03AN1958-2026-05-01_2026-07-01.csv,2026-05-11 10:46:25,2026-05-11 11:33:56,0.7919444444444445,78945.9609375,94.0,87.0,7.0,13.4296875,18.628401360544217,51.625,45.44897959183673,191.85267857142858
KA03AN1958,intellicar-KA03AN1958-2026-05-01_2026-07-01.csv,2026-05-11 13:05:56,2026-05-11 13:33:56,0.4666666666666667,78980.484375,74.0,69.0,5.0,6.8125,15.845679012345679,45.625,48.67901234567901,136.25
KA03AN1958,intellicar-KA03AN1958-2026-05-01_2026-07-01.csv,2026-05-11 13:39:56,2026-05-11 14:05:57,0.4336111111111111,78988.640625,69.0,63.0,6.0,6.3671875,15.818910256410257,63.75,49.0,106.11979166666667
KA03AN1958,intellicar-KA03AN1958-2026-05-01_2026-07-01.csv,2026-05-12 09:56:32,2026-05-12 10:36:33,0.6669444444444445,79127.1484375,54.0,48.0,6.0,5.8359375,9.084033613445378,51.75,49.0,97.265625
KA03AN1958,intellicar-KA03AN1958-2026-05-01_2026-07-01.csv,2026-05-13 09:16:41,2026-05-13 09:30:41,0.23333333333333334,79294.5234375,45.0,40.0,5.0,5.75,24.730555555555554,52.375,47.733333333333334,114.99999999999999
KA03AN1958,intellicar-KA03AN1958-2026-05-01_2026-07-01.csv,2026-05-13 10:26:11,2026-05-13 10:38:11,0.2,79320.859375,29.0,24.0,5.0,7.234375,40.80681818181818,87.5,49.06060606060606,144.6875
KA03AN1958,intellicar-KA03AN1958-2026-05-01_2026-07-01.csv,2026-05-14 07:16:48,2026-05-14 07:30:49,0.2336111111111111,79521.84375,55.0,49.0,6.0,8.609375,41.848837209302324,84.625,48.372093023255815,143.48958333333331
KA03AN1958,intellicar-KA03AN1958-2026-05-01_2026-07-01.csv,2026-05-14 08:51:49,2026-05-14 09:09:49,0.3,79552.9453125,34.0,29.0,5.0,7.3671875,26.455882352941178,62.25,48.13725490196079,147.34375
KA03AN1958,intellicar-KA03AN1958-2026-05-01_2026-07-01.csv,2026-05-14 13:52:51,2026-05-14 14:04:51,0.2,79602.734375,84.0,79.0,5.0,8.71875,44.320945945945944,84.125,45.21621621621622,174.375
KA03AN1958,intellicar-KA03AN1958-2026-05-01_2026-07-01.csv,2026-05-15 04:27:55,2026-05-15 05:01:56,0.5669444444444445,79659.828125,95.0,89.0,6.0,8.2109375,14.980392156862745,73.0,40.833333333333336,136.84895833333331
KA03AN1958,intellicar-KA03AN1958-2026-05-01_2026-07-01.csv,2026-05-15 07:01:26,2026-05-15 07:21:26,0.3333333333333333,79699.734375,74.0,69.0,5.0,6.671875,23.44612068965517,66.875,44.0,133.4375
KA03AN1958,intellicar-KA03AN1958-2026-05-01_2026-07-01.csv,2026-05-16 11:55:06,2026-05-16 12:11:06,0.26666666666666666,80040.265625,57.0,52.0,5.0,7.9296875,36.005434782608695,82.5,48.0,158.59375
KA03AN1958,intellicar-KA03AN1958-2026-05-01_2026-07-01.csv,2026-05-16 13:15:07,2026-05-16 15:09:07,1.9,80060.5625,44.0,38.0,6.0,8.8984375,21.919753086419753,70.5,47.5679012345679,148.30729166666669
KA03AN1958,intellicar-KA03AN1958-2026-05-01_2026-07-01.csv,2026-05-19 08:48:58,2026-05-19 09:24:58,0.6,80143.2890625,57.0,51.0,6.0,9.109375,15.556818181818182,43.25,43.54545454545455,151.82291666666669
KA03AN1958,intellicar-KA03AN1958-2026-05-01_2026-07-01.csv,2026-05-19 14:31:00,2026-05-19 15:01:00,0.5,80236.71875,78.0,71.0,7.0,12.8671875,25.963068181818183,82.0,43.0,183.81696428571428
KA03AN1958,intellicar-KA03AN1958-2026-05-01_2026-07-01.csv,2026-05-20 03:19:33,2026-05-20 03:47:33,0.4666666666666667,80279.8828125,96.0,91.0,5.0,8.140625,17.641975308641975,70.5,38.22222222222222,162.8125
KA03AN1958,intellicar-KA03AN1958-2026-05-01_2026-07-01.csv,2026-05-20 03:47:33,2026-05-20 04:09:03,0.35833333333333334,80287.9765625,92.0,87.0,5.0,6.5625,18.967391304347824,47.75,39.0,131.25
KA03AN1958,intellicar-KA03AN1958-2026-05-01_2026-07-01.csv,2026-05-20 15:19:40,2026-05-20 15:43:38,0.39944444444444444,80471.3828125,72.0,67.0,5.0,6.078125,16.894642857142856,65.625,44.0,121.5625
KA03AN1958,intellicar-KA03AN1958-2026-05-01_2026-07-01.csv,2026-05-20 23:09:40,2026-05-20 23:17:40,0.13333333333333333,80581.34375,71.0,66.0,5.0,7.1328125,63.520833333333336,88.25,41.0,142.65625
KA03AN1958,intellicar-KA03AN1958-2026-05-01_2026-07-01.csv,2026-05-22 04:58:49,2026-05-22 05:24:49,0.43333333333333335,80921.7734375,95.0,90.0,5.0,6.1875,15.388333333333334,71.625,39.013333333333335,123.75
KA03AN1958,intellicar-KA03AN1958-2026-05-01_2026-07-01.csv,2026-05-22 08:00:20,2026-05-22 08:30:20,0.5,80980.5234375,60.0,55.0,5.0,7.59375,16.707386363636363,51.75,45.0,151.875
KA03AN1958,intellicar-KA03AN1958-2026-05-01_2026-07-01.csv,2026-05-22 20:30:24,2026-05-22 20:52:24,0.36666666666666664,81176.890625,93.0,88.0,5.0,7.2578125,20.300373134328357,87.25,43.55223880597015,145.15625
KA03AN1958,intellicar-KA03AN1958-2026-05-01_2026-07-01.csv,2026-05-22 21:08:24,2026-05-22 21:16:24,0.13333333333333333,81201.9921875,79.0,74.0,5.0,9.2109375,66.98611111111111,85.25,43.0,184.21875
KA03AN1958,intellicar-KA03AN1958-2026-05-01_2026-07-01.csv,2026-05-22 23:59:55,2026-05-23 00:09:55,0.16666666666666666,81246.7109375,54.0,49.0,5.0,6.46875,50.008620689655174,78.625,40.0,129.375
KA03AN1958,intellicar-KA03AN1958-2026-05-01_2026-07-01.csv,2026-05-23 08:28:57,2026-05-23 08:46:57,0.3,81355.890625,62.0,57.0,5.0,10.109375,38.73317307692308,89.25,44.40384615384615,202.1875
KA03AN1958,intellicar-KA03AN1958-2026-05-01_2026-07-01.csv,2026-05-26 11:57:50,2026-05-26 12:21:35,0.3958333333333333,82051.2421875,53.0,47.0,6.0,7.3203125,17.95950704225352,72.25,49.0,122.00520833333333
KA03AN1958,intellicar-KA03AN1958-2026-05-01_2026-07-01.csv,2026-05-28 16:28:36,2026-05-28 17:14:36,0.7666666666666667,82406.78125,73.0,67.0,6.0,8.03125,12.140287769784173,63.5,42.74820143884892,133.85416666666669
KA03AN1958,intellicar-KA03AN1958-2026-05-01_2026-07-01.csv,2026-05-29 05:12:39,2026-05-29 05:32:39,0.3333333333333333,82452.640625,84.0,79.0,5.0,8.59375,26.497916666666665,71.125,41.05,171.875
KA03AN1958,intellicar-KA03AN1958-2026-05-01_2026-07-01.csv,2026-05-29 05:32:39,2026-05-29 05:54:39,0.36666666666666664,82461.015625,80.0,75.0,5.0,7.875,24.43840579710145,61.375,42.08695652173913,157.5
KA03AN1958,intellicar-KA03AN1958-2026-05-01_2026-07-01.csv,2026-05-29 12:20:41,2026-05-29 12:48:42,0.46694444444444444,82582.7265625,68.0,60.0,8.0,10.6015625,18.302364864864863,70.875,47.945945945945944,132.51953125
KA03AN1958,intellicar-KA03AN1958-2026-05-01_2026-07-01.csv,2026-05-30 23:35:21,2026-05-30 23:43:21,0.13333333333333333,82843.2578125,38.0,33.0,5.0,5.7734375,37.739583333333336,87.25,38.0,115.46875000000001
KA03AN1958,intellicar-KA03AN1958-2026-05-01_2026-07-01.csv,2026-05-31 13:12:55,2026-05-31 13:18:55,0.1,83080.3984375,41.0,36.0,5.0,8.4140625,70.26470588235294,85.375,48.705882352941174,168.28125
KA03AN1958,intellicar-KA03AN1958-2026-05-01_2026-07-01.csv,2026-06-01 09:26:31,2026-06-01 09:52:31,0.43333333333333335,83285.84375,75.0,69.0,6.0,8.453125,21.616776315789473,83.0,46.19736842105263,140.88541666666669
KA03AN1958,intellicar-KA03AN1958-2026-05-01_2026-07-01.csv,2026-06-01 13:24:32,2026-06-01 13:36:32,0.2,83379.234375,26.0,21.0,5.0,10.65625,48.20673076923077,83.75,49.0,213.125
KA03AN1958,intellicar-KA03AN1958-2026-05-01_2026-07-01.csv,2026-06-02 09:11:08,2026-06-02 09:21:08,0.16666666666666666,83528.1875,31.0,26.0,5.0,6.984375,40.306451612903224,80.375,47.096774193548384,139.6875
KA03AN1958,intellicar-KA03AN1958-2026-05-01_2026-07-01.csv,2026-06-05 02:38:27,2026-06-05 02:54:27,0.26666666666666666,83625.78125,46.0,40.0,6.0,10.78125,39.609375,79.125,35.0,179.6875
KA03AN1958,intellicar-KA03AN1958-2026-05-01_2026-07-01.csv,2026-06-05 03:56:27,2026-06-05 04:06:27,0.16666666666666666,83665.09375,27.0,22.0,5.0,7.9296875,60.920833333333334,90.75,38.53333333333333,158.59375
KA03AN1958,intellicar-KA03AN1958-2026-05-01_2026-07-01.csv,2026-06-05 06:19:58,2026-06-05 06:49:59,0.5002777777777778,83684.703125,92.0,84.0,8.0,11.546875,26.626373626373628,87.625,43.0,144.3359375
KA03AN1958,intellicar-KA03AN1958-2026-05-01_2026-07-01.csv,2026-06-05 06:53:59,2026-06-05 07:03:59,0.16666666666666666,83700.5234375,82.0,76.0,6.0,11.890625,69.14423076923077,89.875,44.0,198.17708333333331
KA03AN1958,intellicar-KA03AN1958-2026-05-01_2026-07-01.csv,2026-06-06 18:04:38,2026-06-06 18:22:38,0.3,84032.0546875,62.0,57.0,5.0,6.703125,25.024553571428573,82.75,42.0,134.0625
KA03AN1958,intellicar-KA03AN1958-2026-05-01_2026-07-01.csv,2026-06-06 18:32:38,2026-06-06 19:02:39,0.5002777777777778,84045.0859375,55.0,50.0,5.0,7.4296875,16.707865168539325,77.75,41.06741573033708,148.59375
KA03AN1958,intellicar-KA03AN1958-2026-05-01_2026-07-01.csv,2026-06-07 04:24:10,2026-06-07 04:52:10,0.4666666666666667,84081.7109375,69.0,64.0,5.0,10.28125,22.988372093023255,68.75,41.98837209302326,205.625
KA03AN1958,intellicar-KA03AN1958-2026-05-01_2026-07-01.csv,2026-06-08 06:34:17,2026-06-08 07:27:47,0.8916666666666667,84293.9765625,33.0,25.0,8.0,16.3125,34.56089743589744,79.375,40.02564102564103,203.90625
KA03AN1958,intellicar-KA03AN1958-2026-05-01_2026-07-01.csv,2026-06-08 15:37:20,2026-06-08 15:55:20,0.3,84397.921875,43.0,38.0,5.0,7.6640625,26.846698113207548,60.625,43.113207547169814,153.28125
KA03AN1958,intellicar-KA03AN1958-2026-05-01_2026-07-01.csv,2026-06-08 18:23:20,2026-06-08 18:49:20,0.43333333333333335,84440.828125,93.0,88.0,5.0,6.625,19.0421875,87.375,41.4125,132.5
KA03AN1958,intellicar-KA03AN1958-2026-05-01_2026-07-01.csv,2026-06-10 05:40:28,2026-06-10 05:52:28,0.2,84767.1875,21.0,16.0,5.0,5.9921875,29.48263888888889,77.375,41.77777777777778,119.84375
KA03AN1958,intellicar-KA03AN1958-2026-05-01_2026-07-01.csv,2026-06-10 06:04:28,2026-06-10 06:12:28,0.13333333333333333,84783.0390625,11.0,6.0,5.0,5.171875,41.75,60.125,43.0,103.4375
KA03AN1958,intellicar-KA03AN1958-2026-05-01_2026-07-01.csv,2026-06-10 23:22:33,2026-06-10 23:45:33,0.38333333333333336,85021.140625,43.0,38.0,5.0,9.265625,36.025,88.625,39.6,185.3125
KA03AN1958,intellicar-KA03AN1958-2026-05-01_2026-07-01.csv,2026-06-11 11:13:06,2026-06-11 11:21:06,0.13333333333333333,85151.203125,89.0,84.0,5.0,8.8125,64.775,88.375,44.0,176.25
KA03AN1958,intellicar-KA03AN1958-2026-05-01_2026-07-01.csv,2026-06-11 11:57:06,2026-06-11 12:39:06,0.7,85179.4140625,76.0,71.0,5.0,5.671875,9.578740157480315,49.25,45.0,113.43749999999999
KA03AN1958,intellicar-KA03AN1958-2026-05-01_2026-07-01.csv,2026-06-13 03:53:15,2026-06-13 04:05:15,0.2,85388.578125,31.0,26.0,5.0,9.7421875,48.8515625,90.875,37.0,194.84375
KA03AN1958,intellicar-KA03AN1958-2026-05-01_2026-07-01.csv,2026-06-13 06:10:46,2026-06-13 06:44:46,0.5666666666666667,85406.2265625,93.0,88.0,5.0,8.71875,11.60479797979798,80.25,42.0,174.375
KA03AN1958,intellicar-KA03AN1958-2026-05-01_2026-07-01.csv,2026-06-13 09:00:16,2026-06-13 09:12:17,0.20027777777777778,85472.6484375,58.0,53.0,5.0,4.9375,27.96969696969697,73.5,43.0,98.75
KA03AN1958,intellicar-KA03AN1958-2026-05-01_2026-07-01.csv,2026-06-13 16:23:19,2026-06-13 17:15:19,0.8666666666666667,85537.6796875,81.0,76.0,5.0,9.046875,20.267241379310345,60.75,40.632183908045974,180.9375
KA03AN1958,intellicar-KA03AN1958-2026-05-01_2026-07-01.csv,2026-06-15 19:34:02,2026-06-15 19:52:02,0.3,85787.2109375,76.0,71.0,5.0,8.21875,27.802884615384617,83.625,43.0,164.375
KA03AN1958,intellicar-KA03AN1958-2026-05-01_2026-07-01.csv,2026-06-15 19:52:02,2026-06-15 20:04:02,0.2,85794.96875,72.0,67.0,5.0,7.7421875,36.24305555555556,65.75,42.97222222222222,154.84375
KA03AN1958,intellicar-KA03AN1958-2026-05-01_2026-07-01.csv,2026-06-16 08:18:34,2026-06-16 08:24:34,0.1,85943.84375,89.0,84.0,5.0,7.8046875,76.54861111111111,90.125,44.333333333333336,156.09375
KA03AN1958,intellicar-KA03AN1958-2026-05-01_2026-07-01.csv,2026-06-16 14:27:36,2026-06-16 14:42:06,0.24166666666666667,86045.015625,80.0,75.0,5.0,6.34375,25.41025641025641,75.75,44.0,126.875
KA03AN1958,intellicar-KA03AN1958-2026-05-01_2026-07-01.csv,2026-06-17 02:59:08,2026-06-17 03:17:08,0.3,86075.5859375,64.0,59.0,5.0,6.234375,23.756818181818183,67.5,38.0,124.6875
KA03AN1958,intellicar-KA03AN1958-2026-05-01_2026-07-01.csv,2026-06-17 12:59:43,2026-06-17 13:17:43,0.3,86235.5078125,46.0,41.0,5.0,9.734375,35.950471698113205,89.25,48.0,194.6875
KA03AN1958,intellicar-KA03AN1958-2026-05-01_2026-07-01.csv,2026-06-18 11:51:49,2026-06-18 12:23:20,0.5252777777777777,86434.96875,74.0,69.0,5.0,9.3046875,18.22,51.125,43.0,186.09375
KA03AN1958,intellicar-KA03AN1958-2026-05-01_2026-07-01.csv,2026-06-18 14:52:50,2026-06-18 15:10:50,0.3,86507.5703125,80.0,75.0,5.0,6.7890625,28.278508771929825,82.125,43.0,135.78125
KA03AN1958,intellicar-KA03AN1958-2026-05-01_2026-07-01.csv,2026-06-18 15:32:50,2026-06-18 16:08:51,0.6002777777777778,86520.1015625,73.0,67.0,6.0,7.2734375,13.95340909090909,54.5,42.0,121.22395833333333
KA03AN1958,intellicar-KA03AN1958-2026-05-01_2026-07-01.csv,2026-06-19 02:09:23,2026-06-19 02:31:23,0.36666666666666664,86607.7578125,94.0,88.0,6.0,12.2578125,39.435546875,77.125,37.5,204.296875
KA03AN1958,intellicar-KA03AN1958-2026-05-01_2026-07-01.csv,2026-06-27 04:49:22,2026-06-27 05:25:22,0.6,87526.8828125,37.0,31.0,6.0,7.859375,15.048349056603774,48.75,39.33018867924528,130.98958333333331
KA03AN1958,intellicar-KA03AN1958-2026-05-01_2026-07-01.csv,2026-06-27 08:13:23,2026-06-27 08:37:24,0.4002777777777778,87559.234375,92.0,86.0,6.0,6.7421875,16.65892857142857,75.375,44.0,112.36979166666667
KA03AN1958,intellicar-KA03AN1958-2026-05-01_2026-07-01.csv,2026-06-27 12:19:25,2026-06-27 13:23:25,1.0666666666666667,87602.7890625,67.0,61.0,6.0,9.2734375,11.173245614035087,57.625,44.22222222222222,154.55729166666669
KA03AN1958,intellicar-KA03AN1958-2026-05-01_2026-07-01.csv,2026-06-27 16:54:57,2026-06-27 17:22:57,0.4666666666666667,87645.4453125,42.0,37.0,5.0,7.953125,18.647590361445783,55.125,42.0,159.0625
KA03AN1958,intellicar-KA03AN1958-2026-05-01_2026-07-01.csv,2026-06-28 06:03:30,2026-06-28 06:23:30,0.3333333333333333,87756.609375,62.0,57.0,5.0,5.859375,18.622844827586206,56.0,40.0,117.1875
KA03AN1958,intellicar-KA03AN1958-2026-05-01_2026-07-01.csv,2026-06-28 07:15:30,2026-06-28 07:37:30,0.36666666666666664,87778.40625,51.0,46.0,5.0,7.0703125,21.929924242424242,52.875,41.59090909090909,141.40625
KA03AN1958,intellicar-KA03AN1958-2026-05-01_2026-07-01.csv,2026-06-28 13:26:02,2026-06-28 13:50:02,0.4,87850.9921875,84.0,78.0,6.0,10.3984375,30.321666666666665,62.375,42.0,173.30729166666669
KA03AN1958,intellicar-KA03AN1958-2026-05-01_2026-07-01.csv,2026-06-28 13:50:02,2026-06-28 14:18:02,0.4666666666666667,87861.3359375,79.0,74.0,5.0,7.15625,15.661585365853659,44.625,42.0,143.125
KA03AN1958,intellicar-KA03AN1958-2026-05-01_2026-07-01.csv,2026-06-28 18:44:04,2026-06-28 19:42:34,0.975,87927.515625,94.0,89.0,5.0,6.546875,9.303418803418804,56.625,39.70940170940171,130.9375
KA03AN1958,intellicar-KA03AN1958-2026-05-01_2026-07-01.csv,2026-06-29 09:51:38,2026-06-29 10:37:09,0.7586111111111111,88085.0234375,83.0,77.0,6.0,8.46875,11.544384057971014,48.5,45.0,141.14583333333331
KA03AN1958,intellicar-KA03AN1958-2026-05-01_2026-07-01.csv,2026-06-30 13:13:47,2026-06-30 16:12:48,2.983611111111111,88148.21875,91.0,0.0,91.0,3.7109375,12.315677966101696,73.0,37.898305084745765,4.0779532967032965
KA03AN1958,intellicar-KA03AN1958-2026-05-01_2026-07-01.csv,2026-06-30 18:38:49,2026-06-30 18:58:49,0.3333333333333333,88196.5625,63.0,58.0,5.0,5.2109375,16.421610169491526,53.25,38.0,104.21875
KA03AN1959,intellicar-KA03AN1959-2026-07-01_2026-08-01.csv,2026-07-01 03:22:50,2026-07-01 03:34:50,0.2,96395.6484375,41.0,35.0,6.0,6.2578125,26.15234375,76.625,36.84375,104.296875
KA03AN1959,intellicar-KA03AN1959-2026-07-01_2026-08-01.csv,2026-07-01 15:14:24,2026-07-01 15:24:24,0.16666666666666666,96554.0078125,91.0,86.0,5.0,4.9921875,34.657407407407405,85.625,43.0,99.84375
KA03AN1959,intellicar-KA03AN1959-2026-07-01_2026-08-01.csv,2026-07-01 16:10:24,2026-07-01 16:26:24,0.26666666666666666,96587.125,70.0,65.0,5.0,5.2265625,20.107142857142858,47.125,42.46938775510204,104.53125000000001
KA03AN1959,intellicar-KA03AN1959-2026-07-01_2026-08-01.csv,2026-07-03 05:11:36,2026-07-03 05:19:36,0.13333333333333333,96858.046875,17.0,12.0,5.0,3.8984375,31.21759259259259,89.125,41.96296296296296,77.96875
KA03AN1959,intellicar-KA03AN1959-2026-07-01_2026-08-01.csv,2026-07-03 19:58:12,2026-07-03 20:12:12,0.23333333333333334,96950.890625,59.0,54.0,5.0,6.5234375,31.041666666666668,71.25,40.73809523809524,130.46875
KA03AN1959,intellicar-KA03AN1959-2026-07-01_2026-08-01.csv,2026-07-06 06:47:31,2026-07-06 06:53:31,0.1,97555.5390625,56.0,51.0,5.0,5.2890625,51.173611111111114,82.875,42.0,105.78125
KA03AN1959,intellicar-KA03AN1959-2026-07-01_2026-08-01.csv,2026-07-06 07:19:31,2026-07-06 07:33:31,0.23333333333333334,97578.359375,37.0,32.0,5.0,5.7109375,24.014880952380953,81.5,44.404761904761905,114.21874999999999
KA03AN1959,intellicar-KA03AN1959-2026-07-01_2026-08-01.csv,2026-07-06 09:33:02,2026-07-06 09:37:02,0.06666666666666667,97590.1875,97.0,92.0,5.0,5.5078125,69.02777777777777,82.75,43.0,110.15625
KA03AN1959,intellicar-KA03AN1959-2026-07-01_2026-08-01.csv,2026-07-06 13:53:04,2026-07-06 14:35:04,0.7,97689.2421875,34.0,29.0,5.0,6.484375,9.464423076923078,54.0,43.0,129.6875
KA03AN1959,intellicar-KA03AN1959-2026-07-01_2026-08-01.csv,2026-07-07 02:46:37,2026-07-07 02:58:37,0.2,97729.921875,77.0,72.0,5.0,5.75,27.3671875,67.875,37.0,114.99999999999999
KA03AN1959,intellicar-KA03AN1959-2026-07-01_2026-08-01.csv,2026-07-07 07:31:08,2026-07-07 07:39:08,0.13333333333333333,97810.046875,80.0,75.0,5.0,5.953125,46.21590909090909,85.875,43.0,119.0625
KA03AN1959,intellicar-KA03AN1959-2026-07-01_2026-08-01.csv,2026-07-07 08:14:38,2026-07-07 08:38:39,0.4002777777777778,97825.1171875,69.0,63.0,6.0,7.7109375,20.670774647887324,55.625,44.0,128.515625
KA03AN1959,intellicar-KA03AN1959-2026-07-01_2026-08-01.csv,2026-07-07 12:02:40,2026-07-07 12:08:40,0.1,97891.5859375,26.0,21.0,5.0,5.2109375,34.973214285714285,83.625,44.642857142857146,104.21875
KA03AN1959,intellicar-KA03AN1959-2026-07-01_2026-08-01.csv,2026-07-08 11:47:46,2026-07-08 12:25:46,0.6333333333333333,98071.8984375,62.0,57.0,5.0,7.09375,11.70405982905983,41.875,43.02564102564103,141.875
KA03AN1959,intellicar-KA03AN1959-2026-07-01_2026-08-01.csv,2026-07-10 05:56:26,2026-07-10 06:02:26,0.1,98273.734375,45.0,40.0,5.0,7.609375,73.15277777777777,88.375,39.0,152.1875
KA03AN1959,intellicar-KA03AN1959-2026-07-01_2026-08-01.csv,2026-07-10 06:10:26,2026-07-10 06:26:26,0.26666666666666666,98288.2265625,37.0,31.0,6.0,9.8984375,35.79567307692308,89.75,40.01923076923077,164.97395833333331
KA03AN1959,intellicar-KA03AN1959-2026-07-01_2026-08-01.csv,2026-07-12 10:43:38,2026-07-12 11:11:39,0.46694444444444444,98629.28125,45.0,39.0,6.0,7.453125,17.288690476190474,61.75,45.29761904761905,124.21875
KA03AN1959,intellicar-KA03AN1959-2026-07-01_2026-08-01.csv,2026-07-21 08:31:08,2026-07-21 08:47:08,0.26666666666666666,98828.734375,47.0,42.0,5.0,5.890625,22.733333333333334,57.0,40.0,117.81250000000001
KA03AN1959,intellicar-KA03AN1959-2026-07-01_2026-08-01.csv,2026-07-21 08:53:08,2026-07-21 09:03:08,0.16666666666666666,98838.046875,41.0,35.0,6.0,10.75,66.75462962962963,83.625,40.666666666666664,179.16666666666669
KA03AN1959,intellicar-KA03AN1959-2026-07-01_2026-08-01.csv,2026-07-22 07:16:14,2026-07-22 07:38:15,0.36694444444444446,99167.9921875,94.0,89.0,5.0,7.09375,20.948863636363637,57.25,43.015151515151516,141.875
KA03AN1959,intellicar-KA03AN1959-2026-07-01_2026-08-01.csv,2026-07-22 08:52:15,2026-07-22 09:06:15,0.23333333333333334,99190.6484375,80.0,75.0,5.0,6.6171875,33.307065217391305,54.375,43.43478260869565,132.34375
KA03AN1959,intellicar-KA03AN1959-2026-07-01_2026-08-01.csv,2026-07-22 09:06:15,2026-07-22 09:27:49,0.35944444444444446,99197.15625,76.0,71.0,5.0,6.21875,14.884920634920634,53.375,43.77777777777778,124.37499999999999
KA03AN1959,intellicar-KA03AN1959-2026-07-01_2026-08-01.csv,2026-07-22 18:34:49,2026-07-22 18:50:49,0.26666666666666666,99342.1484375,99.0,93.0,6.0,9.1640625,35.06117021276596,61.5,41.191489361702125,152.734375
KA03AN1959,intellicar-KA03AN1959-2026-07-01_2026-08-01.csv,2026-07-23 07:10:22,2026-07-23 07:22:22,0.2,99437.5546875,74.0,69.0,5.0,7.96875,42.36842105263158,74.875,45.0,159.375
KA03AN1959,intellicar-KA03AN1959-2026-07-01_2026-08-01.csv,2026-07-23 14:03:54,2026-07-23 14:23:54,0.3333333333333333,99535.6328125,81.0,76.0,5.0,8.7421875,28.2172131147541,74.625,44.0,174.84375
KA03AN1959,intellicar-KA03AN1959-2026-07-01_2026-08-01.csv,2026-07-24 09:51:00,2026-07-24 10:03:00,0.2,99780.0859375,29.0,24.0,5.0,8.8046875,46.795138888888886,68.25,44.75,176.09375
KA03AN1959,intellicar-KA03AN1959-2026-07-01_2026-08-01.csv,2026-07-24 20:06:34,2026-07-24 20:32:34,0.43333333333333335,99914.71875,59.0,54.0,5.0,9.0859375,21.426948051948052,55.625,40.064935064935064,181.71875
KA03AN1959,intellicar-KA03AN1959-2026-07-01_2026-08-01.csv,2026-07-25 07:54:37,2026-07-25 08:42:37,0.8,100119.75,72.0,65.0,7.0,8.25,10.837412587412587,44.875,44.44755244755245,117.85714285714286
KA03AN1959,intellicar-KA03AN1959-2026-07-01_2026-08-01.csv,2026-07-25 17:55:40,2026-07-25 18:05:10,0.15833333333333333,100245.75,90.0,85.0,5.0,8.5,60.40948275862069,77.875,42.0,170.0
KA03AN1959,intellicar-KA03AN1959-2026-07-01_2026-08-01.csv,2026-07-25 18:05:10,2026-07-25 18:41:11,0.6002777777777778,100254.0390625,86.0,81.0,5.0,8.7578125,16.340401785714285,66.25,41.86607142857143,175.15625
KA03AN1959,intellicar-KA03AN1959-2026-07-01_2026-08-01.csv,2026-07-25 18:57:11,2026-07-25 19:25:11,0.4666666666666667,100271.828125,78.0,73.0,5.0,7.125,16.020833333333332,50.0,41.0,142.5
KA03AN1959,intellicar-KA03AN1959-2026-07-01_2026-08-01.csv,2026-07-26 05:11:13,2026-07-26 05:23:13,0.2,100320.9375,51.0,46.0,5.0,7.640625,38.739583333333336,74.0,37.69444444444444,152.8125
KA03AN1959,intellicar-KA03AN1959-2026-07-01_2026-08-01.csv,2026-07-26 05:39:13,2026-07-26 05:53:13,0.23333333333333334,100337.328125,41.0,36.0,5.0,6.390625,28.37202380952381,88.125,39.595238095238095,127.8125
KA03AN1959,intellicar-KA03AN1959-2026-07-01_2026-08-01.csv,2026-07-26 08:23:44,2026-07-26 08:33:44,0.16666666666666666,100381.3125,75.0,70.0,5.0,5.796875,37.814655172413794,80.875,44.96551724137931,115.9375
KA03AN1959,intellicar-KA03AN1959-2026-07-01_2026-08-01.csv,2026-07-26 20:30:48,2026-07-26 20:46:48,0.26666666666666666,100545.953125,65.0,60.0,5.0,8.609375,32.00277777777778,61.25,40.0,172.1875
KA03AN1959,intellicar-KA03AN1959-2026-07-01_2026-08-01.csv,2026-07-27 16:40:23,2026-07-27 16:53:24,0.21694444444444444,100663.4140625,90.0,85.0,5.0,6.9140625,38.27916666666667,68.0,44.0,138.28125
KA03AN1959,intellicar-KA03AN1959-2026-07-01_2026-08-01.csv,2026-07-27 18:59:54,2026-07-27 19:29:54,0.5,100725.8046875,75.0,70.0,5.0,9.390625,19.668539325842698,50.25,43.258426966292134,187.8125
KA03AN1959,intellicar-KA03AN1959-2026-07-01_2026-08-01.csv,2026-07-28 00:58:56,2026-07-28 01:06:56,0.13333333333333333,100883.375,41.0,36.0,5.0,8.3828125,57.72727272727273,85.0,41.0,167.65625
KA03AN1959,intellicar-KA03AN1959-2026-07-01_2026-08-01.csv,2026-07-28 02:54:26,2026-07-28 03:12:26,0.3,100901.8125,95.0,89.0,6.0,11.40625,40.01225490196079,61.25,43.68627450980392,190.10416666666669
KA03AN1959,intellicar-KA03AN1959-2026-07-01_2026-08-01.csv,2026-07-28 15:03:00,2026-07-28 15:46:00,0.7166666666666667,101015.03125,92.0,87.0,5.0,7.625,19.898214285714285,57.5,42.785714285714285,152.5
KA03AN1959,intellicar-KA03AN1959-2026-07-01_2026-08-01.csv,2026-07-29 09:56:35,2026-07-29 10:24:35,0.4666666666666667,101264.015625,88.0,83.0,5.0,6.5078125,13.83641975308642,52.125,42.0,130.15625
KA03AN1959,intellicar-KA03AN1959-2026-07-01_2026-08-01.csv,2026-07-30 01:36:39,2026-07-30 01:46:09,0.15833333333333333,101415.40625,58.0,53.0,5.0,7.34375,45.861607142857146,63.875,36.785714285714285,146.875
KA03AN1959,intellicar-KA03AN1959-2026-07-01_2026-08-01.csv,2026-07-30 04:38:10,2026-07-30 05:02:10,0.4,101469.265625,94.0,88.0,6.0,11.71875,31.92808219178082,55.625,43.0,195.3125
KA03AN4698,intellicar-KA03AN4698-2026-05-01_2026-06-01.csv,2026-05-01 00:25:37,2026-05-01 02:06:07,1.675,68320.9453125,100.0,84.0,16.0,22.59375,16.537396121883656,53.75,38.26592797783933,141.2109375
KA03AN4698,intellicar-KA03AN4698-2026-05-01_2026-06-01.csv,2026-05-01 02:06:09,2026-05-01 05:42:10,3.600277777777778,68343.296875,85.0,50.0,35.0,52.9453125,23.704663212435232,86.5,39.24006908462867,151.27232142857144
KA03AN4698,intellicar-KA03AN4698-2026-05-01_2026-06-01.csv,2026-05-02 03:56:14,2026-05-02 08:12:17,4.2675,68535.9140625,84.0,29.0,55.0,69.9296875,20.413526434195724,85.375,44.35883014623172,127.14488636363637
KA03AN4698,intellicar-KA03AN4698-2026-05-01_2026-06-01.csv,2026-05-02 08:12:18,2026-05-02 08:24:48,0.20833333333333334,68605.25,30.0,23.0,7.0,9.7890625,49.83578431372549,84.75,48.372549019607845,139.84375
KA03AN4698,intellicar-KA03AN4698-2026-05-01_2026-06-01.csv,2026-05-02 08:25:16,2026-05-02 09:39:48,1.2422222222222221,68615.3515625,24.0,13.0,11.0,13.015625,18.214646464646464,83.5,47.80808080808081,118.32386363636364
KA03AN4698,intellicar-KA03AN4698-2026-05-01_2026-06-01.csv,2026-05-02 10:39:17,2026-05-02 11:23:19,0.7338888888888889,68628.3671875,90.0,76.0,14.0,17.53125,26.011173184357542,83.875,43.4804469273743,125.22321428571428
KA03AN4698,intellicar-KA03AN4698-2026-05-01_2026-06-01.csv,2026-05-02 11:23:19,2026-05-02 14:12:50,2.825277777777778,68645.2734375,77.0,34.0,43.0,68.5703125,32.62171052631579,88.25,47.63533834586466,159.46584302325581
KA03AN4698,intellicar-KA03AN4698-2026-05-01_2026-06-01.csv,2026-05-02 14:12:50,2026-05-02 15:19:50,1.1166666666666667,68713.78125,35.0,20.0,15.0,23.5390625,23.29646840148699,77.375,47.75836431226766,156.92708333333334
KA03AN4698,intellicar-KA03AN4698-2026-05-01_2026-06-01.csv,2026-05-02 17:38:49,2026-05-02 19:10:21,1.5255555555555556,68737.3203125,100.0,75.0,25.0,46.3203125,33.40743243243243,85.375,41.28108108108108,185.28125
KA03AN4698,intellicar-KA03AN4698-2026-05-01_2026-06-01.csv,2026-05-02 19:10:49,2026-05-02 22:21:51,3.1838888888888888,68783.8203125,76.0,52.0,24.0,25.6875,9.300133689839573,69.125,41.90909090909091,107.03125
KA03AN4698,intellicar-KA03AN4698-2026-05-01_2026-06-01.csv,2026-05-02 23:57:50,2026-05-03 05:03:25,5.093055555555556,68809.5078125,100.0,44.0,56.0,86.3125,22.961,84.375,41.114,154.12946428571428
KA03AN4698,intellicar-KA03AN4698-2026-05-01_2026-06-01.csv,2026-05-03 07:47:52,2026-05-03 13:27:27,5.659722222222222,68895.8203125,100.0,16.0,84.0,122.9140625,23.817793462109954,86.75,47.50520059435364,146.32626488095238
KA03AN4698,intellicar-KA03AN4698-2026-05-01_2026-06-01.csv,2026-05-03 14:30:54,2026-05-03 14:57:24,0.44166666666666665,69018.734375,96.0,87.0,9.0,13.5703125,33.1892523364486,80.625,44.0,150.78125
KA03AN4698,intellicar-KA03AN4698-2026-05-01_2026-06-01.csv,2026-05-03 14:58:24,2026-05-03 17:02:57,2.075833333333333,69032.890625,88.0,64.0,24.0,38.578125,21.873917748917748,82.125,44.913419913419915,160.7421875
KA03AN4698,intellicar-KA03AN4698-2026-05-01_2026-06-01.csv,2026-05-05 07:58:06,2026-05-05 09:59:07,2.0169444444444444,69124.7109375,53.0,35.0,18.0,21.328125,13.036057692307692,68.625,45.74038461538461,118.48958333333333
KA03AN4698,intellicar-KA03AN4698-2026-05-01_2026-06-01.csv,2026-05-05 09:59:07,2026-05-05 11:43:07,1.7333333333333334,69145.8046875,36.0,19.0,17.0,23.1328125,14.83744131455399,59.75,47.91549295774648,136.07536764705884
KA03AN4698,intellicar-KA03AN4698-2026-05-01_2026-06-01.csv,2026-05-06 00:18:41,2026-05-06 01:06:11,0.7916666666666666,69180.578125,91.0,77.0,14.0,28.75,39.369791666666664,84.5,38.270833333333336,205.35714285714283
KA03AN4698,intellicar-KA03AN4698-2026-05-01_2026-06-01.csv,2026-05-06 02:18:41,2026-05-06 07:16:13,4.958888888888889,69209.375,100.0,61.0,39.0,56.640625,19.875,88.875,42.925333333333334,145.2323717948718
KA03AN4698,intellicar-KA03AN4698-2026-05-01_2026-06-01.csv,2026-05-06 07:16:43,2026-05-06 09:16:44,2.000277777777778,69266.1953125,62.0,34.0,28.0,34.4296875,18.72317813765182,84.25,47.012145748987855,122.96316964285714
KA03AN4698,intellicar-KA03AN4698-2026-05-01_2026-06-01.csv,2026-05-06 09:17:14,2026-05-06 10:18:44,1.025,69301.203125,35.0,18.0,17.0,27.3359375,37.036989795918366,86.5,47.52040816326531,160.79963235294116
KA03AN4698,intellicar-KA03AN4698-2026-05-01_2026-06-01.csv,2026-05-06 11:35:15,2026-05-06 16:57:47,5.375555555555556,69328.546875,100.0,49.0,51.0,80.7109375,17.743333333333332,79.75,40.791666666666664,158.25674019607843
KA03AN4698,intellicar-KA03AN4698-2026-05-01_2026-06-01.csv,2026-05-07 12:57:23,2026-05-07 13:39:24,0.7002777777777778,69506.75,100.0,94.0,6.0,4.765625,8.93576388888889,47.875,43.0,79.42708333333334
KA03AN4698,intellicar-KA03AN4698-2026-05-01_2026-06-01.csv,2026-05-07 13:39:24,2026-05-07 15:41:25,2.033611111111111,69511.4140625,95.0,74.0,21.0,32.5390625,24.168848167539267,80.625,43.617801047120416,154.94791666666669
KA03AN4698,intellicar-KA03AN4698-2026-05-01_2026-06-01.csv,2026-05-07 15:46:25,2026-05-07 16:45:55,0.9916666666666667,69546.625,74.0,58.0,16.0,30.6328125,33.5125,75.0,44.63333333333333,191.455078125
KA03AN4698,intellicar-KA03AN4698-2026-05-01_2026-06-01.csv,2026-05-07 16:46:25,2026-05-07 18:37:26,1.8502777777777777,69577.4765625,59.0,34.0,25.0,45.34375,27.318233944954127,82.75,43.940366972477065,181.375
KA03AN4698,intellicar-KA03AN4698-2026-05-01_2026-06-01.csv,2026-05-07 19:31:26,2026-05-07 19:54:26,0.38333333333333336,69622.8203125,90.0,83.0,7.0,11.578125,39.96474358974359,81.5,44.58974358974359,165.40178571428572
KA03AN4698,intellicar-KA03AN4698-2026-05-01_2026-06-01.csv,2026-05-07 19:54:56,2026-05-07 22:58:57,3.0669444444444443,69634.84375,84.0,45.0,39.0,76.359375,31.597044728434504,86.375,43.07987220447284,195.79326923076923
KA03AN4698,intellicar-KA03AN4698-2026-05-01_2026-06-01.csv,2026-05-08 12:40:01,2026-05-08 13:46:01,1.1,69767.3203125,62.0,49.0,13.0,16.5546875,16.764814814814816,76.75,46.0,127.34375
KA03AN4698,intellicar-KA03AN4698-2026-05-01_2026-06-01.csv,2026-05-08 13:46:31,2026-05-08 16:32:03,2.758888888888889,69784.0625,50.0,20.0,30.0,35.6640625,15.257969798657719,61.0,46.16107382550336,118.88020833333333
KA03AN4698,intellicar-KA03AN4698-2026-05-01_2026-06-01.csv,2026-05-09 00:07:35,2026-05-09 00:27:05,0.325,69830.640625,93.0,84.0,9.0,17.921875,56.5875,84.5,39.275,199.13194444444443
KA03AN4698,intellicar-KA03AN4698-2026-05-01_2026-06-01.csv,2026-05-09 20:10:13,2026-05-09 21:05:13,0.9166666666666666,70057.9609375,33.0,23.0,10.0,15.6796875,19.939252336448597,55.25,40.0,156.796875
KA03AN4698,intellicar-KA03AN4698-2026-05-01_2026-06-01.csv,2026-05-09 21:05:43,2026-05-10 02:38:44,5.550277777777778,70073.9453125,24.0,17.0,7.0,10.421875,23.01923076923077,61.625,40.184615384615384,148.88392857142858
KA03AN4698,intellicar-KA03AN4698-2026-05-01_2026-06-01.csv,2026-05-10 23:38:21,2026-05-11 00:05:52,0.45861111111111114,70156.8671875,78.0,72.0,6.0,9.4453125,22.39903846153846,78.75,40.0,157.421875
KA03AN4698,intellicar-KA03AN4698-2026-05-01_2026-06-01.csv,2026-05-11 00:38:22,2026-05-11 02:41:52,2.058333333333333,70166.328125,100.0,83.0,17.0,29.5,45.833333333333336,85.0,42.333333333333336,173.52941176470588
KA03AN4698,intellicar-KA03AN4698-2026-05-01_2026-06-01.csv,2026-05-11 02:42:22,2026-05-11 03:16:52,0.575,70196.1953125,84.0,75.0,9.0,13.6796875,25.9,61.25,42.957142857142856,151.99652777777777
KA03AN4698,intellicar-KA03AN4698-2026-05-01_2026-06-01.csv,2026-05-11 09:21:55,2026-05-11 10:40:55,1.3166666666666667,70272.78125,25.0,13.0,12.0,12.484375,17.810439560439562,55.625,47.142857142857146,104.03645833333333
KA03AN4698,intellicar-KA03AN4698-2026-05-01_2026-06-01.csv,2026-05-11 12:13:56,2026-05-11 15:58:27,3.7419444444444445,70285.265625,97.0,63.0,34.0,58.21875,26.180222602739725,83.875,43.602739726027394,171.23161764705884
KA03AN4698,intellicar-KA03AN4698-2026-05-01_2026-06-01.csv,2026-05-11 15:58:57,2026-05-11 17:37:28,1.6419444444444444,70344.0390625,64.0,53.0,11.0,15.2578125,14.485507246376812,72.625,44.94927536231884,138.70738636363635
KA03AN4698,intellicar-KA03AN4698-2026-05-01_2026-06-01.csv,2026-05-11 18:24:28,2026-05-11 23:00:29,4.6002777777777775,70359.296875,100.0,81.0,19.0,32.640625,38.96643518518518,85.0,42.05555555555556,171.79276315789474
KA03AN4698,intellicar-KA03AN4698-2026-05-01_2026-06-01.csv,2026-05-12 10:38:33,2026-05-12 11:42:35,1.0672222222222223,70522.015625,100.0,83.0,17.0,23.7265625,24.200961538461538,76.25,45.03076923076923,139.56801470588235
KA03AN4698,intellicar-KA03AN4698-2026-05-01_2026-06-01.csv,2026-05-12 11:43:03,2026-05-12 13:03:06,1.3341666666666667,70546.1171875,84.0,65.0,19.0,28.2890625,24.933277027027028,78.125,48.0,148.88980263157893
KA03AN4698,intellicar-KA03AN4698-2026-05-01_2026-06-01.csv,2026-05-12 13:45:34,2026-05-12 14:10:36,0.4172222222222222,70574.7421875,100.0,91.0,9.0,13.5703125,35.98039215686274,78.625,41.23529411764706,150.78125
KA03AN4698,intellicar-KA03AN4698-2026-05-01_2026-06-01.csv,2026-05-12 14:15:07,2026-05-12 14:32:04,0.2825,70591.09375,91.0,84.0,7.0,14.6875,56.575,79.125,42.0,209.82142857142856
KA03AN4698,intellicar-KA03AN4698-2026-05-01_2026-06-01.csv,2026-05-12 14:32:34,2026-05-12 15:31:05,0.9752777777777778,70606.28125,85.0,76.0,9.0,13.6015625,17.27764423076923,54.875,42.97115384615385,151.12847222222223
KA03AN4698,intellicar-KA03AN4698-2026-05-01_2026-06-01.csv,2026-05-12 15:31:35,2026-05-12 18:07:36,2.600277777777778,70620.0234375,77.0,49.0,28.0,45.578125,18.839570063694268,76.625,44.63375796178344,162.77901785714286
KA03AN4698,intellicar-KA03AN4698-2026-05-01_2026-06-01.csv,2026-05-12 18:08:06,2026-05-12 19:04:36,0.9416666666666667,70666.0,50.0,42.0,8.0,13.328125,18.574742268041238,79.0,44.0,166.6015625
KA03AN4698,intellicar-KA03AN4698-2026-05-01_2026-06-01.csv,2026-05-13 02:22:38,2026-05-13 02:34:38,0.2,70703.078125,87.0,82.0,5.0,6.5546875,35.91,69.875,42.0,131.09375
KA03AN4698,intellicar-KA03AN4698-2026-05-01_2026-06-01.csv,2026-05-13 02:41:08,2026-05-13 06:16:40,3.5922222222222224,70713.7421875,81.0,46.0,35.0,40.9375,13.092732558139534,77.25,43.990697674418605,116.96428571428572
KA03AN4698,intellicar-KA03AN4698-2026-05-01_2026-06-01.csv,2026-05-14 02:35:47,2026-05-14 04:10:17,1.575,70833.53125,80.0,75.0,5.0,6.6875,15.24561403508772,71.25,40.0,133.75
KA03AN4698,intellicar-KA03AN4698-2026-05-01_2026-06-01.csv,2026-05-14 04:31:17,2026-05-14 05:26:18,0.9169444444444445,70840.21875,98.0,92.0,6.0,5.359375,11.186567164179104,81.0,42.97014925373134,89.32291666666666
KA03AN4698,intellicar-KA03AN4698-2026-05-01_2026-06-01.csv,2026-05-14 05:26:48,2026-05-14 06:55:18,1.475,70845.890625,93.0,69.0,24.0,40.453125,29.60814606741573,86.875,45.70786516853933,168.5546875
KA03AN4698,intellicar-KA03AN4698-2026-05-01_2026-06-01.csv,2026-05-14 06:55:48,2026-05-14 07:08:18,0.20833333333333334,70886.578125,70.0,64.0,6.0,8.25,43.98557692307692,84.5,48.30769230769231,137.5
KA03AN4698,intellicar-KA03AN4698-2026-05-01_2026-06-01.csv,2026-05-14 07:08:48,2026-05-14 09:14:49,2.100277777777778,70895.3515625,65.0,41.0,24.0,28.4296875,15.124507874015748,85.875,47.90157480314961,118.45703125
KA03AN4698,intellicar-KA03AN4698-2026-05-01_2026-06-01.csv,2026-05-14 09:15:19,2026-05-14 10:17:50,1.0419444444444443,70924.0546875,42.0,22.0,20.0,36.5078125,38.53528225806452,88.0,47.935483870967744,182.5390625
KA03AN4698,intellicar-KA03AN4698-2026-05-01_2026-06-01.csv,2026-05-15 03:17:55,2026-05-15 05:18:26,2.008611111111111,71079.875,100.0,72.0,28.0,42.46875,33.14558823529412,88.0,43.72941176470588,151.67410714285714
KA03AN4698,intellicar-KA03AN4698-2026-05-01_2026-06-01.csv,2026-05-15 05:18:56,2026-05-15 05:38:26,0.325,71122.53125,73.0,67.0,6.0,8.8828125,29.965625,84.125,45.725,148.046875
KA03AN4698,intellicar-KA03AN4698-2026-05-01_2026-06-01.csv,2026-05-15 06:09:56,2026-05-15 09:44:27,3.575277777777778,71131.4140625,100.0,70.0,30.0,50.359375,23.86141304347826,84.0,44.04347826086956,167.86458333333334
KA03AN4698,intellicar-KA03AN4698-2026-05-01_2026-06-01.csv,2026-05-15 09:44:57,2026-05-15 11:50:58,2.100277777777778,71182.046875,71.0,56.0,15.0,17.78125,10.079891304347827,50.75,47.11304347826087,118.54166666666666
KA03AN4698,intellicar-KA03AN4698-2026-05-01_2026-06-01.csv,2026-05-16 17:40:08,2026-05-16 19:01:09,1.3502777777777777,71295.109375,100.0,76.0,24.0,38.078125,35.60992907801418,88.5,41.695035460992905,158.65885416666669
KA03AN4698,intellicar-KA03AN4698-2026-05-01_2026-06-01.csv,2026-05-16 19:01:39,2026-05-16 23:40:10,4.641944444444444,71333.34375,77.0,21.0,56.0,103.578125,25.755248091603054,82.125,41.75954198473283,184.9609375
KA03AN4698,intellicar-KA03AN4698-2026-05-01_2026-06-01.csv,2026-05-18 00:32:18,2026-05-18 02:32:18,2.0,71651.734375,52.0,31.0,21.0,39.5078125,28.19836956521739,86.5,39.17391304347826,188.13244047619045
KA03AN4698,intellicar-KA03AN4698-2026-05-01_2026-06-01.csv,2026-05-18 03:27:48,2026-05-18 04:12:19,0.7419444444444444,71694.9765625,45.0,38.0,7.0,8.71875,15.01764705882353,84.375,41.83529411764706,124.55357142857142
KA03AN4698,intellicar-KA03AN4698-2026-05-01_2026-06-01.csv,2026-05-18 05:03:49,2026-05-18 07:00:50,1.9502777777777778,71703.6953125,98.0,70.0,28.0,40.5,25.24182242990654,85.5,45.64018691588785,144.64285714285714
KA03AN4698,intellicar-KA03AN4698-2026-05-01_2026-06-01.csv,2026-05-18 07:01:20,2026-05-18 09:20:51,2.325277777777778,71744.5859375,71.0,38.0,33.0,39.53125,18.262544802867385,85.5,47.541218637992834,119.79166666666667
KA03AN4698,intellicar-KA03AN4698-2026-05-01_2026-06-01.csv,2026-05-18 09:20:51,2026-05-18 11:14:52,1.9002777777777777,71783.46875,39.0,22.0,17.0,25.8984375,28.085743801652892,87.5,47.64462809917355,152.34375
KA03AN4698,intellicar-KA03AN4698-2026-05-01_2026-06-01.csv,2026-05-18 12:42:55,2026-05-18 17:27:54,4.749722222222222,71809.3671875,100.0,60.0,40.0,63.6171875,16.27286282306163,75.0,40.208747514910534,159.04296875
KA03AN4698,intellicar-KA03AN4698-2026-05-01_2026-06-01.csv,2026-05-20 00:07:32,2026-05-20 01:41:33,1.5669444444444445,72063.4609375,38.0,24.0,14.0,27.1796875,35.95668316831683,86.875,39.43564356435643,194.140625
KA03AN4698,intellicar-KA03AN4698-2026-05-01_2026-06-01.csv,2026-05-20 03:02:03,2026-05-20 04:26:04,1.4002777777777777,72090.65625,100.0,75.0,25.0,39.5546875,34.23108552631579,89.0,43.73026315789474,158.21875
KA03AN4698,intellicar-KA03AN4698-2026-05-01_2026-06-01.csv,2026-05-20 04:26:04,2026-05-20 08:02:35,3.608611111111111,72129.9609375,76.0,33.0,43.0,63.734375,18.795146726862303,86.75,45.401805869074494,148.21947674418604
KA03AN4698,intellicar-KA03AN4698-2026-05-01_2026-06-01.csv,2026-05-20 08:02:35,2026-05-20 10:16:36,2.233611111111111,72193.265625,34.0,10.0,24.0,33.3984375,22.3125,85.375,48.136842105263156,139.16015625
KA03AN4698,intellicar-KA03AN4698-2026-05-01_2026-06-01.csv,2026-05-20 11:37:06,2026-05-20 12:49:37,1.208611111111111,72226.6640625,100.0,86.0,14.0,22.4296875,26.990825688073393,81.5,43.027522935779814,160.21205357142858
KA03AN4698,intellicar-KA03AN4698-2026-05-01_2026-06-01.csv,2026-05-21 03:51:10,2026-05-21 06:11:41,2.3419444444444446,72319.578125,100.0,70.0,30.0,43.875,21.461574074074075,82.75,43.762962962962966,146.25
KA03AN4698,intellicar-KA03AN4698-2026-05-01_2026-06-01.csv,2026-05-21 06:12:11,2026-05-21 07:15:12,1.0502777777777779,72363.6796875,71.0,60.0,11.0,10.9296875,9.158519553072626,54.625,47.6927374301676,99.36079545454545
KA03AN4698,intellicar-KA03AN4698-2026-05-01_2026-06-01.csv,2026-05-21 07:15:12,2026-05-21 09:23:13,2.133611111111111,72374.4453125,61.0,37.0,24.0,24.359375,13.22704081632653,72.75,47.81224489795918,101.49739583333333
KA03AN4698,intellicar-KA03AN4698-2026-05-01_2026-06-01.csv,2026-05-21 09:23:42,2026-05-21 11:15:46,1.8677777777777778,72399.2578125,38.0,22.0,16.0,15.8515625,11.56,56.75,47.72,99.072265625
KA03AN4698,intellicar-KA03AN4698-2026-05-01_2026-06-01.csv,2026-05-22 00:08:47,2026-05-22 00:48:48,0.6669444444444445,72493.71875,43.0,32.0,11.0,16.359375,25.921296296296298,81.875,37.0,148.7215909090909
KA03AN4698,intellicar-KA03AN4698-2026-05-01_2026-06-01.csv,2026-05-22 00:49:18,2026-05-22 01:14:18,0.4166666666666667,72510.359375,33.0,21.0,12.0,22.671875,59.32107843137255,87.0,38.01960784313726,188.93229166666669
KA03AN4698,intellicar-KA03AN4698-2026-05-01_2026-06-01.csv,2026-05-22 03:29:18,2026-05-22 06:07:49,2.6419444444444444,72537.5234375,100.0,72.0,28.0,49.5703125,28.071195652173913,86.25,43.47391304347826,177.03683035714286
KA03AN4698,intellicar-KA03AN4698-2026-05-01_2026-06-01.csv,2026-05-22 06:08:19,2026-05-22 09:31:50,3.3919444444444444,72587.390625,73.0,24.0,49.0,74.796875,24.916454081632654,87.5,46.31122448979592,152.6466836734694
KA03AN4698,intellicar-KA03AN4698-2026-05-01_2026-06-01.csv,2026-05-22 09:32:20,2026-05-22 10:26:51,0.9086111111111111,72662.53125,25.0,18.0,7.0,8.140625,15.684426229508198,78.875,47.42622950819672,116.29464285714286
KA03AN4698,intellicar-KA03AN4698-2026-05-01_2026-06-01.csv,2026-05-22 11:45:21,2026-05-22 12:45:51,1.0083333333333333,72670.671875,100.0,94.0,6.0,8.0234375,27.076923076923077,78.625,41.0,133.72395833333331
KA03AN4698,intellicar-KA03AN4698-2026-05-01_2026-06-01.csv,2026-05-22 12:46:21,2026-05-22 16:13:23,3.4505555555555554,72679.0703125,95.0,56.0,39.0,64.5,22.53393351800554,78.875,42.850415512465375,165.3846153846154
KA03AN4698,intellicar-KA03AN4698-2026-05-01_2026-06-01.csv,2026-05-22 17:42:23,2026-05-22 18:30:54,0.8086111111111111,72743.6328125,100.0,93.0,7.0,10.625,26.05324074074074,73.125,43.0,151.78571428571428
KA03AN4698,intellicar-KA03AN4698-2026-05-01_2026-06-01.csv,2026-05-22 18:31:24,2026-05-22 19:28:54,0.9583333333333334,72754.5078125,94.0,75.0,19.0,36.7265625,40.50431034482759,76.125,43.0,193.29769736842107
KA03AN4698,intellicar-KA03AN4698-2026-05-01_2026-06-01.csv,2026-05-22 19:28:54,2026-05-23 00:00:55,4.533611111111111,72791.0078125,76.0,45.0,31.0,57.0390625,30.70449790794979,78.75,40.66945606694561,183.99697580645162
KA03AN4698,intellicar-KA03AN4698-2026-05-01_2026-06-01.csv,2026-05-23 02:19:55,2026-05-23 03:15:26,0.9252777777777778,72848.046875,100.0,95.0,5.0,6.8125,17.443877551020407,74.875,41.53061224489796,136.25
KA03AN4698,intellicar-KA03AN4698-2026-05-01_2026-06-01.csv,2026-05-23 03:15:56,2026-05-23 07:00:27,3.7419444444444445,72855.0078125,96.0,51.0,45.0,79.0234375,29.42007042253521,84.125,42.91267605633803,175.60763888888889
KA03AN4698,intellicar-KA03AN4698-2026-05-01_2026-06-01.csv,2026-05-23 07:31:57,2026-05-23 10:03:00,2.5175,72934.03125,81.0,51.0,30.0,42.53125,18.257761437908496,81.125,43.16339869281046,141.77083333333334
KA03AN4698,intellicar-KA03AN4698-2026-05-01_2026-06-01.csv,2026-05-23 10:03:58,2026-05-23 12:55:59,2.8669444444444445,72976.4765625,52.0,31.0,21.0,29.234375,10.627890173410405,60.0,43.62138728323699,139.21130952380955
KA03AN4698,intellicar-KA03AN4698-2026-05-01_2026-06-01.csv,2026-05-23 12:55:59,2026-05-23 14:08:29,1.2083333333333333,73005.703125,32.0,21.0,11.0,15.3046875,13.578345070422536,53.375,43.33098591549296,139.13352272727272
KA03AN4698,intellicar-KA03AN4698-2026-05-01_2026-06-01.csv,2026-05-24 02:59:32,2026-05-24 04:19:03,1.3252777777777778,73034.2421875,91.0,79.0,12.0,18.1640625,27.026685393258425,85.75,38.157303370786515,151.3671875
KA03AN4698,intellicar-KA03AN4698-2026-05-01_2026-06-01.csv,2026-05-24 04:30:33,2026-05-24 09:49:35,5.317222222222222,73056.15625,80.0,12.0,68.0,95.921875,22.418226381461675,88.0,44.67557932263814,141.06158088235296
KA03AN4698,intellicar-KA03AN4698-2026-05-01_2026-06-01.csv,2026-05-24 10:39:35,2026-05-24 11:46:35,1.1166666666666667,73152.09375,33.0,20.0,13.0,15.015625,14.218283582089553,76.375,42.93283582089552,115.5048076923077
KA03AN4698,intellicar-KA03AN4698-2026-05-01_2026-06-01.csv,2026-05-24 11:46:35,2026-05-24 12:29:06,0.7086111111111111,73166.578125,21.0,7.0,14.0,29.3671875,44.1875,82.75,45.651162790697676,209.765625
KA03AN4698,intellicar-KA03AN4698-2026-05-01_2026-06-01.csv,2026-05-24 14:06:06,2026-05-24 20:03:38,5.958888888888889,73195.96875,100.0,23.0,77.0,129.9765625,27.24366085578447,79.125,42.038034865293184,168.8007305194805
KA03AN4698,intellicar-KA03AN4698-2026-05-01_2026-06-01.csv,2026-05-24 21:59:38,2026-05-24 23:10:09,1.1752777777777779,73326.1796875,100.0,93.0,7.0,10.1875,23.427083333333332,75.5,40.28333333333333,145.53571428571428
KA03AN4698,intellicar-KA03AN4698-2026-05-01_2026-06-01.csv,2026-05-24 23:10:39,2026-05-25 01:34:39,2.4,73336.78125,94.0,52.0,42.0,76.65625,36.00437062937063,81.125,39.87412587412587,182.51488095238096
KA03AN4698,intellicar-KA03AN4698-2026-05-01_2026-06-01.csv,2026-05-25 03:42:09,2026-05-25 05:26:12,1.7341666666666666,73415.40625,100.0,75.0,25.0,44.8046875,36.10378787878788,88.125,43.42424242424242,179.21875
KA03AN4698,intellicar-KA03AN4698-2026-05-01_2026-06-01.csv,2026-05-25 05:26:42,2026-05-25 08:17:41,2.8497222222222223,73460.3984375,76.0,55.0,21.0,27.34375,17.092777777777776,66.625,46.013333333333335,130.20833333333331
KA03AN4698,intellicar-KA03AN4698-2026-05-01_2026-06-01.csv,2026-05-26 04:19:47,2026-05-26 05:02:47,0.7166666666666667,73524.1875,99.0,80.0,19.0,29.921875,49.285493827160494,87.375,43.77777777777778,157.48355263157893
KA03AN4698,intellicar-KA03AN4698-2026-05-01_2026-06-01.csv,2026-05-26 05:03:17,2026-05-26 07:37:48,2.575277777777778,73554.5859375,81.0,56.0,25.0,27.921875,12.244546979865772,63.75,46.96979865771812,111.6875
KA03AN4698,intellicar-KA03AN4698-2026-05-01_2026-06-01.csv,2026-05-26 07:38:18,2026-05-26 09:42:19,2.0669444444444443,73582.8125,57.0,32.0,25.0,37.0859375,22.808098591549296,85.875,47.91549295774648,148.34375
KA03AN4698,intellicar-KA03AN4698-2026-05-01_2026-06-01.csv,2026-05-26 10:42:19,2026-05-26 12:14:50,1.5419444444444443,73619.8984375,99.0,80.0,19.0,34.984375,38.99252136752137,81.625,44.15384615384615,184.1282894736842
KA03AN4698,intellicar-KA03AN4698-2026-05-01_2026-06-01.csv,2026-05-26 12:15:20,2026-05-26 15:53:21,3.633611111111111,73655.3046875,81.0,47.0,34.0,43.0078125,13.705508474576272,81.625,44.30508474576271,126.49356617647058
KA03AN4698,intellicar-KA03AN4698-2026-05-01_2026-06-01.csv,2026-05-26 15:53:21,2026-05-26 16:43:21,0.8333333333333334,73698.1484375,48.0,39.0,9.0,14.6328125,17.440594059405942,56.75,39.89108910891089,162.58680555555557
KA03AN4698,intellicar-KA03AN4698-2026-05-01_2026-06-01.csv,2026-05-27 05:21:55,2026-05-27 05:34:55,0.21666666666666667,73769.3828125,98.0,0.0,98.0,3.9921875,16.85185185185185,58.875,42.7037037037037,4.073660714285714
KA03AN4698,intellicar-KA03AN4698-2026-05-01_2026-06-01.csv,2026-05-27 05:35:25,2026-05-27 09:14:27,3.6505555555555556,73773.3984375,95.0,61.0,34.0,56.078125,27.39245283018868,84.625,45.490566037735846,164.93566176470588
KA03AN4698,intellicar-KA03AN4698-2026-05-01_2026-06-01.csv,2026-05-27 09:15:27,2026-05-27 11:40:28,2.4169444444444443,73829.3515625,62.0,43.0,19.0,23.0,13.894406392694064,77.5,47.31963470319635,121.05263157894737
KA03AN4698,intellicar-KA03AN4698-2026-05-01_2026-06-01.csv,2026-05-27 11:40:28,2026-05-27 13:38:29,1.9669444444444444,73852.2890625,44.0,18.0,26.0,44.203125,23.918067226890756,86.5,48.168067226890756,170.01201923076923
KA03AN4698,intellicar-KA03AN4698-2026-05-01_2026-06-01.csv,2026-05-27 17:29:00,2026-05-27 18:31:30,1.0416666666666667,73896.4921875,100.0,86.0,14.0,25.7265625,36.17391304347826,84.5,41.54347826086956,183.76116071428572
KA03AN4698,intellicar-KA03AN4698-2026-05-01_2026-06-01.csv,2026-05-27 18:36:00,2026-05-27 23:04:02,4.467222222222222,73926.4140625,85.0,30.0,55.0,96.6953125,28.151149425287358,82.75,41.38620689655173,175.8096590909091
KA03AN4698,intellicar-KA03AN4698-2026-05-01_2026-06-01.csv,2026-05-28 00:01:02,2026-05-28 03:48:33,3.7919444444444443,74023.109375,98.0,62.0,36.0,65.515625,41.79599056603774,88.0,42.77358490566038,181.98784722222223
KA03AN4698,intellicar-KA03AN4698-2026-05-01_2026-06-01.csv,2026-05-28 03:54:33,2026-05-28 04:51:03,0.9416666666666667,74092.3203125,61.0,51.0,10.0,13.1953125,14.841008771929825,56.125,43.0,131.953125
KA03AN4698,intellicar-KA03AN4698-2026-05-01_2026-06-01.csv,2026-05-28 04:51:33,2026-05-28 08:56:04,4.075277777777778,74105.6875,52.0,19.0,33.0,46.6875,14.9375,82.375,44.888888888888886,141.47727272727272
KA03AN4698,intellicar-KA03AN4698-2026-05-01_2026-06-01.csv,2026-05-29 04:40:38,2026-05-29 09:59:10,5.308888888888889,74246.7109375,100.0,29.0,71.0,90.78125,23.294890873015873,83.25,46.595238095238095,127.86091549295774
KA03AN4698,intellicar-KA03AN4698-2026-05-01_2026-06-01.csv,2026-05-29 11:40:41,2026-05-29 12:30:12,0.8252777777777778,74337.4921875,99.0,87.0,12.0,17.515625,40.139830508474574,84.5,43.88135593220339,145.96354166666669
KA03AN4698,intellicar-KA03AN4698-2026-05-01_2026-06-01.csv,2026-05-29 12:30:41,2026-05-29 13:13:42,0.7169444444444445,74355.359375,88.0,77.0,11.0,19.65625,29.379360465116278,80.375,44.406976744186046,178.6931818181818
KA03AN4698,intellicar-KA03AN4698-2026-05-01_2026-06-01.csv,2026-05-29 13:14:12,2026-05-29 14:54:42,1.675,74375.140625,78.0,60.0,18.0,25.53125,16.682549504950494,70.5,42.504950495049506,141.84027777777777
KA03AN4698,intellicar-KA03AN4698-2026-05-01_2026-06-01.csv,2026-05-29 15:10:12,2026-05-29 15:50:13,0.6669444444444445,74403.515625,59.0,52.0,7.0,10.7578125,17.17746913580247,48.875,40.24691358024691,153.68303571428572
KA03AN4698,intellicar-KA03AN4698-2026-05-01_2026-06-01.csv,2026-05-29 15:50:43,2026-05-29 19:52:14,4.025277777777778,74414.484375,53.0,20.0,33.0,47.328125,15.21882640586797,57.875,38.36185819070904,143.4185606060606
KA03AN4698,intellicar-KA03AN4698-2026-05-01_2026-06-01.csv,2026-05-31 14:24:25,2026-05-31 15:28:26,1.0669444444444445,74574.609375,72.0,61.0,11.0,16.5859375,17.215992647058822,61.5,44.0,150.78125
KA03AN4698,intellicar-KA03AN4698-2026-05-01_2026-06-01.csv,2026-05-31 16:04:56,2026-05-31 17:08:56,1.0666666666666667,74591.1953125,100.0,87.0,13.0,22.7109375,24.13608870967742,84.0,43.62096774193548,174.69951923076923
KA03AN4698,intellicar-KA03AN4698-2026-05-01_2026-06-01.csv,2026-05-31 17:16:27,2026-05-31 21:11:58,3.9252777777777776,74620.9765625,85.0,32.0,53.0,85.1328125,25.77787162162162,78.25,42.263513513513516,160.62794811320757
KA03AN4698,intellicar-KA03AN4698-2026-05-01_2026-06-01.csv,2026-05-31 22:03:28,2026-05-31 23:59:58,1.9416666666666667,74706.109375,96.0,72.0,24.0,42.109375,33.484756097560975,85.25,42.72560975609756,175.45572916666669
KA51AJ9394,intellicar-KA51AJ9394-2026-07-01_2026-07-31.csv,2026-07-01 05:51:51,2026-07-01 06:22:21,0.5083333333333333,94496.7109375,34.0,28.0,6.0,12.171875,25.564453125,76.75,35.1875,202.86458333333334
KA51AJ9394,intellicar-KA51AJ9394-2026-07-01_2026-07-31.csv,2026-07-01 06:58:21,2026-07-01 10:27:52,3.4919444444444445,94510.4921875,28.0,13.0,15.0,29.1484375,18.506516587677726,76.625,38.28436018957346,194.32291666666666
KA51AJ9394,intellicar-KA51AJ9394-2026-07-01_2026-07-31.csv,2026-07-01 12:06:23,2026-07-01 13:18:23,1.2,94539.65625,90.0,84.0,6.0,11.3359375,18.685126582278482,62.5,40.67088607594937,188.93229166666669
KA51AJ9394,intellicar-KA51AJ9394-2026-07-01_2026-07-31.csv,2026-07-01 13:18:23,2026-07-01 13:28:53,0.175,94550.6796875,85.0,80.0,5.0,8.859375,48.485,70.5,40.0,177.1875
KA51AJ9394,intellicar-KA51AJ9394-2026-07-01_2026-07-31.csv,2026-07-02 01:07:26,2026-07-02 03:19:57,2.2086111111111113,94697.453125,96.0,80.0,16.0,38.1953125,25.04556074766355,71.875,39.1588785046729,238.720703125
KA51AJ9394,intellicar-KA51AJ9394-2026-07-01_2026-07-31.csv,2026-07-02 03:42:27,2026-07-02 04:18:27,0.6,94738.0234375,80.0,73.0,7.0,11.25,21.784246575342465,57.5,39.0,160.71428571428572
KA51AJ9394,intellicar-KA51AJ9394-2026-07-01_2026-07-31.csv,2026-07-02 12:07:00,2026-07-02 12:44:31,0.6252777777777778,94790.9296875,57.0,52.0,5.0,9.171875,16.886513157894736,67.0,40.0,183.4375
KA51AJ9394,intellicar-KA51AJ9394-2026-07-01_2026-07-31.csv,2026-07-02 12:45:01,2026-07-02 16:23:33,3.6422222222222222,94800.390625,53.0,29.0,24.0,46.859375,17.827769886363637,66.0,39.28977272727273,195.24739583333331
KA51AJ9394,intellicar-KA51AJ9394-2026-07-01_2026-07-31.csv,2026-07-03 03:31:06,2026-07-03 04:49:36,1.3083333333333333,94873.2265625,85.0,67.0,18.0,38.6328125,34.64204545454545,82.125,41.37662337662338,214.62673611111111
KA51AJ9394,intellicar-KA51AJ9394-2026-07-01_2026-07-31.csv,2026-07-03 04:50:06,2026-07-03 05:04:06,0.23333333333333334,94912.1875,68.0,62.0,6.0,11.3984375,56.88425925925926,81.875,41.77777777777778,189.97395833333331
KA51AJ9394,intellicar-KA51AJ9394-2026-07-01_2026-07-31.csv,2026-07-03 05:04:06,2026-07-03 07:08:38,2.0755555555555554,94923.109375,63.0,34.0,29.0,55.9140625,32.444327731092436,83.5,41.0,192.80711206896552
KA51AJ9394,intellicar-KA51AJ9394-2026-07-01_2026-07-31.csv,2026-07-03 07:09:08,2026-07-03 07:41:08,0.5333333333333333,94979.4375,35.0,27.0,8.0,17.9453125,43.06140350877193,84.5,41.96491228070175,224.31640625
KA51AJ9394,intellicar-KA51AJ9394-2026-07-01_2026-07-31.csv,2026-07-03 09:12:38,2026-07-03 12:10:39,2.9669444444444446,95001.984375,88.0,56.0,32.0,62.1328125,27.769039735099337,79.625,41.735099337748345,194.1650390625
KA51AJ9394,intellicar-KA51AJ9394-2026-07-01_2026-07-31.csv,2026-07-03 12:11:09,2026-07-03 12:33:10,0.36694444444444446,95064.3984375,57.0,51.0,6.0,10.515625,31.375,69.125,42.0,175.26041666666669
KA51AJ9394,intellicar-KA51AJ9394-2026-07-01_2026-07-31.csv,2026-07-03 12:33:40,2026-07-03 13:17:40,0.7333333333333333,95075.3203125,52.0,43.0,9.0,18.28125,29.33132530120482,78.25,41.33734939759036,203.125
KA51AJ9394,intellicar-KA51AJ9394-2026-07-01_2026-07-31.csv,2026-07-03 13:17:40,2026-07-03 15:51:41,2.5669444444444443,95092.8125,44.0,20.0,24.0,54.1484375,25.205956375838927,73.0,40.06711409395973,225.61848958333334
KA51AJ9394,intellicar-KA51AJ9394-2026-07-01_2026-07-31.csv,2026-07-04 04:35:14,2026-07-04 06:18:44,1.725,95166.0546875,96.0,82.0,14.0,27.0234375,20.81764705882353,79.5,40.46470588235294,193.02455357142858
KA51AJ9394,intellicar-KA51AJ9394-2026-07-01_2026-07-31.csv,2026-07-04 06:18:44,2026-07-04 08:48:45,2.500277777777778,95191.8046875,83.0,51.0,32.0,61.3984375,27.585304054054053,83.625,40.9222972972973,191.8701171875
KA51AJ9394,intellicar-KA51AJ9394-2026-07-01_2026-07-31.csv,2026-07-04 08:49:15,2026-07-04 11:51:47,3.042222222222222,95253.328125,52.0,14.0,38.0,77.390625,30.296965317919074,82.375,42.23988439306358,203.6595394736842
KA51AJ9394,intellicar-KA51AJ9394-2026-07-01_2026-07-31.csv,2026-07-05 13:10:55,2026-07-05 14:09:25,0.975,95454.5390625,90.0,78.0,12.0,21.7578125,28.72142857142857,74.625,41.0,181.31510416666669
KA51AJ9394,intellicar-KA51AJ9394-2026-07-01_2026-07-31.csv,2026-07-05 14:09:55,2026-07-05 15:28:25,1.3083333333333333,95476.53125,79.0,65.0,14.0,23.5078125,20.926666666666666,67.5,41.0,167.91294642857142
KA51AJ9394,intellicar-KA51AJ9394-2026-07-01_2026-07-31.csv,2026-07-05 15:28:55,2026-07-05 17:50:56,2.3669444444444445,95500.3359375,66.0,43.0,23.0,46.546875,24.529214559386972,78.125,39.3639846743295,202.37771739130434
KA51AJ9394,intellicar-KA51AJ9394-2026-07-01_2026-07-31.csv,2026-07-05 19:09:26,2026-07-06 00:19:59,5.175833333333333,95546.8828125,95.0,65.0,30.0,60.5,30.02248201438849,82.125,38.91726618705036,201.66666666666666
KA51AJ9394,intellicar-KA51AJ9394-2026-07-01_2026-07-31.csv,2026-07-06 00:20:29,2026-07-06 00:41:59,0.35833333333333334,95607.71875,66.0,57.0,9.0,18.2890625,56.479651162790695,82.25,36.0,203.21180555555554
KA51AJ9394,intellicar-KA51AJ9394-2026-07-01_2026-07-31.csv,2026-07-06 00:41:59,2026-07-06 01:51:59,1.1666666666666667,95625.4296875,58.0,47.0,11.0,24.953125,42.75625,83.5,36.0,226.8465909090909
KA51AJ9394,intellicar-KA51AJ9394-2026-07-01_2026-07-31.csv,2026-07-06 02:42:30,2026-07-06 04:05:30,1.3833333333333333,95650.390625,88.0,72.0,16.0,31.1484375,45.222074468085104,81.625,41.319148936170215,194.677734375
KA51AJ9394,intellicar-KA51AJ9394-2026-07-01_2026-07-31.csv,2026-07-06 04:05:30,2026-07-06 05:29:01,1.3919444444444444,95681.3046875,73.0,50.0,23.0,48.0390625,39.088235294117645,83.875,41.0,208.86548913043475
KA51AJ9394,intellicar-KA51AJ9394-2026-07-01_2026-07-31.csv,2026-07-06 05:29:31,2026-07-06 06:24:01,0.9083333333333333,95729.75,51.0,34.0,17.0,33.1171875,40.90568181818182,83.375,41.018181818181816,194.80698529411765
KA51AJ9394,intellicar-KA51AJ9394-2026-07-01_2026-07-31.csv,2026-07-06 06:24:31,2026-07-06 06:41:01,0.275,95763.1875,35.0,27.0,8.0,15.6953125,64.68014705882354,78.125,42.0,196.19140625
KA51AJ9394,intellicar-KA51AJ9394-2026-07-01_2026-07-31.csv,2026-07-06 06:41:31,2026-07-06 07:48:31,1.1166666666666667,95779.5390625,28.0,21.0,7.0,11.46875,16.825255102040817,58.75,42.775510204081634,163.83928571428572
KA51AJ9394,intellicar-KA51AJ9394-2026-07-01_2026-07-31.csv,2026-07-06 09:33:32,2026-07-06 14:28:34,4.917222222222223,95791.0234375,91.0,52.0,39.0,65.8984375,16.76268450184502,80.75,44.07380073800738,168.97035256410254
KA51AJ9394,intellicar-KA51AJ9394-2026-07-01_2026-07-31.csv,2026-07-07 05:41:38,2026-07-07 06:21:38,0.6666666666666666,95884.265625,86.0,78.0,8.0,12.921875,21.7,75.5,44.0,161.5234375
KA51AJ9394,intellicar-KA51AJ9394-2026-07-01_2026-07-31.csv,2026-07-07 06:21:38,2026-07-07 07:09:08,0.7916666666666666,95895.6171875,80.0,64.0,16.0,30.53125,41.92857142857143,83.75,44.07142857142857,190.8203125
KA51AJ9394,intellicar-KA51AJ9394-2026-07-01_2026-07-31.csv,2026-07-07 07:09:38,2026-07-07 07:31:38,0.36666666666666664,95926.4765625,65.0,60.0,5.0,8.9140625,27.669444444444444,58.75,45.0,178.28125
KA51AJ9394,intellicar-KA51AJ9394-2026-07-01_2026-07-31.csv,2026-07-07 07:32:08,2026-07-07 09:36:39,2.075277777777778,95935.515625,61.0,35.0,26.0,50.2578125,32.45283018867924,77.875,44.2122641509434,193.29927884615387
KA51AJ9394,intellicar-KA51AJ9394-2026-07-01_2026-07-31.csv,2026-07-07 11:34:10,2026-07-07 12:30:10,0.9333333333333333,95991.8203125,94.0,84.0,10.0,18.734375,28.535714285714285,79.875,41.0,187.34375
KA51AJ9394,intellicar-KA51AJ9394-2026-07-01_2026-07-31.csv,2026-07-07 12:30:40,2026-07-07 16:24:11,3.8919444444444444,96011.0703125,85.0,52.0,33.0,60.7734375,17.904647435897434,82.0,40.71367521367522,184.1619318181818
KA51AJ9394,intellicar-KA51AJ9394-2026-07-01_2026-07-31.csv,2026-07-08 06:05:14,2026-07-08 06:49:14,0.7333333333333333,96108.453125,89.0,75.0,14.0,29.4609375,51.03896103896104,82.75,42.25974025974026,210.43526785714283
KA51AJ9394,intellicar-KA51AJ9394-2026-07-01_2026-07-31.csv,2026-07-08 07:02:44,2026-07-08 09:56:15,2.8919444444444444,96143.3203125,73.0,47.0,26.0,45.8828125,18.467741935483872,79.125,43.87683284457478,176.47235576923077
KA51AJ9394,intellicar-KA51AJ9394-2026-07-01_2026-07-31.csv,2026-07-08 09:56:15,2026-07-08 10:12:15,0.26666666666666666,96188.6171875,48.0,41.0,7.0,16.078125,65.99621212121212,84.125,44.0,229.6875
KA51AJ9394,intellicar-KA51AJ9394-2026-07-01_2026-07-31.csv,2026-07-09 08:08:50,2026-07-09 11:08:51,3.000277777777778,96359.4140625,86.0,59.0,27.0,52.96875,31.62887168141593,82.75,44.6858407079646,196.18055555555557
KA51AJ9394,intellicar-KA51AJ9394-2026-07-01_2026-07-31.csv,2026-07-09 11:09:21,2026-07-09 16:58:23,5.817222222222222,96412.515625,60.0,15.0,45.0,82.0390625,19.76267793594306,73.375,44.40925266903915,182.30902777777777
KA51AJ9394,intellicar-KA51AJ9394-2026-07-01_2026-07-31.csv,2026-07-10 10:14:27,2026-07-10 11:04:27,0.8333333333333334,96594.59375,82.0,76.0,6.0,9.5390625,29.761627906976745,73.125,41.46511627906977,158.984375
KA51AJ9394,intellicar-KA51AJ9394-2026-07-01_2026-07-31.csv,2026-07-10 11:04:57,2026-07-10 15:44:29,4.658888888888889,96604.296875,77.0,34.0,43.0,81.171875,22.110323886639677,72.0,42.85425101214575,188.7718023255814
KA51AJ9394,intellicar-KA51AJ9394-2026-07-01_2026-07-31.csv,2026-07-11 08:14:32,2026-07-11 13:24:34,5.167222222222223,96711.8046875,71.0,57.0,14.0,25.7890625,23.632705479452056,76.375,40.35616438356164,184.20758928571428
KA51AJ9394,intellicar-KA51AJ9394-2026-07-01_2026-07-31.csv,2026-07-11 13:24:34,2026-07-11 15:25:04,2.0083333333333333,96737.2578125,58.0,40.0,18.0,40.1640625,29.342931937172775,67.875,41.0,223.13368055555554
KA51AJ9394,intellicar-KA51AJ9394-2026-07-01_2026-07-31.csv,2026-07-12 06:22:37,2026-07-12 07:08:38,0.7669444444444444,96807.453125,83.0,67.0,16.0,31.59375,50.384408602150536,82.0,42.376344086021504,197.4609375
KA51AJ9394,intellicar-KA51AJ9394-2026-07-01_2026-07-31.csv,2026-07-12 07:09:08,2026-07-12 09:17:38,2.1416666666666666,96839.2578125,68.0,42.0,26.0,47.265625,29.927995391705068,80.875,45.46082949308756,181.7908653846154
KA51AJ9394,intellicar-KA51AJ9394-2026-07-01_2026-07-31.csv,2026-07-12 09:17:38,2026-07-12 09:49:38,0.5333333333333333,96886.21875,43.0,33.0,10.0,14.3828125,29.880769230769232,70.75,46.87692307692308,143.828125
KA51AJ9394,intellicar-KA51AJ9394-2026-07-01_2026-07-31.csv,2026-07-12 09:56:08,2026-07-12 10:52:39,0.9419444444444445,96902.1796875,33.0,22.0,11.0,19.1171875,21.962719298245613,60.75,47.92982456140351,173.79261363636365
KA51AJ9394,intellicar-KA51AJ9394-2026-07-01_2026-07-31.csv,2026-07-12 10:52:39,2026-07-12 11:07:39,0.25,96921.0859375,23.0,17.0,6.0,11.03125,47.65416666666667,76.0,49.0,183.85416666666669
KA51AJ9394,intellicar-KA51AJ9394-2026-07-01_2026-07-31.csv,2026-07-12 11:07:39,2026-07-12 11:46:09,0.6416666666666667,96931.59375,18.0,10.0,8.0,16.9140625,43.56009615384615,75.75,47.30769230769231,211.42578125
KA51AJ9394,intellicar-KA51AJ9394-2026-07-01_2026-07-31.csv,2026-07-12 22:44:43,2026-07-13 03:19:13,4.575,97109.421875,80.0,37.0,43.0,82.4296875,33.408155487804876,85.625,38.55792682926829,191.6969476744186
KA51AJ9394,intellicar-KA51AJ9394-2026-07-01_2026-07-31.csv,2026-07-13 03:19:43,2026-07-13 03:49:14,0.49194444444444446,97192.2265625,38.0,31.0,7.0,12.5703125,27.75,84.125,39.0,179.57589285714286
KA51AJ9394,intellicar-KA51AJ9394-2026-07-01_2026-07-31.csv,2026-07-14 05:27:50,2026-07-14 09:38:51,4.183611111111111,97381.0625,77.0,30.0,47.0,76.1484375,22.23798076923077,83.0,42.322649572649574,162.01795212765958
KA51AJ9394,intellicar-KA51AJ9394-2026-07-01_2026-07-31.csv,2026-07-14 09:38:51,2026-07-14 10:06:22,0.45861111111111114,97456.671875,31.0,26.0,5.0,12.15625,34.10372340425532,80.5,47.42553191489362,243.125
KA51AJ9394,intellicar-KA51AJ9394-2026-07-01_2026-07-31.csv,2026-07-15 07:05:27,2026-07-15 08:42:28,1.6169444444444445,97575.734375,95.0,83.0,12.0,12.2890625,8.517307692307693,78.0,45.271794871794874,102.40885416666667
KA51AJ9394,intellicar-KA51AJ9394-2026-07-01_2026-07-31.csv,2026-07-15 08:42:58,2026-07-15 10:09:58,1.45,97588.140625,84.0,0.0,84.0,35.921875,28.190028901734102,84.0,48.49132947976879,42.764136904761905
KA51AJ9394,intellicar-KA51AJ9394-2026-07-01_2026-07-31.csv,2026-07-20 11:42:02,2026-07-20 12:33:32,0.8583333333333333,97722.234375,100.0,92.0,8.0,11.515625,14.508858267716535,58.375,37.0,143.9453125
KA51AJ9394,intellicar-KA51AJ9394-2026-07-01_2026-07-31.csv,2026-07-20 12:34:02,2026-07-20 14:08:33,1.5752777777777778,97733.828125,93.0,84.0,9.0,13.9375,10.931107954545455,62.0,37.03409090909091,154.86111111111111
KA51AJ9394,intellicar-KA51AJ9394-2026-07-01_2026-07-31.csv,2026-07-22 00:23:12,2026-07-22 03:12:13,2.8169444444444443,97834.03125,45.0,11.0,34.0,61.6171875,26.926028481012658,82.25,37.914556962025316,181.22702205882354
KA51AJ9394,intellicar-KA51AJ9394-2026-07-01_2026-07-31.csv,2026-07-22 05:29:44,2026-07-22 07:08:44,1.65,97895.6484375,100.0,84.0,16.0,29.3515625,20.654187817258883,71.625,42.223350253807105,183.447265625
KA51AJ9394,intellicar-KA51AJ9394-2026-07-01_2026-07-31.csv,2026-07-22 07:08:44,2026-07-22 09:24:15,2.258611111111111,97924.828125,85.0,66.0,19.0,28.6640625,16.305616740088105,68.0,43.480176211453745,150.86348684210526
KA51AJ9394,intellicar-KA51AJ9394-2026-07-01_2026-07-31.csv,2026-07-23 05:30:21,2026-07-23 08:44:22,3.233611111111111,98011.140625,96.0,77.0,19.0,50.1171875,18.386513157894736,89.375,43.27894736842105,263.7746710526316
KA51AJ9394,intellicar-KA51AJ9394-2026-07-01_2026-07-31.csv,2026-07-23 08:44:52,2026-07-23 10:18:53,1.5669444444444445,98061.671875,78.0,66.0,12.0,20.3671875,19.02517985611511,79.5,45.0,169.7265625
KA51AJ9394,intellicar-KA51AJ9394-2026-07-01_2026-07-31.csv,2026-07-23 10:18:53,2026-07-23 12:27:23,2.1416666666666666,98081.75,67.0,44.0,23.0,31.9765625,17.576417004048583,70.5,45.78542510121458,139.02853260869566
KA51AJ9394,intellicar-KA51AJ9394-2026-07-01_2026-07-31.csv,2026-07-23 12:27:23,2026-07-23 13:04:54,0.6252777777777778,98113.3828125,45.0,40.0,5.0,7.3984375,13.867753623188406,71.625,46.0,147.96875
KA51AJ9394,intellicar-KA51AJ9394-2026-07-01_2026-07-31.csv,2026-07-23 13:13:57,2026-07-23 15:02:24,1.8075,98122.921875,41.0,21.0,20.0,31.8203125,21.977448453608247,66.0,46.98969072164948,159.1015625
KA51AJ9394,intellicar-KA51AJ9394-2026-07-01_2026-07-31.csv,2026-07-23 16:19:25,2026-07-23 16:47:55,0.475,98154.7421875,94.0,86.0,8.0,11.2109375,27.40948275862069,69.375,41.0,140.13671875
KA51AJ9394,intellicar-KA51AJ9394-2026-07-01_2026-07-31.csv,2026-07-23 16:48:25,2026-07-23 19:25:56,2.625277777777778,98166.28125,87.0,60.0,27.0,44.421875,21.35150709219858,85.0,40.45744680851064,164.52546296296296
KA51AJ9394,intellicar-KA51AJ9394-2026-07-01_2026-07-31.csv,2026-07-23 19:26:26,2026-07-23 19:52:56,0.44166666666666665,98211.0234375,61.0,49.0,12.0,21.6015625,54.6438679245283,88.875,39.43396226415094,180.01302083333331
KA51AJ9394,intellicar-KA51AJ9394-2026-07-01_2026-07-31.csv,2026-07-23 19:52:57,2026-07-23 20:47:57,0.9166666666666666,98232.0078125,50.0,35.0,15.0,30.75,38.88341346153846,88.5,39.45192307692308,204.99999999999997
KA51AJ9394,intellicar-KA51AJ9394-2026-07-01_2026-07-31.csv,2026-07-25 02:13:05,2026-07-25 03:43:05,1.5,98353.9453125,67.0,52.0,15.0,23.3984375,18.035610465116278,63.875,42.75,155.98958333333331
KA51AJ9394,intellicar-KA51AJ9394-2026-07-01_2026-07-31.csv,2026-07-25 03:44:05,2026-07-25 04:32:05,0.8,98377.4140625,53.0,44.0,9.0,12.8828125,17.080357142857142,72.75,42.0,143.14236111111111
KA51AJ9394,intellicar-KA51AJ9394-2026-07-01_2026-07-31.csv,2026-07-25 16:52:10,2026-07-25 19:54:41,3.0419444444444443,98435.6484375,63.0,31.0,32.0,53.0390625,23.215346534653467,82.125,42.75247524752475,165.7470703125
KA51AJ9394,intellicar-KA51AJ9394-2026-07-01_2026-07-31.csv,2026-07-25 20:38:11,2026-07-25 21:57:11,1.3166666666666667,98488.6875,80.0,60.0,20.0,34.4453125,30.084119496855347,88.875,43.100628930817614,172.2265625
KA51AJ9394,intellicar-KA51AJ9394-2026-07-01_2026-07-31.csv,2026-07-25 21:57:41,2026-07-25 22:13:41,0.26666666666666666,98523.578125,61.0,56.0,5.0,8.3125,39.035714285714285,83.125,41.892857142857146,166.25
KA51AJ9394,intellicar-KA51AJ9394-2026-07-01_2026-07-31.csv,2026-07-26 16:12:47,2026-07-26 17:00:47,0.8,98661.5234375,88.0,79.0,9.0,13.625,18.73840206185567,84.625,41.0,151.38888888888889
KA51AJ9394,intellicar-KA51AJ9394-2026-07-01_2026-07-31.csv,2026-07-26 17:01:17,2026-07-26 17:51:47,0.8416666666666667,98675.46875,80.0,69.0,11.0,18.578125,28.186813186813186,80.5,41.27472527472528,168.89204545454547
KA51AJ9394,intellicar-KA51AJ9394-2026-07-01_2026-07-31.csv,2026-07-26 17:52:17,2026-07-26 18:07:17,0.25,98694.1328125,70.0,64.0,6.0,10.125,46.21370967741935,70.625,41.0,168.75
KA51AJ9394,intellicar-KA51AJ9394-2026-07-01_2026-07-31.csv,2026-07-26 18:07:47,2026-07-26 22:08:18,4.008611111111111,98704.6640625,65.0,18.0,47.0,81.2734375,27.11346633416459,85.0,40.67581047381546,172.9222074468085
KA51AJ9394,intellicar-KA51AJ9394-2026-07-01_2026-07-31.csv,2026-07-26 23:37:48,2026-07-27 00:25:18,0.7916666666666666,98788.15625,89.0,74.0,15.0,25.2890625,37.006510416666664,81.875,40.864583333333336,168.59375
KA51AJ9394,intellicar-KA51AJ9394-2026-07-01_2026-07-31.csv,2026-07-27 00:25:48,2026-07-27 01:12:48,0.7833333333333333,98813.90625,75.0,64.0,11.0,18.3046875,28.126315789473683,81.125,39.90526315789474,166.40625
KA51AJ9394,intellicar-KA51AJ9394-2026-07-01_2026-07-31.csv,2026-07-27 01:13:18,2026-07-27 02:59:19,1.7669444444444444,98832.46875,65.0,51.0,14.0,24.0390625,19.015895953757227,70.25,38.41618497109827,171.70758928571428
KA51AJ9394,intellicar-KA51AJ9394-2026-07-01_2026-07-31.csv,2026-07-27 03:09:19,2026-07-27 03:54:49,0.7583333333333333,98860.359375,50.0,43.0,7.0,12.3828125,19.063858695652176,54.625,38.08695652173913,176.89732142857142
KA51AJ9396,intellicar-KA51AJ9396-2026-04-01_2026-06-01.csv,2026-04-18 09:38:43,2026-04-18 12:25:44,2.783611111111111,94443.0703125,97.0,88.0,9.0,10.8125,12.78347280334728,58.375,44.48117154811715,120.13888888888889
KA51AJ9396,intellicar-KA51AJ9396-2026-04-01_2026-06-01.csv,2026-04-18 12:26:12,2026-04-18 14:21:43,1.9252777777777779,94454.2578125,89.0,76.0,13.0,22.625,27.27147577092511,74.375,47.647577092511014,174.03846153846155
KA51AJ9396,intellicar-KA51AJ9396-2026-04-01_2026-06-01.csv,2026-04-18 14:21:46,2026-04-18 18:12:44,3.8494444444444444,94476.8046875,77.0,57.0,20.0,29.2265625,20.511568123393317,85.25,45.876606683804624,146.1328125
KA51AJ9396,intellicar-KA51AJ9396-2026-04-01_2026-06-01.csv,2026-04-18 18:12:45,2026-04-18 19:37:15,1.4083333333333334,94505.8046875,58.0,38.0,20.0,33.203125,25.384915014164307,67.25,46.01133144475921,166.015625
KA51AJ9396,intellicar-KA51AJ9396-2026-04-01_2026-06-01.csv,2026-04-18 19:51:45,2026-04-18 20:52:16,1.0086111111111111,94544.921875,36.0,25.0,11.0,15.515625,25.521341463414632,75.375,47.048780487804876,141.05113636363635
KA51AJ9396,intellicar-KA51AJ9396-2026-04-01_2026-06-01.csv,2026-04-19 06:26:47,2026-04-19 07:43:50,1.2841666666666667,94631.78125,41.0,29.0,12.0,20.7109375,18.141935483870967,64.5,46.89032258064516,172.59114583333331
KA51AJ9396,intellicar-KA51AJ9396-2026-04-01_2026-06-01.csv,2026-04-19 07:44:17,2026-04-19 10:01:51,2.292777777777778,94652.59375,30.0,18.0,12.0,22.859375,27.62076271186441,70.125,48.144067796610166,190.49479166666669
KA51AJ9396,intellicar-KA51AJ9396-2026-04-01_2026-06-01.csv,2026-04-19 18:09:20,2026-04-19 18:52:52,0.7255555555555555,94769.859375,80.0,70.0,10.0,20.1953125,31.504261363636363,79.5,41.27272727272727,201.953125
KA51AJ9396,intellicar-KA51AJ9396-2026-04-01_2026-06-01.csv,2026-04-19 18:53:21,2026-04-19 19:44:22,0.8502777777777778,94790.3828125,71.0,55.0,16.0,24.5703125,31.521844660194176,80.125,42.96116504854369,153.564453125
KA51AJ9396,intellicar-KA51AJ9396-2026-04-01_2026-06-01.csv,2026-04-19 19:53:21,2026-04-19 21:21:51,1.475,94819.65625,54.0,32.0,22.0,32.1171875,24.334985835694052,74.0,44.963172804532576,145.9872159090909
KA51AJ9396,intellicar-KA51AJ9396-2026-04-01_2026-06-01.csv,2026-04-19 21:21:53,2026-04-19 22:17:53,0.9333333333333333,94851.34375,33.0,25.0,8.0,12.1171875,13.74614537444934,73.5,46.0,151.46484375
KA51AJ9396,intellicar-KA51AJ9396-2026-04-01_2026-06-01.csv,2026-04-19 23:45:51,2026-04-20 00:09:53,0.40055555555555555,94863.4609375,89.0,84.0,5.0,9.5546875,37.61842105263158,67.5,41.44736842105263,191.09375
KA51AJ9396,intellicar-KA51AJ9396-2026-04-01_2026-06-01.csv,2026-04-20 00:10:21,2026-04-20 02:53:54,2.7258333333333336,94873.2890625,85.0,63.0,22.0,41.15625,21.363856589147286,74.375,41.87596899224806,187.07386363636365
KA51AJ9396,intellicar-KA51AJ9396-2026-04-01_2026-06-01.csv,2026-04-20 02:54:22,2026-04-20 05:01:24,2.1172222222222223,94914.46875,64.0,46.0,18.0,31.0234375,24.48587570621469,72.125,42.005649717514125,172.35243055555557
KA51AJ9396,intellicar-KA51AJ9396-2026-04-01_2026-06-01.csv,2026-04-20 05:54:23,2026-04-20 07:38:55,1.7422222222222221,94945.4921875,86.0,72.0,14.0,30.8671875,20.67375,68.375,44.53,220.47991071428572
KA51AJ9396,intellicar-KA51AJ9396-2026-04-01_2026-06-01.csv,2026-04-20 07:39:24,2026-04-20 09:40:57,2.0258333333333334,94976.53125,73.0,53.0,20.0,45.46875,26.712555066079297,79.125,48.32599118942731,227.34375
KA51AJ9396,intellicar-KA51AJ9396-2026-04-01_2026-06-01.csv,2026-04-20 09:41:24,2026-04-20 10:15:57,0.5758333333333333,95022.2890625,54.0,48.0,6.0,12.0859375,23.818877551020407,67.125,47.06122448979592,201.43229166666666
KA51AJ9396,intellicar-KA51AJ9396-2026-04-01_2026-06-01.csv,2026-04-20 17:18:58,2026-04-20 17:54:00,0.5838888888888889,95057.8671875,80.0,71.0,9.0,17.0390625,35.675925925925924,83.375,44.0,189.32291666666669
KA51AJ9396,intellicar-KA51AJ9396-2026-04-01_2026-06-01.csv,2026-04-20 18:13:58,2026-04-20 22:26:01,4.200833333333334,95083.4375,68.0,12.0,56.0,111.1484375,36.57211538461539,88.125,45.02884615384615,198.47935267857142
KA51AJ9396,intellicar-KA51AJ9396-2026-04-01_2026-06-01.csv,2026-04-21 06:26:01,2026-04-21 07:39:31,1.225,95219.140625,66.0,56.0,10.0,21.6796875,21.141459074733095,73.875,46.0,216.796875
KA51AJ9396,intellicar-KA51AJ9396-2026-04-01_2026-06-01.csv,2026-04-21 07:39:33,2026-04-21 08:13:03,0.5583333333333333,95240.8203125,57.0,51.0,6.0,10.203125,19.528985507246375,53.25,47.98550724637681,170.05208333333331
KA51AJ9396,intellicar-KA51AJ9396-2026-04-01_2026-06-01.csv,2026-04-21 16:59:04,2026-04-21 17:19:06,0.3338888888888889,95344.65625,80.0,70.0,10.0,13.6171875,45.74085365853659,87.875,41.48780487804878,136.171875
KA51AJ9396,intellicar-KA51AJ9396-2026-04-01_2026-06-01.csv,2026-04-21 17:19:34,2026-04-21 19:51:36,2.533888888888889,95358.65625,71.0,31.0,40.0,68.046875,31.30985342019544,80.75,43.13355048859935,170.1171875
KA51AJ9396,intellicar-KA51AJ9396-2026-04-01_2026-06-01.csv,2026-04-22 09:05:08,2026-04-22 09:40:40,0.5922222222222222,95432.125,94.0,88.0,6.0,11.875,22.27777777777778,70.5,43.15277777777778,197.91666666666669
KA51AJ9396,intellicar-KA51AJ9396-2026-04-01_2026-06-01.csv,2026-04-22 09:47:38,2026-04-22 10:28:10,0.6755555555555556,95447.171875,88.0,81.0,7.0,11.359375,18.23409090909091,52.0,46.18787878787879,162.27678571428572
KA51AJ9396,intellicar-KA51AJ9396-2026-04-01_2026-06-01.csv,2026-04-22 10:28:10,2026-04-22 13:21:11,2.883611111111111,95458.3359375,82.0,61.0,21.0,39.8828125,16.01168397626113,76.5,47.85756676557863,189.91815476190476
KA51AJ9396,intellicar-KA51AJ9396-2026-04-01_2026-06-01.csv,2026-04-22 13:21:40,2026-04-22 16:34:13,3.2091666666666665,95498.3828125,62.0,44.0,18.0,31.4609375,15.958796296296295,59.875,47.403703703703705,174.78298611111111
KA51AJ9396,intellicar-KA51AJ9396-2026-04-01_2026-06-01.csv,2026-04-22 17:07:11,2026-04-22 19:22:43,2.258888888888889,95529.84375,80.0,45.0,35.0,70.859375,35.88694852941177,85.625,41.7610294117647,202.45535714285717
KA51AJ9396,intellicar-KA51AJ9396-2026-04-01_2026-06-01.csv,2026-04-22 20:14:12,2026-04-22 23:54:14,3.667222222222222,95606.6875,78.0,33.0,45.0,89.5703125,29.637742718446603,79.0,41.067961165048544,199.04513888888889
KA51AJ9396,intellicar-KA51AJ9396-2026-04-01_2026-06-01.csv,2026-04-22 23:54:42,2026-04-23 00:39:14,0.7422222222222222,95696.28125,34.0,24.0,10.0,16.25,25.065277777777776,88.5,42.166666666666664,162.5
KA51AJ9396,intellicar-KA51AJ9396-2026-04-01_2026-06-01.csv,2026-04-23 00:39:43,2026-04-23 02:55:15,2.258888888888889,95712.9609375,25.0,14.0,11.0,18.9921875,20.0765503875969,87.375,43.44961240310077,172.65625
KA51AJ9396,intellicar-KA51AJ9396-2026-04-01_2026-06-01.csv,2026-04-23 03:52:43,2026-04-23 04:39:16,0.7758333333333334,95736.03125,59.0,51.0,8.0,17.9375,26.356382978723403,80.5,44.202127659574465,224.21875
KA51AJ9396,intellicar-KA51AJ9396-2026-04-01_2026-06-01.csv,2026-04-23 06:24:44,2026-04-23 07:16:47,0.8675,95754.0078125,83.0,73.0,10.0,16.765625,21.060747663551403,65.125,43.58878504672897,167.65625
KA51AJ9396,intellicar-KA51AJ9396-2026-04-01_2026-06-01.csv,2026-04-23 07:17:15,2026-04-23 07:49:15,0.5333333333333333,95770.9609375,74.0,69.0,5.0,8.7265625,19.693478260869565,53.0,46.391304347826086,174.53125
KA51AJ9396,intellicar-KA51AJ9396-2026-04-01_2026-06-01.csv,2026-04-23 07:49:17,2026-04-23 08:50:45,1.0244444444444445,95779.5703125,70.0,61.0,9.0,19.9375,20.61767578125,65.375,48.03125,221.52777777777777
KA51AJ9396,intellicar-KA51AJ9396-2026-04-01_2026-06-01.csv,2026-04-23 16:37:47,2026-04-23 19:13:20,2.5925,95888.703125,68.0,42.0,26.0,52.2109375,23.105031948881788,64.375,41.89776357827476,200.8112980769231
KA51AJ9396,intellicar-KA51AJ9396-2026-04-01_2026-06-01.csv,2026-04-23 19:22:18,2026-04-23 20:17:50,0.9255555555555556,95944.6328125,41.0,23.0,18.0,27.3203125,35.20357142857143,88.125,44.142857142857146,151.77951388888889
KA51AJ9396,intellicar-KA51AJ9396-2026-04-01_2026-06-01.csv,2026-04-23 22:19:20,2026-04-24 01:44:20,3.4166666666666665,95975.265625,80.0,19.0,61.0,116.578125,38.00621212121212,87.75,42.95151515151515,191.11168032786884
KA51AJ9396,intellicar-KA51AJ9396-2026-04-01_2026-06-01.csv,2026-04-24 01:54:49,2026-04-24 03:14:51,1.333888888888889,96099.0625,17.0,11.0,6.0,10.609375,20.82089552238806,67.5,44.850746268656714,176.82291666666669
KA51AJ9396,intellicar-KA51AJ9396-2026-04-01_2026-06-01.csv,2026-04-24 05:20:20,2026-04-24 07:10:51,1.8419444444444444,96120.03125,73.0,59.0,14.0,29.4140625,17.834750566893423,69.25,44.718820861678005,210.10044642857144
KA51AJ9396,intellicar-KA51AJ9396-2026-04-01_2026-06-01.csv,2026-04-24 07:10:53,2026-04-24 10:10:24,2.9919444444444445,96149.3671875,60.0,43.0,17.0,35.25,13.282676348547717,70.625,48.07883817427386,207.3529411764706
KA51AJ9396,intellicar-KA51AJ9396-2026-04-01_2026-06-01.csv,2026-04-24 10:15:52,2026-04-24 14:36:56,4.351111111111111,96187.125,43.0,37.0,6.0,8.8125,16.875,86.0,47.534246575342465,146.875
KA51AJ9396,intellicar-KA51AJ9396-2026-04-01_2026-06-01.csv,2026-04-24 17:02:24,2026-04-24 17:33:54,0.525,96196.171875,91.0,83.0,8.0,14.953125,31.546511627906977,85.5,42.06976744186046,186.9140625
KA51AJ9396,intellicar-KA51AJ9396-2026-04-01_2026-06-01.csv,2026-04-24 17:33:57,2026-04-24 19:34:27,2.0083333333333333,96210.71875,84.0,61.0,23.0,44.9765625,25.803571428571427,76.625,43.78260869565217,195.55027173913044
KA51AJ9396,intellicar-KA51AJ9396-2026-04-01_2026-06-01.csv,2026-04-24 19:34:55,2026-04-24 20:05:57,0.5172222222222222,96256.1484375,62.0,53.0,9.0,15.7734375,34.785714285714285,73.0,44.0,175.26041666666669
KA51AJ9396,intellicar-KA51AJ9396-2026-04-01_2026-06-01.csv,2026-04-24 20:06:25,2026-04-24 21:23:28,1.2841666666666667,96272.21875,54.0,37.0,17.0,29.3984375,31.270833333333332,85.75,44.642857142857146,172.93198529411765
KA51AJ9396,intellicar-KA51AJ9396-2026-04-01_2026-06-01.csv,2026-04-24 21:23:56,2026-04-24 22:47:28,1.3922222222222222,96301.9609375,38.0,22.0,16.0,27.078125,21.725890207715132,62.0,45.774480712166174,169.23828125
KA51AJ9396,intellicar-KA51AJ9396-2026-04-01_2026-06-01.csv,2026-04-24 23:41:27,2026-04-25 00:51:58,1.1752777777777779,96337.8984375,59.0,38.0,21.0,47.765625,46.546654929577464,88.75,44.04929577464789,227.45535714285717
KA51AJ9396,intellicar-KA51AJ9396-2026-04-01_2026-06-01.csv,2026-04-26 05:44:35,2026-04-26 06:21:37,0.6172222222222222,96533.515625,15.0,10.0,5.0,10.625,23.831967213114755,86.875,44.73770491803279,212.5
KA51AJ9396,intellicar-KA51AJ9396-2026-04-01_2026-06-01.csv,2026-04-26 07:28:09,2026-04-26 08:37:38,1.1580555555555556,96544.21875,58.0,45.0,13.0,21.1484375,23.982438016528924,70.25,44.09090909090909,162.68028846153845
KA51AJ9396,intellicar-KA51AJ9396-2026-04-01_2026-06-01.csv,2026-04-26 08:38:06,2026-04-26 09:26:06,0.8,96565.703125,46.0,35.0,11.0,14.109375,21.039893617021278,58.125,47.308510638297875,128.26704545454547
KA51AJ9396,intellicar-KA51AJ9396-2026-04-01_2026-06-01.csv,2026-04-26 09:26:08,2026-04-26 10:03:38,0.625,96579.8125,36.0,31.0,5.0,7.734375,19.10909090909091,66.875,48.49090909090909,154.6875
KA51AJ9396,intellicar-KA51AJ9396-2026-04-01_2026-06-01.csv,2026-04-26 10:04:06,2026-04-26 10:43:07,0.6502777777777777,96587.6640625,32.0,26.0,6.0,10.9375,24.718457943925234,52.25,48.89719626168224,182.29166666666669
KA51AJ9396,intellicar-KA51AJ9396-2026-04-01_2026-06-01.csv,2026-04-26 11:35:37,2026-04-26 14:32:40,2.950833333333333,96604.3046875,54.0,26.0,28.0,46.3515625,18.762540453074433,78.625,45.97411003236246,165.54129464285714
KA51AJ9396,intellicar-KA51AJ9396-2026-04-01_2026-06-01.csv,2026-04-26 16:34:38,2026-04-26 17:05:40,0.5172222222222222,96658.9921875,69.0,64.0,5.0,8.5546875,17.5922131147541,61.5,42.131147540983605,171.09375
KA51AJ9396,intellicar-KA51AJ9396-2026-04-01_2026-06-01.csv,2026-04-26 17:06:09,2026-04-26 18:00:09,0.9,96667.7109375,65.0,56.0,9.0,15.59375,24.501552795031056,82.375,42.0,173.26388888888889
KA51AJ9396,intellicar-KA51AJ9396-2026-04-01_2026-06-01.csv,2026-04-26 19:22:39,2026-04-26 21:14:11,1.8588888888888888,96693.2890625,80.0,57.0,23.0,46.8515625,26.83203125,66.25,42.433035714285715,203.70244565217394
KA51AJ9396,intellicar-KA51AJ9396-2026-04-01_2026-06-01.csv,2026-04-26 21:14:39,2026-04-26 22:33:10,1.3086111111111112,96740.265625,58.0,39.0,19.0,37.140625,29.454892966360855,76.875,42.48623853211009,195.47697368421052
KA51AJ9396,intellicar-KA51AJ9396-2026-04-01_2026-06-01.csv,2026-04-26 22:34:41,2026-04-26 23:37:11,1.0416666666666667,96778.0703125,39.0,0.0,39.0,13.546875,24.899436090225564,81.0,43.67669172932331,34.73557692307692
KA51AJ9396,intellicar-KA51AJ9396-2026-04-01_2026-06-01.csv,2026-04-26 23:37:40,2026-04-27 01:23:11,1.7586111111111111,96791.6484375,64.0,39.0,25.0,58.203125,35.85107655502392,85.5,41.79425837320574,232.8125
KA51AJ9396,intellicar-KA51AJ9396-2026-04-01_2026-06-01.csv,2026-04-27 01:23:40,2026-04-27 02:53:42,1.5005555555555556,96850.1015625,40.0,29.0,11.0,24.90625,25.105314960629922,73.25,41.0,226.42045454545453
KA51AJ9396,intellicar-KA51AJ9396-2026-04-01_2026-06-01.csv,2026-04-27 05:07:41,2026-04-27 09:41:15,4.559444444444445,96882.2265625,84.0,54.0,30.0,57.5546875,14.5823055028463,60.875,46.60910815939279,191.84895833333334
KA51AJ9396,intellicar-KA51AJ9396-2026-04-01_2026-06-01.csv,2026-04-27 09:41:43,2026-04-27 10:51:45,1.1672222222222222,96939.8671875,55.0,45.0,10.0,21.5390625,19.273851590106005,71.25,48.13780918727915,215.390625
KA51AJ9396,intellicar-KA51AJ9396-2026-04-01_2026-06-01.csv,2026-04-27 10:55:13,2026-04-27 13:54:18,2.984722222222222,96963.6015625,45.0,18.0,27.0,54.125,23.54883138564274,79.75,47.71118530884808,200.462962962963
KA51AJ9396,intellicar-KA51AJ9396-2026-04-01_2026-06-01.csv,2026-04-27 15:58:45,2026-04-27 16:22:17,0.39222222222222225,97017.7578125,82.0,77.0,5.0,12.84375,32.57,69.125,42.82,256.875
KA51AJ9396,intellicar-KA51AJ9396-2026-04-01_2026-06-01.csv,2026-04-27 16:22:45,2026-04-27 20:38:17,4.2588888888888885,97030.8671875,78.0,31.0,47.0,106.9453125,26.879429133858267,83.875,44.531496062992126,227.5432180851064
KA51AJ9396,intellicar-KA51AJ9396-2026-04-01_2026-06-01.csv,2026-04-27 22:02:16,2026-04-27 22:51:49,0.8258333333333333,97137.8125,85.0,75.0,10.0,21.5625,28.38375,81.25,42.0,215.625
KA51AJ9396,intellicar-KA51AJ9396-2026-04-01_2026-06-01.csv,2026-04-28 09:10:19,2026-04-28 10:23:51,1.2255555555555555,97214.078125,42.0,33.0,9.0,17.828125,18.386811023622048,84.125,47.93700787401575,198.09027777777777
KA51AJ9396,intellicar-KA51AJ9396-2026-04-01_2026-06-01.csv,2026-05-07 04:11:50,2026-05-07 09:36:22,5.408888888888889,97244.03125,100.0,76.0,24.0,19.984375,11.892621145374449,84.875,40.86784140969163,83.26822916666666
KA51AJ9396,intellicar-KA51AJ9396-2026-04-01_2026-06-01.csv,2026-05-09 05:26:37,2026-05-09 06:24:09,0.9588888888888889,97291.5859375,83.0,68.0,15.0,23.453125,26.82758620689655,78.0,41.41379310344828,156.35416666666666
KA51AJ9396,intellicar-KA51AJ9396-2026-04-01_2026-06-01.csv,2026-05-09 06:24:37,2026-05-09 06:52:38,0.46694444444444444,97315.5546875,69.0,57.0,12.0,21.3828125,47.96271929824562,86.375,44.526315789473685,178.19010416666669
KA51AJ9396,intellicar-KA51AJ9396-2026-04-01_2026-06-01.csv,2026-05-09 08:44:38,2026-05-09 12:20:10,3.5922222222222224,97341.984375,100.0,48.0,52.0,85.25,25.453016241299302,92.875,46.86542923433875,163.94230769230768
KA51AJ9396,intellicar-KA51AJ9396-2026-04-01_2026-06-01.csv,2026-05-10 03:27:15,2026-05-10 04:51:45,1.4083333333333334,97458.0625,89.0,67.0,22.0,46.8359375,34.803994082840234,87.5,42.5207100591716,212.890625
KA51AJ9396,intellicar-KA51AJ9396-2026-04-01_2026-06-01.csv,2026-05-10 04:58:45,2026-05-10 07:47:46,2.8169444444444443,97511.8984375,65.0,27.0,38.0,72.03125,31.59008620689655,87.125,46.272413793103446,189.55592105263156
KA51AJ9396,intellicar-KA51AJ9396-2026-04-01_2026-06-01.csv,2026-05-10 10:24:47,2026-05-10 11:07:18,0.7086111111111111,97587.8828125,100.0,90.0,10.0,20.5078125,30.84011627906977,89.625,42.46511627906977,205.078125
KA51AJ9396,intellicar-KA51AJ9396-2026-04-01_2026-06-01.csv,2026-05-10 11:07:48,2026-05-10 12:44:48,1.6166666666666667,97608.6171875,91.0,63.0,28.0,49.53125,32.74679487179487,86.5,46.753846153846155,176.89732142857142
KA51AJ9396,intellicar-KA51AJ9396-2026-04-01_2026-06-01.csv,2026-05-10 12:45:18,2026-05-10 14:38:49,1.8919444444444444,97658.5546875,64.0,41.0,23.0,47.3203125,26.13264192139738,83.0,48.50218340611354,205.74048913043475
KA51AJ9396,intellicar-KA51AJ9396-2026-04-01_2026-06-01.csv,2026-05-11 10:50:25,2026-05-11 12:29:56,1.658611111111111,97738.96875,87.0,77.0,10.0,19.171875,12.515463917525773,55.625,43.097938144329895,191.71875
KA51AJ9396,intellicar-KA51AJ9396-2026-04-01_2026-06-01.csv,2026-05-12 05:04:01,2026-05-12 06:05:01,1.0166666666666666,97826.765625,84.0,64.0,20.0,37.1484375,38.172764227642276,88.25,42.67479674796748,185.7421875
KA51AJ9396,intellicar-KA51AJ9396-2026-04-01_2026-06-01.csv,2026-05-12 06:13:01,2026-05-12 09:12:02,2.983611111111111,97866.625,64.0,21.0,43.0,58.3828125,20.853932584269664,87.0,47.52247191011236,135.77398255813952
KA51AJ9396,intellicar-KA51AJ9396-2026-04-01_2026-06-01.csv,2026-05-12 10:58:33,2026-05-12 15:18:05,4.325555555555556,97925.015625,90.0,47.0,43.0,77.8984375,19.7250484496124,87.875,46.78488372093023,181.15915697674419
KA51AJ9396,intellicar-KA51AJ9396-2026-04-01_2026-06-01.csv,2026-05-12 15:51:35,2026-05-12 16:13:35,0.36666666666666664,98002.9375,82.0,77.0,5.0,8.6953125,25.725,83.5,42.955555555555556,173.90625
KA51AJ9396,intellicar-KA51AJ9396-2026-04-01_2026-06-01.csv,2026-05-13 05:37:39,2026-05-13 06:15:40,0.6336111111111111,98091.953125,38.0,31.0,7.0,9.6328125,16.5275974025974,42.875,43.81818181818182,137.61160714285714
KA51AJ9396,intellicar-KA51AJ9396-2026-04-01_2026-06-01.csv,2026-05-13 06:23:10,2026-05-13 07:26:40,1.0583333333333333,98101.5859375,40.0,18.0,22.0,38.0703125,37.54296875,88.875,45.6171875,173.046875
KA51AK0326,intellicar-KA51AK0326-2026-04-01_2026-06-01 (2).csv,2026-04-02 08:23:15,2026-04-02 12:29:19,4.101111111111111,90732.453125,100.0,85.0,15.0,17.6328125,10.33296460176991,75.5,42.924778761061944,117.55208333333333
KA51AK0326,intellicar-KA51AK0326-2026-04-01_2026-06-01 (2).csv,2026-04-02 12:29:47,2026-04-02 14:28:51,1.9844444444444445,90750.21875,86.0,67.0,19.0,27.890625,15.28372591006424,69.375,45.4475374732334,146.79276315789474
KA51AK0326,intellicar-KA51AK0326-2026-04-01_2026-06-01 (2).csv,2026-04-02 14:32:21,2026-04-02 16:56:51,2.408333333333333,90778.375,67.0,49.0,18.0,25.546875,13.366803278688524,54.625,45.71311475409836,141.92708333333331
KA51AK0326,intellicar-KA51AK0326-2026-04-01_2026-06-01 (2).csv,2026-04-03 01:48:21,2026-04-03 03:47:23,1.9838888888888888,90840.59375,93.0,79.0,14.0,29.265625,19.60677749360614,59.125,39.69565217391305,209.04017857142856
KA51AK0326,intellicar-KA51AK0326-2026-04-01_2026-06-01 (2).csv,2026-04-03 04:08:53,2026-04-03 06:13:54,2.0836111111111113,90877.96875,77.0,62.0,15.0,26.6015625,15.755709134615385,54.75,40.78365384615385,177.34375
KA51AK0326,intellicar-KA51AK0326-2026-04-01_2026-06-01 (2).csv,2026-04-03 06:55:52,2026-04-03 11:08:24,4.208888888888889,90904.578125,93.0,52.0,41.0,53.890625,14.339690721649484,61.0,47.15051546391753,131.4405487804878
KA51AK0326,intellicar-KA51AK0326-2026-04-01_2026-06-01 (2).csv,2026-04-03 11:08:26,2026-04-03 11:44:55,0.6080555555555556,90958.2578125,53.0,44.0,9.0,15.0,25.539115646258505,77.75,48.0,166.66666666666669
KA51AK0326,intellicar-KA51AK0326-2026-04-01_2026-06-01 (2).csv,2026-04-03 11:44:56,2026-04-03 12:24:55,0.6663888888888889,90972.71875,45.0,31.0,14.0,30.5390625,47.9003164556962,88.875,48.0,218.13616071428572
KA51AK0326,intellicar-KA51AK0326-2026-04-01_2026-06-01 (2).csv,2026-04-03 13:56:00,2026-04-03 14:59:00,1.05,91011.0625,87.0,73.0,14.0,30.84375,31.22933070866142,81.75,42.14173228346457,220.3125
KA51AK0326,intellicar-KA51AK0326-2026-04-01_2026-06-01 (2).csv,2026-04-03 14:59:26,2026-04-03 17:31:28,2.533888888888889,91042.2265625,74.0,47.0,27.0,43.4375,18.434654300168635,67.375,43.693086003372684,160.87962962962962
KA51AK0326,intellicar-KA51AK0326-2026-04-01_2026-06-01 (2).csv,2026-04-03 17:31:29,2026-04-03 17:55:57,0.4077777777777778,91085.359375,48.0,43.0,5.0,6.84375,17.94683908045977,47.5,44.0,136.875
KA51AK0326,intellicar-KA51AK0326-2026-04-01_2026-06-01 (2).csv,2026-04-03 17:55:59,2026-04-03 19:09:29,1.225,91091.8125,44.0,27.0,17.0,24.578125,24.721270161290324,63.5,42.63709677419355,144.57720588235296
KA51AK0326,intellicar-KA51AK0326-2026-04-01_2026-06-01 (2).csv,2026-04-04 07:19:02,2026-04-04 08:33:03,1.2336111111111112,91154.765625,70.0,58.0,12.0,30.65625,41.37179487179487,89.0,42.333333333333336,255.46875
KA51AK0326,intellicar-KA51AK0326-2026-04-01_2026-06-01 (2).csv,2026-04-04 09:25:01,2026-04-04 10:49:33,1.4088888888888889,91185.421875,91.0,71.0,20.0,34.7578125,26.511764705882353,88.0,44.71764705882353,173.7890625
KA51AK0326,intellicar-KA51AK0326-2026-04-01_2026-06-01 (2).csv,2026-04-04 10:50:02,2026-04-04 12:28:34,1.6422222222222222,91220.5078125,72.0,59.0,13.0,15.765625,10.903159340659341,55.75,47.0,121.27403846153845
KA51AK0326,intellicar-KA51AK0326-2026-04-01_2026-06-01 (2).csv,2026-04-04 13:24:33,2026-04-04 16:40:34,3.2669444444444444,91236.2734375,95.0,67.0,28.0,37.046875,12.224165596919127,56.125,42.36970474967907,132.31026785714286
KA51AK0326,intellicar-KA51AK0326-2026-04-01_2026-06-01 (2).csv,2026-04-04 16:40:36,2026-04-04 17:15:34,0.5827777777777777,91273.2890625,68.0,62.0,6.0,3.53125,6.053571428571429,52.875,44.0,58.854166666666664
KA51AK0326,intellicar-KA51AK0326-2026-04-01_2026-06-01 (2).csv,2026-04-04 17:19:04,2026-04-04 18:02:37,0.7258333333333333,91278.0703125,62.0,55.0,7.0,10.734375,15.611918604651162,60.125,44.0,153.34821428571428
KA51AK0326,intellicar-KA51AK0326-2026-04-01_2026-06-01 (2).csv,2026-04-04 18:30:05,2026-04-04 21:16:37,2.7755555555555556,91288.8046875,73.0,63.0,10.0,17.65625,19.610169491525422,83.125,42.02542372881356,176.5625
KA51AK0326,intellicar-KA51AK0326-2026-04-01_2026-06-01 (2).csv,2026-04-04 21:17:05,2026-04-05 03:10:39,5.892777777777778,91306.59375,64.0,46.0,18.0,34.015625,23.09391891891892,78.5,39.08108108108108,188.97569444444443
KA51AK0326,intellicar-KA51AK0326-2026-04-01_2026-06-01 (2).csv,2026-04-05 03:13:06,2026-04-05 04:35:09,1.3675,91342.4921875,46.0,24.0,22.0,43.328125,36.068993506493506,88.625,39.4025974025974,196.94602272727272
KA51AK0326,intellicar-KA51AK0326-2026-04-01_2026-06-01 (2).csv,2026-04-05 05:57:10,2026-04-05 10:46:13,4.8175,91386.1171875,94.0,44.0,50.0,86.0234375,19.939140271493212,87.125,46.95746606334841,172.046875
KA51AK0326,intellicar-KA51AK0326-2026-04-01_2026-06-01 (2).csv,2026-04-05 11:07:10,2026-04-05 13:38:43,2.5258333333333334,91472.140625,65.0,26.0,39.0,77.8125,33.131270903010034,94.0,45.17725752508361,199.51923076923077
KA51AK0326,intellicar-KA51AK0326-2026-04-01_2026-06-01 (2).csv,2026-04-05 14:17:41,2026-04-05 15:05:43,0.8005555555555556,91550.4453125,70.0,52.0,18.0,35.203125,46.9291237113402,88.0,42.06185567010309,195.57291666666669
KA51AK0326,intellicar-KA51AK0326-2026-04-01_2026-06-01 (2).csv,2026-04-05 15:06:12,2026-04-05 17:57:15,2.8508333333333336,91585.78125,53.0,20.0,33.0,57.2578125,25.698350694444443,88.625,43.239583333333336,173.50852272727272
KA51AK0326,intellicar-KA51AK0326-2026-04-01_2026-06-01 (2).csv,2026-04-05 19:24:44,2026-04-05 22:12:45,2.8002777777777776,91643.4921875,74.0,18.0,56.0,111.265625,43.81793893129771,88.875,42.9236641221374,198.68861607142858
KA51AK0326,intellicar-KA51AK0326-2026-04-01_2026-06-01 (2).csv,2026-04-05 22:43:44,2026-04-05 23:04:44,0.35,91756.3671875,49.0,43.0,6.0,11.9453125,35.05813953488372,79.5,42.651162790697676,199.08854166666669
KA51AK0326,intellicar-KA51AK0326-2026-04-01_2026-06-01 (2).csv,2026-04-05 23:05:14,2026-04-06 00:13:45,1.1419444444444444,91768.7265625,44.0,20.0,24.0,48.40625,44.405797101449274,91.5,41.26086956521739,201.69270833333334
KA51AK0326,intellicar-KA51AK0326-2026-04-01_2026-06-01 (2).csv,2026-04-06 00:57:14,2026-04-06 03:10:44,2.225,91825.3203125,52.0,26.0,26.0,61.140625,39.454834605597966,91.625,42.54452926208651,235.15625
KA51AK0326,intellicar-KA51AK0326-2026-04-01_2026-06-01 (2).csv,2026-04-06 04:38:45,2026-04-06 05:25:45,0.7833333333333333,91886.8984375,91.0,80.0,11.0,17.1328125,22.187146892655367,85.75,43.005649717514125,155.7528409090909
KA51AK0326,intellicar-KA51AK0326-2026-04-01_2026-06-01 (2).csv,2026-04-06 05:25:47,2026-04-06 08:00:19,2.5755555555555554,91903.46875,81.0,52.0,29.0,48.6875,20.263214904679376,74.25,47.258232235701904,167.88793103448276
KA51AK0326,intellicar-KA51AK0326-2026-04-01_2026-06-01 (2).csv,2026-04-06 08:30:17,2026-04-06 08:57:17,0.45,91952.1796875,78.0,72.0,6.0,8.1015625,19.57840909090909,71.0,42.74545454545454,135.02604166666669
KA51AK0326,intellicar-KA51AK0326-2026-04-01_2026-06-01 (2).csv,2026-04-06 09:08:49,2026-04-06 10:53:49,1.75,91960.3125,72.0,42.0,30.0,50.6328125,31.12993827160494,84.75,46.71358024691358,168.77604166666666
KA51AK0326,intellicar-KA51AK0326-2026-04-01_2026-06-01 (2).csv,2026-04-06 12:46:48,2026-04-06 13:48:49,1.033611111111111,92011.34375,100.0,85.0,15.0,28.03125,31.57975113122172,82.0,43.19457013574661,186.875
KA51AK0326,intellicar-KA51AK0326-2026-04-01_2026-06-01 (2).csv,2026-04-06 13:48:51,2026-04-06 18:46:22,4.958611111111111,92038.9609375,86.0,42.0,44.0,78.4296875,20.17423844537815,84.125,45.266806722689076,178.24928977272728
KA51AK0326,intellicar-KA51AK0326-2026-04-01_2026-06-01 (2).csv,2026-04-06 18:46:50,2026-04-06 19:12:53,0.43416666666666665,92117.6953125,43.0,38.0,5.0,7.4375,18.4515306122449,71.625,45.04081632653061,148.75
KA51AK0326,intellicar-KA51AK0326-2026-04-01_2026-06-01 (2).csv,2026-04-07 02:25:52,2026-04-07 04:07:22,1.6916666666666667,92125.1328125,100.0,90.0,10.0,13.875,10.640625,51.25,42.0,138.75
KA51AK0326,intellicar-KA51AK0326-2026-04-01_2026-06-01 (2).csv,2026-04-07 04:07:25,2026-04-07 05:52:23,1.7494444444444444,92138.8515625,91.0,65.0,26.0,49.8828125,30.398681055155876,90.5,44.35251798561151,191.85697115384613
KA51AK0326,intellicar-KA51AK0326-2026-04-01_2026-06-01 (2).csv,2026-04-07 06:50:24,2026-04-07 10:18:58,3.476111111111111,92189.6328125,95.0,71.0,24.0,22.5234375,9.94812925170068,82.5,46.31972789115646,93.84765625
KA51AK0326,intellicar-KA51AK0326-2026-04-01_2026-06-01 (2).csv,2026-04-07 10:19:26,2026-04-07 13:26:28,3.1172222222222223,92212.578125,72.0,41.0,31.0,42.7578125,17.366693037974684,82.625,47.677215189873415,137.92842741935485
KA51AK0326,intellicar-KA51AK0326-2026-04-01_2026-06-01 (2).csv,2026-04-07 14:18:57,2026-04-07 18:13:29,3.908888888888889,92255.3359375,92.0,57.0,35.0,57.515625,15.937845303867404,67.375,42.639779005524865,164.33035714285717
KA51AK0326,intellicar-KA51AK0326-2026-04-01_2026-06-01 (2).csv,2026-04-07 18:26:28,2026-04-07 19:13:59,0.7919444444444445,92315.65625,56.0,50.0,6.0,13.2265625,17.552083333333332,63.625,43.0,220.44270833333334
KA51AK0326,intellicar-KA51AK0326-2026-04-01_2026-06-01 (2).csv,2026-04-08 01:24:29,2026-04-08 04:24:03,2.992777777777778,92339.21875,64.0,38.0,26.0,61.5078125,28.503170289855074,87.625,39.768115942028984,236.5685096153846
KA51AK0326,intellicar-KA51AK0326-2026-04-01_2026-06-01 (2).csv,2026-04-08 05:24:01,2026-04-08 11:20:35,5.942777777777778,92400.734375,94.0,33.0,61.0,113.65625,22.368690851735014,88.125,46.60410094637224,186.32172131147541
KA51AK0326,intellicar-KA51AK0326-2026-04-01_2026-06-01 (2).csv,2026-04-08 12:21:34,2026-04-08 12:57:36,0.6005555555555555,92514.390625,90.0,84.0,6.0,6.5234375,12.39864864864865,63.875,41.17567567567568,108.72395833333333
KA51AK0326,intellicar-KA51AK0326-2026-04-01_2026-06-01 (2).csv,2026-04-09 06:15:10,2026-04-09 08:29:10,2.2333333333333334,92581.6328125,90.0,77.0,13.0,11.75,8.321479885057471,52.0,43.52298850574713,90.38461538461539
KA51AK0326,intellicar-KA51AK0326-2026-04-01_2026-06-01 (2).csv,2026-04-09 08:29:12,2026-04-09 10:25:11,1.9330555555555555,92593.375,78.0,60.0,18.0,13.3125,10.94392523364486,73.375,48.20872274143302,73.95833333333334
KA51AK0326,intellicar-KA51AK0326-2026-04-01_2026-06-01 (2).csv,2026-04-09 10:39:42,2026-04-09 11:18:13,0.6419444444444444,92609.203125,59.0,46.0,13.0,15.8515625,24.1525974025974,67.375,46.74025974025974,121.93509615384615
KA51AK0326,intellicar-KA51AK0326-2026-04-01_2026-06-01 (2).csv,2026-04-09 11:25:13,2026-04-09 11:37:43,0.20833333333333334,92630.71875,44.0,37.0,7.0,10.546875,49.8235294117647,88.25,47.470588235294116,150.66964285714286
KA51AK0326,intellicar-KA51AK0326-2026-04-01_2026-06-01 (2).csv,2026-04-09 11:38:11,2026-04-09 12:15:43,0.6255555555555555,92641.671875,38.0,29.0,9.0,15.2734375,26.113486842105264,87.375,48.61842105263158,169.70486111111111
KA51AK0326,intellicar-KA51AK0326-2026-04-01_2026-06-01 (2).csv,2026-04-09 13:57:12,2026-04-09 16:42:15,2.7508333333333335,92656.9453125,95.0,79.0,16.0,28.2109375,20.39142857142857,84.625,41.36571428571428,176.318359375
KA51AK0326,intellicar-KA51AK0326-2026-04-01_2026-06-01 (2).csv,2026-04-09 16:42:43,2026-04-09 17:48:45,1.1005555555555555,92685.546875,80.0,71.0,9.0,17.234375,16.866541353383457,81.5,42.0,191.49305555555557
KA51AK0326,intellicar-KA51AK0326-2026-04-01_2026-06-01 (2).csv,2026-04-10 07:35:17,2026-04-10 09:22:49,1.7922222222222222,92749.6875,43.0,20.0,23.0,47.3046875,33.6407967032967,86.625,46.56043956043956,205.67255434782606
KA51AK0326,intellicar-KA51AK0326-2026-04-01_2026-06-01 (2).csv,2026-04-10 10:48:50,2026-04-10 12:22:26,1.56,92799.5078125,94.0,83.0,11.0,17.6484375,13.448008849557523,56.5,42.51917404129794,160.4403409090909
KA51AK0326,intellicar-KA51AK0326-2026-04-01_2026-06-01 (2).csv,2026-04-10 12:22:49,2026-04-10 15:31:53,3.151111111111111,92817.2734375,84.0,54.0,30.0,47.6875,15.744708994708995,66.0,44.29100529100529,158.95833333333334
KA51AK0326,intellicar-KA51AK0326-2026-04-01_2026-06-01 (2).csv,2026-04-10 16:51:51,2026-04-10 17:59:24,1.1258333333333332,92865.046875,90.0,76.0,14.0,22.359375,22.057971014492754,77.25,41.55797101449275,159.70982142857142
KA51AK0326,intellicar-KA51AK0326-2026-04-01_2026-06-01 (2).csv,2026-04-10 17:59:51,2026-04-10 18:45:21,0.7583333333333333,92887.609375,77.0,69.0,8.0,13.421875,22.136574074074073,80.625,42.0,167.7734375
KA51AK0326,intellicar-KA51AK0326-2026-04-01_2026-06-01 (2).csv,2026-04-10 18:45:24,2026-04-10 19:28:54,0.725,92900.90625,70.0,60.0,10.0,10.3984375,12.939606741573034,59.75,42.0,103.984375
KA51AK0326,intellicar-KA51AK0326-2026-04-01_2026-06-01 (2).csv,2026-04-10 19:29:22,2026-04-10 21:17:23,1.8002777777777779,92911.609375,61.0,34.0,27.0,59.828125,36.26081730769231,80.75,41.55288461538461,221.58564814814815
KA51AK0326,intellicar-KA51AK0326-2026-04-01_2026-06-01 (2).csv,2026-04-11 02:16:55,2026-04-11 02:59:55,0.7166666666666667,92978.90625,84.0,73.0,11.0,23.5703125,34.02745664739884,79.375,39.358381502890175,214.27556818181816
KA51AK0326,intellicar-KA51AK0326-2026-04-01_2026-06-01 (2).csv,2026-04-11 03:00:24,2026-04-11 06:35:27,3.5841666666666665,93002.8515625,74.0,44.0,30.0,60.1171875,22.13869382022472,70.625,41.88202247191011,200.390625
KA51AK0326,intellicar-KA51AK0326-2026-04-01_2026-06-01 (2).csv,2026-04-11 06:35:55,2026-04-11 07:06:58,0.5175,93063.0546875,45.0,37.0,8.0,12.34375,27.761627906976745,81.25,44.775193798449614,154.296875
KA51AK0326,intellicar-KA51AK0326-2026-04-01_2026-06-01 (2).csv,2026-04-11 07:07:55,2026-04-11 07:49:58,0.7008333333333333,93076.9921875,37.0,26.0,11.0,24.359375,37.20134730538922,88.25,47.11377245508982,221.44886363636363
KA51AK0326,intellicar-KA51AK0326-2026-04-01_2026-06-01 (2).csv,2026-04-11 09:14:26,2026-04-11 11:58:59,2.7425,93101.375,94.0,70.0,24.0,52.3515625,23.353092783505154,81.875,45.044673539518904,218.13151041666666
KA51AK0326,intellicar-KA51AK0326-2026-04-01_2026-06-01 (2).csv,2026-04-11 11:59:27,2026-04-11 12:22:59,0.39222222222222225,93154.1015625,71.0,66.0,5.0,9.9296875,26.3671875,64.875,48.0,198.59375
KA51AK0326,intellicar-KA51AK0326-2026-04-01_2026-06-01 (2).csv,2026-04-11 12:23:27,2026-04-11 16:54:32,4.518055555555556,93164.265625,67.0,35.0,32.0,41.9453125,12.092149220489977,57.125,47.56792873051225,131.0791015625
KA51AK0326,intellicar-KA51AK0326-2026-04-01_2026-06-01 (2).csv,2026-04-11 17:27:29,2026-04-11 18:04:03,0.6094444444444445,93206.546875,61.0,56.0,5.0,7.609375,20.567934782608695,58.25,42.32608695652174,152.1875
KA51AK0326,intellicar-KA51AK0326-2026-04-01_2026-06-01 (2).csv,2026-04-11 18:04:29,2026-04-11 21:14:01,3.158888888888889,93214.3203125,57.0,28.0,29.0,48.2734375,18.014221556886227,77.125,41.4251497005988,166.46012931034483
KA51AK0326,intellicar-KA51AK0326-2026-04-01_2026-06-01 (2).csv,2026-04-12 01:51:31,2026-04-12 04:14:33,2.383888888888889,93262.59375,72.0,57.0,15.0,34.3984375,17.52091836734694,55.75,41.57142857142857,229.32291666666669
KA51AK0326,intellicar-KA51AK0326-2026-04-01_2026-06-01 (2).csv,2026-04-12 04:15:01,2026-04-12 06:28:04,2.2175,93297.265625,58.0,26.0,32.0,54.21875,26.389367816091955,86.625,43.83141762452107,169.43359375
KA51AK0326,intellicar-KA51AK0326-2026-04-01_2026-06-01 (2).csv,2026-04-12 06:28:32,2026-04-12 07:28:04,0.9922222222222222,93352.1171875,27.0,11.0,16.0,26.359375,31.425233644859812,90.75,47.73831775700935,164.74609375
KA51AK0326,intellicar-KA51AK0326-2026-04-01_2026-06-01 (2).csv,2026-04-12 08:51:03,2026-04-12 13:32:36,4.6925,93378.4921875,95.0,34.0,61.0,114.0703125,29.394829317269075,90.75,46.7570281124498,187.00051229508196
KA51AK0326,intellicar-KA51AK0326-2026-04-01_2026-06-01 (2).csv,2026-04-12 14:00:35,2026-04-12 14:59:37,0.9838888888888889,93492.609375,62.0,46.0,16.0,34.234375,36.884375,78.0,43.166666666666664,213.96484375
KA51AK0326,intellicar-KA51AK0326-2026-04-01_2026-06-01 (2).csv,2026-04-12 15:00:05,2026-04-12 16:25:37,1.4255555555555555,93527.1171875,47.0,28.0,19.0,41.6171875,30.239035087719298,79.375,43.473684210526315,219.0378289473684
KA51AK0326,intellicar-KA51AK0326-2026-04-01_2026-06-01 (2).csv,2026-04-12 17:11:06,2026-04-12 18:20:07,1.1502777777777777,93568.734375,77.0,56.0,21.0,40.2890625,36.229464285714286,88.75,41.885714285714286,191.85267857142858
KA51AK0326,intellicar-KA51AK0326-2026-04-01_2026-06-01 (2).csv,2026-04-12 18:20:36,2026-04-12 20:22:38,2.033888888888889,93609.3203125,57.0,37.0,20.0,40.6484375,22.11181434599156,60.375,41.734177215189874,203.24218749999997
KA51AK0326,intellicar-KA51AK0326-2026-04-01_2026-06-01 (2).csv,2026-04-12 20:23:07,2026-04-13 01:32:08,5.150277777777778,93650.140625,38.0,31.0,7.0,13.4453125,26.081666666666667,69.875,39.8,192.07589285714286
KA51AK0326,intellicar-KA51AK0326-2026-04-01_2026-06-01 (2).csv,2026-04-13 02:52:37,2026-04-13 07:55:41,5.051111111111111,93663.5859375,88.0,63.0,25.0,30.890625,10.878862359550562,68.875,45.896067415730336,123.5625
KA51AK0326,intellicar-KA51AK0326-2026-04-01_2026-06-01 (2).csv,2026-04-13 08:18:39,2026-04-13 09:30:09,1.1916666666666667,93694.4765625,89.0,82.0,7.0,7.5546875,12.154454022988507,59.5,45.98850574712644,107.92410714285714
KA51AK0326,intellicar-KA51AK0326-2026-04-01_2026-06-01 (2).csv,2026-04-13 09:35:09,2026-04-13 12:27:12,2.8675,93703.84375,82.0,53.0,29.0,35.34375,13.91304347826087,67.0,47.31304347826087,121.875
KA51AK0326,intellicar-KA51AK0326-2026-04-01_2026-06-01 (2).csv,2026-04-13 12:27:40,2026-04-13 13:28:44,1.0177777777777777,93739.3671875,54.0,36.0,18.0,36.8125,38.9410569105691,86.625,48.47154471544715,204.51388888888889
KA51AK0326,intellicar-KA51AK0326-2026-04-01_2026-06-01 (2).csv,2026-04-13 15:26:11,2026-04-13 16:49:42,1.3919444444444444,93782.3046875,90.0,77.0,13.0,23.46875,17.86123511904762,77.25,42.31547619047619,180.52884615384613
KA51AK0326,intellicar-KA51AK0326-2026-04-01_2026-06-01 (2).csv,2026-04-13 16:49:44,2026-04-13 18:58:43,2.149722222222222,93805.4609375,78.0,57.0,21.0,44.6484375,24.032838983050848,68.625,43.0,212.61160714285717
KA51AK0326,intellicar-KA51AK0326-2026-04-01_2026-06-01 (2).csv,2026-04-13 18:58:44,2026-04-13 19:45:43,0.7830555555555555,93849.8515625,58.0,50.0,8.0,15.2890625,22.279272151898734,65.25,42.89873417721519,191.11328125
KA51AK0326,intellicar-KA51AK0326-2026-04-01_2026-06-01 (2).csv,2026-04-13 19:46:12,2026-04-13 21:39:14,1.883888888888889,93865.453125,51.0,19.0,32.0,66.875,37.88215859030837,90.375,42.39647577092511,208.984375
KA51AK0326,intellicar-KA51AK0326-2026-04-01_2026-06-01 (2).csv,2026-04-13 21:39:43,2026-04-13 22:12:44,0.5502777777777778,93932.53125,20.0,15.0,5.0,7.5234375,18.24537037037037,85.25,44.0,150.46875
KA51AK0326,intellicar-KA51AK0326-2026-04-01_2026-06-01 (2).csv,2026-04-13 23:00:13,2026-04-14 02:16:45,3.2755555555555556,93940.0546875,74.0,60.0,14.0,27.984375,28.226190476190474,90.5,41.904761904761905,199.88839285714286
KA51AK0326,intellicar-KA51AK0326-2026-04-01_2026-06-01 (2).csv,2026-04-14 02:17:13,2026-04-14 05:19:16,3.0341666666666667,93968.6328125,61.0,32.0,29.0,46.1796875,18.66364353312303,91.375,41.602523659305994,159.24030172413794
KA51AK0326,intellicar-KA51AK0326-2026-04-01_2026-06-01 (2).csv,2026-04-14 06:36:14,2026-04-14 10:02:19,3.4347222222222222,94017.3671875,92.0,52.0,40.0,67.5625,24.555873925501434,84.375,46.4269340974212,168.90625
KA51AK0326,intellicar-KA51AK0326-2026-04-01_2026-06-01 (2).csv,2026-04-14 10:53:16,2026-04-14 13:13:18,2.3338888888888887,94084.9453125,94.0,83.0,11.0,18.015625,14.4375,88.0,42.86585365853659,163.7784090909091
KA51AK0326,intellicar-KA51AK0326-2026-04-01_2026-06-01 (2).csv,2026-04-14 13:40:49,2026-04-14 14:18:18,0.6247222222222222,94120.34375,77.0,71.0,6.0,10.5546875,16.800335570469798,56.125,45.939597315436245,175.91145833333331
KA51AK0326,intellicar-KA51AK0326-2026-04-01_2026-06-01 (2).csv,2026-04-14 14:18:47,2026-04-14 16:34:50,2.2675,94131.0546875,72.0,51.0,21.0,31.28125,15.635707635009311,55.25,46.40595903165735,148.95833333333331
KA51AK0326,intellicar-KA51AK0326-2026-04-01_2026-06-01 (2).csv,2026-04-14 16:34:51,2026-04-14 18:14:18,1.6575,94162.234375,52.0,33.0,19.0,38.75,25.068324937027707,60.625,45.53652392947103,203.9473684210526
KA51AK0326,intellicar-KA51AK0326-2026-04-01_2026-06-01 (2).csv,2026-04-14 18:14:20,2026-04-14 19:13:49,0.9913888888888889,94200.71875,34.0,25.0,9.0,15.7734375,27.553571428571427,66.625,45.0,175.26041666666669
KA51AK0326,intellicar-KA51AK0326-2026-04-01_2026-06-01 (2).csv,2026-04-15 00:35:19,2026-04-15 00:54:21,0.31722222222222224,94219.28125,78.0,70.0,8.0,15.1640625,50.18589743589744,84.125,40.794871794871796,189.55078125
KA51AK0326,intellicar-KA51AK0326-2026-04-01_2026-06-01 (2).csv,2026-04-15 01:14:49,2026-04-15 02:09:21,0.9088888888888889,94243.4921875,68.0,53.0,15.0,34.3515625,38.81828703703704,82.75,40.73148148148148,229.01041666666666
KA51AK0326,intellicar-KA51AK0326-2026-04-01_2026-06-01 (2).csv,2026-04-15 10:31:54,2026-04-15 12:37:55,2.100277777777778,94357.34375,38.0,33.0,5.0,7.8046875,19.72087378640777,51.625,48.1747572815534,156.09375
KA51AK0326,intellicar-KA51AK0326-2026-04-01_2026-06-01 (2).csv,2026-04-15 13:30:23,2026-04-15 14:07:56,0.6258333333333334,94365.15625,92.0,86.0,6.0,3.8203125,6.796052631578948,54.625,41.44736842105263,63.671875
KA51AK0326,intellicar-KA51AK0326-2026-04-01_2026-06-01 (2).csv,2026-04-15 14:08:23,2026-04-15 15:36:55,1.4755555555555555,94369.3359375,87.0,69.0,18.0,28.40625,20.82935393258427,73.125,43.89887640449438,157.8125
KA51AK0326,intellicar-KA51AK0326-2026-04-01_2026-06-01 (2).csv,2026-04-15 15:37:23,2026-04-15 16:30:25,0.8838888888888888,94398.2421875,70.0,57.0,13.0,26.40625,32.24182242990654,87.625,46.0,203.125
KA51AK0326,intellicar-KA51AK0326-2026-04-01_2026-06-01 (2).csv,2026-04-15 17:15:54,2026-04-15 19:12:55,1.9502777777777778,94424.6484375,94.0,74.0,20.0,46.78125,25.22563559322034,74.75,41.317796610169495,233.90624999999997
KA51AK0326,intellicar-KA51AK0326-2026-04-01_2026-06-01 (2).csv,2026-04-15 20:42:25,2026-04-16 00:02:27,3.3338888888888887,94482.3359375,96.0,67.0,29.0,64.2890625,22.378048780487806,90.75,41.16260162601626,221.6864224137931
KA51AK0326,intellicar-KA51AK0326-2026-04-01_2026-06-01 (2).csv,2026-04-16 00:31:25,2026-04-16 01:17:57,0.7755555555555556,94546.625,95.0,83.0,12.0,28.4453125,37.72074468085106,84.625,43.98936170212766,237.04427083333334
KA51AK0326,intellicar-KA51AK0326-2026-04-01_2026-06-01 (2).csv,2026-04-16 01:36:55,2026-04-16 06:11:29,4.5761111111111115,94584.734375,81.0,51.0,30.0,50.578125,18.049295774647888,78.125,43.822535211267606,168.59375
KA51AK0326,intellicar-KA51AK0326-2026-04-01_2026-06-01 (2).csv,2026-04-16 06:45:57,2026-04-16 07:58:57,1.2166666666666666,94635.3203125,85.0,71.0,14.0,10.859375,10.122340425531915,52.125,44.57446808510638,77.56696428571429
KA51AK0326,intellicar-KA51AK0326-2026-04-01_2026-06-01 (2).csv,2026-04-16 08:03:00,2026-04-16 08:41:29,0.6413888888888889,94646.671875,71.0,62.0,9.0,9.171875,14.774390243902438,65.875,47.18292682926829,101.90972222222223
KA51AK0326,intellicar-KA51AK0326-2026-04-01_2026-06-01 (2).csv,2026-04-16 08:41:57,2026-04-16 09:02:02,0.3347222222222222,94656.2734375,63.0,57.0,6.0,10.0703125,33.00914634146341,58.875,48.36585365853659,167.83854166666669
KA51AK0326,intellicar-KA51AK0326-2026-04-01_2026-06-01 (2).csv,2026-04-16 09:02:28,2026-04-16 10:01:00,0.9755555555555555,94666.640625,58.0,38.0,20.0,37.1875,40.53846153846154,88.25,47.81196581196581,185.9375
KA51AK0326,intellicar-KA51AK0326-2026-04-01_2026-06-01 (2).csv,2026-04-16 11:00:28,2026-04-16 11:26:59,0.4419444444444444,94703.828125,82.0,76.0,6.0,8.4140625,19.64252336448598,61.5,44.0,140.234375
KA51AK0326,intellicar-KA51AK0326-2026-04-01_2026-06-01 (2).csv,2026-04-16 11:27:01,2026-04-16 11:55:29,0.47444444444444445,94711.953125,77.0,72.0,5.0,6.71875,14.522321428571429,67.75,44.4375,134.375
KA51AK0326,intellicar-KA51AK0326-2026-04-01_2026-06-01 (2).csv,2026-04-16 11:55:31,2026-04-16 14:49:29,2.8994444444444443,94718.2578125,73.0,55.0,18.0,31.734375,13.790523156089193,61.75,45.74785591766724,176.30208333333331
KA51AK0326,intellicar-KA51AK0326-2026-04-01_2026-06-01 (2).csv,2026-04-16 14:49:32,2026-04-16 15:19:02,0.49166666666666664,94749.71875,56.0,50.0,6.0,10.75,22.955208333333335,59.25,45.81666666666667,179.16666666666669
KA51AK0326,intellicar-KA51AK0326-2026-04-01_2026-06-01 (2).csv,2026-04-16 15:19:30,2026-04-16 17:02:02,1.708888888888889,94760.765625,51.0,36.0,15.0,30.4375,22.575714285714287,60.75,45.902857142857144,202.91666666666669
KA51AK0326,intellicar-KA51AK0326-2026-04-01_2026-06-01 (2).csv,2026-04-16 17:36:00,2026-04-16 19:30:32,1.9088888888888889,94791.203125,74.0,53.0,21.0,37.921875,20.71374458874459,67.5,41.082251082251084,180.58035714285714
KA51AK0326,intellicar-KA51AK0326-2026-04-01_2026-06-01 (2).csv,2026-04-16 19:31:01,2026-04-16 21:14:02,1.7169444444444444,94829.375,54.0,46.0,8.0,16.3203125,26.0625,73.625,40.9625,204.00390625
KA51AK0326,intellicar-KA51AK0326-2026-04-01_2026-06-01 (2).csv,2026-04-16 21:14:31,2026-04-16 22:58:33,1.7338888888888888,94845.765625,47.0,20.0,27.0,57.84375,39.516622340425535,89.625,40.765957446808514,214.23611111111111
KA51AK0326,intellicar-KA51AK0326-2026-04-01_2026-06-01 (2).csv,2026-04-16 23:54:01,2026-04-17 00:25:32,0.5252777777777777,94903.609375,88.0,77.0,11.0,25.875,52.525390625,89.875,43.1875,235.22727272727272
KA51AK0326,intellicar-KA51AK0326-2026-04-01_2026-06-01 (2).csv,2026-04-17 00:26:02,2026-04-17 01:24:04,0.9672222222222222,94929.75,78.0,71.0,7.0,14.6953125,16.819444444444443,76.75,43.0,209.93303571428572
KA51AK0326,intellicar-KA51AK0326-2026-04-01_2026-06-01 (2).csv,2026-04-17 01:24:32,2026-04-17 02:59:04,1.5755555555555556,94944.734375,72.0,52.0,20.0,42.015625,28.826973684210525,73.0,42.747368421052634,210.07812499999997
KA51AK0326,intellicar-KA51AK0326-2026-04-01_2026-06-01 (2).csv,2026-04-17 13:16:05,2026-04-17 17:01:09,3.7511111111111113,95041.7734375,96.0,65.0,31.0,43.2265625,13.006024096385541,68.625,43.12530120481928,139.44052419354838
KA51AK0326,intellicar-KA51AK0326-2026-04-01_2026-06-01 (2).csv,2026-04-17 17:01:37,2026-04-17 20:31:09,3.4922222222222223,95085.1796875,66.0,29.0,37.0,64.0390625,19.424107142857142,73.0,44.4,173.0785472972973
KA51AK0326,intellicar-KA51AK0326-2026-04-01_2026-06-01 (2).csv,2026-04-17 21:33:08,2026-04-18 00:09:39,2.608611111111111,95149.21875,96.0,73.0,23.0,43.1484375,33.126479289940825,82.125,40.50887573964497,187.60190217391303
KA51AK0326,intellicar-KA51AK0326-2026-04-01_2026-06-01 (2).csv,2026-04-18 00:10:08,2026-04-18 00:23:09,0.21694444444444444,95192.8046875,74.0,68.0,6.0,13.1171875,64.29629629629629,83.0,41.0,218.61979166666666
KA51AK0326,intellicar-KA51AK0326-2026-04-01_2026-06-01 (2).csv,2026-04-18 00:23:38,2026-04-18 00:49:10,0.4255555555555556,95206.265625,69.0,61.0,8.0,16.453125,42.21634615384615,86.5,41.0,205.6640625
KA51AK0326,intellicar-KA51AK0326-2026-04-01_2026-06-01 (2).csv,2026-04-18 03:39:09,2026-04-18 06:12:40,2.558611111111111,95225.2109375,96.0,65.0,31.0,52.6875,22.200819672131146,81.0,43.4327868852459,169.95967741935485
KA51AK0326,intellicar-KA51AK0326-2026-04-01_2026-06-01 (2).csv,2026-04-18 06:12:42,2026-04-18 06:46:13,0.5586111111111111,95277.8984375,66.0,61.0,5.0,4.53125,8.402985074626866,59.0,47.1044776119403,90.625
KA51AK0326,intellicar-KA51AK0326-2026-04-01_2026-06-01 (2).csv,2026-04-18 06:46:43,2026-04-18 08:02:10,1.2575,95282.703125,62.0,45.0,17.0,23.7421875,20.242083333333333,57.375,48.36333333333334,139.65992647058823
KA51AK0326,intellicar-KA51AK0326-2026-04-01_2026-06-01 (2).csv,2026-04-18 08:02:13,2026-04-18 08:17:14,0.25027777777777777,95306.234375,46.0,41.0,5.0,5.734375,24.093220338983052,53.625,46.28813559322034,114.68750000000001
KA51AK0326,intellicar-KA51AK0326-2026-04-01_2026-06-01 (2).csv,2026-04-18 08:42:10,2026-04-18 11:37:11,2.9169444444444443,95312.25,42.0,24.0,18.0,29.078125,15.717323651452283,55.0,46.04979253112033,161.54513888888889
KA51AK0326,intellicar-KA51AK0326-2026-04-01_2026-06-01 (2).csv,2026-04-18 13:13:14,2026-04-18 15:10:16,1.9505555555555556,95343.25,89.0,68.0,21.0,26.5,14.390191897654585,53.25,44.95735607675906,126.19047619047619
KA51AK0326,intellicar-KA51AK0326-2026-04-01_2026-06-01 (2).csv,2026-04-18 15:10:43,2026-04-18 17:35:14,2.408611111111111,95370.0859375,69.0,50.0,19.0,25.546875,11.887241054613936,50.875,46.0,134.45723684210526
KA51AK0326,intellicar-KA51AK0326-2026-04-01_2026-06-01 (2).csv,2026-04-19 04:24:46,2026-04-19 04:47:18,0.37555555555555553,95425.65625,54.0,49.0,5.0,6.296875,18.13324175824176,55.375,43.0,125.93749999999999
KA51AK0326,intellicar-KA51AK0326-2026-04-01_2026-06-01 (2).csv,2026-04-19 04:47:18,2026-04-19 05:26:49,0.6586111111111111,95431.8046875,50.0,37.0,13.0,23.9609375,38.45569620253165,85.5,44.151898734177216,184.31490384615387
KA51AK0326,intellicar-KA51AK0326-2026-04-01_2026-06-01 (2).csv,2026-04-19 05:30:49,2026-04-19 06:17:19,0.775,95459.984375,36.0,23.0,13.0,24.703125,40.477649006622514,91.0,46.82781456953642,190.02403846153845
KA51AK0326,intellicar-KA51AK0326-2026-04-01_2026-06-01 (2).csv,2026-04-19 07:40:47,2026-04-19 09:26:48,1.7669444444444444,95485.078125,92.0,67.0,25.0,50.234375,31.04481707317073,89.375,44.46341463414634,200.9375
KA51AK0326,intellicar-KA51AK0326-2026-04-01_2026-06-01 (2).csv,2026-04-19 09:26:49,2026-04-19 11:19:50,1.8836111111111111,95535.0,68.0,36.0,32.0,55.1875,28.633830022075056,88.875,47.554083885209714,172.4609375
KA51AK0326,intellicar-KA51AK0326-2026-04-01_2026-06-01 (2).csv,2026-04-19 11:20:18,2026-04-19 12:18:20,0.9672222222222222,95590.4140625,37.0,20.0,17.0,39.1328125,43.248931623931625,90.375,48.30769230769231,230.19301470588235
KA51AK0326,intellicar-KA51AK0326-2026-04-01_2026-06-01 (2).csv,2026-04-19 13:29:19,2026-04-19 14:17:49,0.8083333333333333,95629.6015625,89.0,80.0,9.0,13.4140625,20.364520958083833,84.0,43.23353293413174,149.04513888888889
KA51AK0326,intellicar-KA51AK0326-2026-04-01_2026-06-01 (2).csv,2026-04-19 14:21:49,2026-04-19 14:38:22,0.2758333333333333,95645.046875,80.0,73.0,7.0,16.015625,59.856617647058826,83.5,44.794117647058826,228.79464285714283
KA51AK0326,intellicar-KA51AK0326-2026-04-01_2026-06-01 (2).csv,2026-04-19 14:38:49,2026-04-19 17:45:52,3.1175,95661.4921875,74.0,36.0,38.0,61.578125,21.14639037433155,68.375,46.31283422459893,162.04769736842107
KA51AK0326,intellicar-KA51AK0326-2026-04-01_2026-06-01 (2).csv,2026-04-20 02:19:54,2026-04-20 03:12:24,0.875,95768.8125,70.0,55.0,15.0,33.28125,39.14778037383178,91.375,41.87850467289719,221.875
KA51AK0326,intellicar-KA51AK0326-2026-04-01_2026-06-01 (2).csv,2026-05-08 10:39:33,2026-05-08 15:53:02,5.224722222222222,95895.71875,99.0,19.0,80.0,65.515625,14.680628272251308,78.75,44.66317626527051,81.89453125
KA51AK0326,intellicar-KA51AK0326-2026-04-01_2026-06-01 (2).csv,2026-05-13 11:26:14,2026-05-13 15:12:43,3.774722222222222,96013.828125,95.0,74.0,21.0,30.9296875,10.074935400516797,48.75,45.640826873385016,147.28422619047618
KA51AK0326,intellicar-KA51AK0326-2026-04-01_2026-06-01 (2).csv,2026-05-13 15:13:13,2026-05-13 15:47:43,0.575,96044.875,75.0,69.0,6.0,8.46875,15.976785714285715,52.625,47.0,141.14583333333331
KA51AK0326,intellicar-KA51AK0326-2026-04-01_2026-06-01 (2).csv,2026-05-13 15:48:13,2026-05-13 17:31:14,1.7169444444444444,96053.5546875,70.0,58.0,12.0,22.0703125,14.649497487437186,59.875,46.54773869346734,183.91927083333331
KA51AK0326,intellicar-KA51AK0326-2026-04-01_2026-06-01 (2).csv,2026-05-14 01:00:16,2026-05-14 05:33:18,4.5505555555555555,96078.9453125,97.0,85.0,12.0,28.3125,11.247332317073171,52.125,40.26219512195122,235.9375
KA51AK0326,intellicar-KA51AK0326-2026-04-01_2026-06-01 (2).csv,2026-05-14 05:33:48,2026-05-14 10:27:50,4.900555555555556,96107.484375,86.0,60.0,26.0,53.8515625,15.476307189542483,59.75,45.289760348583876,207.12139423076925
KA51AK0326,intellicar-KA51AK0326-2026-04-01_2026-06-01 (2).csv,2026-05-14 10:27:50,2026-05-14 11:33:20,1.0916666666666666,96161.2890625,61.0,55.0,6.0,12.3359375,12.271153846153846,40.375,48.0,205.59895833333334
KA51AK0326,intellicar-KA51AK0326-2026-04-01_2026-06-01 (2).csv,2026-05-14 11:33:20,2026-05-14 12:51:21,1.3002777777777779,96173.453125,56.0,49.0,7.0,16.6796875,13.977201257861635,40.5,48.0,238.28125
KA51AK0326,intellicar-KA51AK0326-2026-04-01_2026-06-01 (2).csv,2026-05-14 12:51:21,2026-05-14 15:45:52,2.908611111111111,96190.0546875,50.0,35.0,15.0,23.1328125,9.352734375,44.375,47.815625,154.21875
KA51AK0326,intellicar-KA51AK0326-2026-04-01_2026-06-01 (2).csv,2026-05-15 00:56:54,2026-05-15 03:09:25,2.2086111111111113,96227.140625,90.0,76.0,14.0,39.0703125,20.41897233201581,67.25,39.06719367588933,279.0736607142857
KA51AK0326,intellicar-KA51AK0326-2026-04-01_2026-06-01 (2).csv,2026-05-15 03:09:55,2026-05-15 03:51:25,0.6916666666666667,96266.5234375,77.0,71.0,6.0,16.3203125,26.123511904761905,69.125,40.0,272.00520833333337
KA51AK0326,intellicar-KA51AK0326-2026-04-01_2026-06-01 (2).csv,2026-05-15 04:23:25,2026-05-15 09:35:57,5.208888888888889,96282.8515625,96.0,67.0,29.0,65.796875,17.765243902439025,79.625,44.1280487804878,226.88577586206895
KA51AK0326,intellicar-KA51AK0326-2026-04-01_2026-06-01 (2).csv,2026-05-15 12:41:58,2026-05-15 14:08:29,1.4419444444444445,96355.171875,89.0,83.0,6.0,9.984375,7.730029585798817,50.75,42.0,166.40625
KA51AK0326,intellicar-KA51AK0326-2026-04-01_2026-06-01 (2).csv,2026-05-16 03:58:03,2026-05-16 05:12:03,1.2333333333333334,96446.171875,94.0,82.0,12.0,25.171875,22.958904109589042,67.0,42.67123287671233,209.765625
KA51AK0326,intellicar-KA51AK0326-2026-04-01_2026-06-01 (2).csv,2026-05-16 05:19:04,2026-05-16 08:05:35,2.7752777777777777,96476.7578125,81.0,69.0,12.0,22.09375,9.182993730407523,63.5,45.11912225705329,184.11458333333331
KA51AK0326,intellicar-KA51AK0326-2026-04-01_2026-06-01 (2).csv,2026-05-16 08:06:05,2026-05-16 08:38:35,0.5416666666666666,96499.1015625,70.0,62.0,8.0,16.8125,34.57954545454545,66.375,46.59090909090909,210.15625
KA51AK0326,intellicar-KA51AK0326-2026-04-01_2026-06-01 (2).csv,2026-05-16 10:06:05,2026-05-16 14:29:37,4.392222222222222,96518.296875,96.0,89.0,7.0,47.0078125,14.868529411764706,69.625,43.752941176470586,671.5401785714286
KA51AK0326,intellicar-KA51AK0326-2026-04-01_2026-06-01 (2).csv,2026-05-16 14:30:07,2026-05-16 16:46:08,2.2669444444444444,96565.5859375,90.0,77.0,13.0,25.3671875,12.190018315018316,50.5,45.0,195.13221153846155
KA51AK0326,intellicar-KA51AK0326-2026-04-01_2026-06-01 (2).csv,2026-05-16 16:46:38,2026-05-16 17:17:08,0.5083333333333333,96591.1953125,78.0,73.0,5.0,8.421875,18.588709677419356,41.5,45.0,168.4375
KA51AK0326,intellicar-KA51AK0326-2026-04-01_2026-06-01 (2).csv,2026-05-17 01:01:40,2026-05-17 03:10:41,2.1502777777777777,96614.4375,100.0,86.0,14.0,43.1171875,24.188841201716738,64.375,42.63948497854077,307.9799107142857
KA51AK0326,intellicar-KA51AK0326-2026-04-01_2026-06-01 (2).csv,2026-05-17 05:48:12,2026-05-17 08:40:43,2.875277777777778,96679.53125,94.0,68.0,26.0,70.6015625,26.88939606741573,75.0,46.19662921348315,271.5444711538462
KA51AK0326,intellicar-KA51AK0326-2026-04-01_2026-06-01 (2).csv,2026-05-28 06:37:03,2026-05-28 10:49:35,4.208888888888889,97166.5078125,100.0,67.0,33.0,51.2734375,16.728710462287104,63.75,45.47445255474452,155.37405303030303
KA51AK0326,intellicar-KA51AK0326-2026-04-01_2026-06-01 (2).csv,2026-05-28 11:10:05,2026-05-28 16:43:06,5.550277777777778,97225.25,66.0,32.0,34.0,55.421875,14.606545275590552,65.5,47.588582677165356,163.00551470588235
KA51AK0326,intellicar-KA51AK0326-2026-04-01_2026-06-01 (2).csv,2026-05-28 18:17:37,2026-05-28 21:20:37,3.05,97285.484375,91.0,62.0,29.0,61.5625,23.01231884057971,66.625,39.6231884057971,212.2844827586207
KA51AK0326,intellicar-KA51AK0326-2026-04-01_2026-06-01 (2).csv,2026-05-29 09:47:10,2026-05-29 12:40:12,2.883888888888889,97354.0859375,100.0,76.0,24.0,39.421875,15.372456395348838,69.0,45.42151162790697,164.2578125
KA51AK0326,intellicar-KA51AK0326-2026-04-01_2026-06-01 (2).csv,2026-05-29 12:40:12,2026-05-29 14:21:12,1.6833333333333333,97393.625,77.0,64.0,13.0,17.4921875,14.513449367088608,47.375,43.063291139240505,134.55528846153845
KA51AK0326,intellicar-KA51AK0326-2026-04-01_2026-06-01 (2).csv,2026-05-30 09:23:47,2026-05-30 10:04:18,0.6752777777777778,97482.6015625,100.0,95.0,5.0,4.375,8.864406779661017,53.125,44.847457627118644,87.5
KA51AK0326,intellicar-KA51AK0326-2026-04-01_2026-06-01 (2).csv,2026-05-30 10:04:18,2026-05-30 10:34:18,0.5,97486.9765625,96.0,89.0,7.0,7.0859375,17.016393442622952,71.875,45.73770491803279,101.22767857142858
KA51AK0326,intellicar-KA51AK0326-2026-04-01_2026-06-01 (2).csv,2026-05-30 10:34:48,2026-05-30 13:48:49,3.233611111111111,97494.296875,90.0,83.0,7.0,3.625,5.886986301369863,33.625,45.821917808219176,51.78571428571429
KA51AK0326,intellicar-KA51AK0326-2026-04-01_2026-06-01 (2).csv,2026-05-31 05:14:53,2026-05-31 09:09:24,3.908611111111111,97547.0546875,100.0,77.0,23.0,33.359375,13.445216049382717,62.375,44.19135802469136,145.04076086956522
KA51AK0326,intellicar-KA51AK0326-2026-04-01_2026-06-01 (2).csv,2026-05-31 09:09:24,2026-05-31 13:20:25,4.183611111111111,97580.4140625,78.0,46.0,32.0,55.2265625,20.53019662921348,76.375,45.938202247191015,172.5830078125
KA51AK0326,intellicar-KA51AK0326-2026-04-01_2026-06-01 (2).csv,2026-05-31 13:20:55,2026-05-31 15:31:56,2.183611111111111,97635.84375,47.0,24.0,23.0,33.5078125,17.1689453125,76.625,47.61328125,145.6861413043478
KA51AK0326,intellicar-KA51AK0326-2026-04-01_2026-06-01 (2).csv,2026-05-31 16:35:56,2026-05-31 19:58:57,3.383611111111111,97669.3515625,100.0,93.0,7.0,12.9140625,16.67545871559633,63.5,41.39449541284404,184.48660714285714
KA51AK0326,intellicar-KA51AK0326-2026-04-01_2026-06-01.csv,2026-04-02 08:23:15,2026-04-02 12:29:19,4.101111111111111,90732.453125,100.0,85.0,15.0,17.6328125,10.33296460176991,75.5,42.924778761061944,117.55208333333333
KA51AK0326,intellicar-KA51AK0326-2026-04-01_2026-06-01.csv,2026-04-02 12:29:47,2026-04-02 14:28:51,1.9844444444444445,90750.21875,86.0,67.0,19.0,27.890625,15.28372591006424,69.375,45.4475374732334,146.79276315789474
KA51AK0326,intellicar-KA51AK0326-2026-04-01_2026-06-01.csv,2026-04-02 14:32:21,2026-04-02 16:56:51,2.408333333333333,90778.375,67.0,49.0,18.0,25.546875,13.366803278688524,54.625,45.71311475409836,141.92708333333331
KA51AK0326,intellicar-KA51AK0326-2026-04-01_2026-06-01.csv,2026-04-03 01:48:21,2026-04-03 03:47:23,1.9838888888888888,90840.59375,93.0,79.0,14.0,29.265625,19.60677749360614,59.125,39.69565217391305,209.04017857142856
KA51AK0326,intellicar-KA51AK0326-2026-04-01_2026-06-01.csv,2026-04-03 04:08:53,2026-04-03 06:13:54,2.0836111111111113,90877.96875,77.0,62.0,15.0,26.6015625,15.755709134615385,54.75,40.78365384615385,177.34375
KA51AK0326,intellicar-KA51AK0326-2026-04-01_2026-06-01.csv,2026-04-03 06:55:52,2026-04-03 11:08:24,4.208888888888889,90904.578125,93.0,52.0,41.0,53.890625,14.339690721649484,61.0,47.15051546391753,131.4405487804878
KA51AK0326,intellicar-KA51AK0326-2026-04-01_2026-06-01.csv,2026-04-03 11:08:26,2026-04-03 11:44:55,0.6080555555555556,90958.2578125,53.0,44.0,9.0,15.0,25.539115646258505,77.75,48.0,166.66666666666669
KA51AK0326,intellicar-KA51AK0326-2026-04-01_2026-06-01.csv,2026-04-03 11:44:56,2026-04-03 12:24:55,0.6663888888888889,90972.71875,45.0,31.0,14.0,30.5390625,47.9003164556962,88.875,48.0,218.13616071428572
KA51AK0326,intellicar-KA51AK0326-2026-04-01_2026-06-01.csv,2026-04-03 13:56:00,2026-04-03 14:59:00,1.05,91011.0625,87.0,73.0,14.0,30.84375,31.22933070866142,81.75,42.14173228346457,220.3125
KA51AK0326,intellicar-KA51AK0326-2026-04-01_2026-06-01.csv,2026-04-03 14:59:26,2026-04-03 17:31:28,2.533888888888889,91042.2265625,74.0,47.0,27.0,43.4375,18.434654300168635,67.375,43.693086003372684,160.87962962962962
KA51AK0326,intellicar-KA51AK0326-2026-04-01_2026-06-01.csv,2026-04-03 17:31:29,2026-04-03 17:55:57,0.4077777777777778,91085.359375,48.0,43.0,5.0,6.84375,17.94683908045977,47.5,44.0,136.875
KA51AK0326,intellicar-KA51AK0326-2026-04-01_2026-06-01.csv,2026-04-03 17:55:59,2026-04-03 19:09:29,1.225,91091.8125,44.0,27.0,17.0,24.578125,24.721270161290324,63.5,42.63709677419355,144.57720588235296
KA51AK0326,intellicar-KA51AK0326-2026-04-01_2026-06-01.csv,2026-04-04 07:19:02,2026-04-04 08:33:03,1.2336111111111112,91154.765625,70.0,58.0,12.0,30.65625,41.37179487179487,89.0,42.333333333333336,255.46875
KA51AK0326,intellicar-KA51AK0326-2026-04-01_2026-06-01.csv,2026-04-04 09:25:01,2026-04-04 10:49:33,1.4088888888888889,91185.421875,91.0,71.0,20.0,34.7578125,26.511764705882353,88.0,44.71764705882353,173.7890625
KA51AK0326,intellicar-KA51AK0326-2026-04-01_2026-06-01.csv,2026-04-04 10:50:02,2026-04-04 12:28:34,1.6422222222222222,91220.5078125,72.0,59.0,13.0,15.765625,10.903159340659341,55.75,47.0,121.27403846153845
KA51AK0326,intellicar-KA51AK0326-2026-04-01_2026-06-01.csv,2026-04-04 13:24:33,2026-04-04 16:40:34,3.2669444444444444,91236.2734375,95.0,67.0,28.0,37.046875,12.224165596919127,56.125,42.36970474967907,132.31026785714286
KA51AK0326,intellicar-KA51AK0326-2026-04-01_2026-06-01.csv,2026-04-04 16:40:36,2026-04-04 17:15:34,0.5827777777777777,91273.2890625,68.0,62.0,6.0,3.53125,6.053571428571429,52.875,44.0,58.854166666666664
KA51AK0326,intellicar-KA51AK0326-2026-04-01_2026-06-01.csv,2026-04-04 17:19:04,2026-04-04 18:02:37,0.7258333333333333,91278.0703125,62.0,55.0,7.0,10.734375,15.611918604651162,60.125,44.0,153.34821428571428
KA51AK0326,intellicar-KA51AK0326-2026-04-01_2026-06-01.csv,2026-04-04 18:30:05,2026-04-04 21:16:37,2.7755555555555556,91288.8046875,73.0,63.0,10.0,17.65625,19.610169491525422,83.125,42.02542372881356,176.5625
KA51AK0326,intellicar-KA51AK0326-2026-04-01_2026-06-01.csv,2026-04-04 21:17:05,2026-04-05 03:10:39,5.892777777777778,91306.59375,64.0,46.0,18.0,34.015625,23.09391891891892,78.5,39.08108108108108,188.97569444444443
KA51AK0326,intellicar-KA51AK0326-2026-04-01_2026-06-01.csv,2026-04-05 03:13:06,2026-04-05 04:35:09,1.3675,91342.4921875,46.0,24.0,22.0,43.328125,36.068993506493506,88.625,39.4025974025974,196.94602272727272
KA51AK0326,intellicar-KA51AK0326-2026-04-01_2026-06-01.csv,2026-04-05 05:57:10,2026-04-05 10:46:13,4.8175,91386.1171875,94.0,44.0,50.0,86.0234375,19.939140271493212,87.125,46.95746606334841,172.046875
KA51AK0326,intellicar-KA51AK0326-2026-04-01_2026-06-01.csv,2026-04-05 11:07:10,2026-04-05 13:38:43,2.5258333333333334,91472.140625,65.0,26.0,39.0,77.8125,33.131270903010034,94.0,45.17725752508361,199.51923076923077
KA51AK0326,intellicar-KA51AK0326-2026-04-01_2026-06-01.csv,2026-04-05 14:17:41,2026-04-05 15:05:43,0.8005555555555556,91550.4453125,70.0,52.0,18.0,35.203125,46.9291237113402,88.0,42.06185567010309,195.57291666666669
KA51AK0326,intellicar-KA51AK0326-2026-04-01_2026-06-01.csv,2026-04-05 15:06:12,2026-04-05 17:57:15,2.8508333333333336,91585.78125,53.0,20.0,33.0,57.2578125,25.698350694444443,88.625,43.239583333333336,173.50852272727272
KA51AK0326,intellicar-KA51AK0326-2026-04-01_2026-06-01.csv,2026-04-05 19:24:44,2026-04-05 22:12:45,2.8002777777777776,91643.4921875,74.0,18.0,56.0,111.265625,43.81793893129771,88.875,42.9236641221374,198.68861607142858
KA51AK0326,intellicar-KA51AK0326-2026-04-01_2026-06-01.csv,2026-04-05 22:43:44,2026-04-05 23:04:44,0.35,91756.3671875,49.0,43.0,6.0,11.9453125,35.05813953488372,79.5,42.651162790697676,199.08854166666669
KA51AK0326,intellicar-KA51AK0326-2026-04-01_2026-06-01.csv,2026-04-05 23:05:14,2026-04-06 00:13:45,1.1419444444444444,91768.7265625,44.0,20.0,24.0,48.40625,44.405797101449274,91.5,41.26086956521739,201.69270833333334
KA51AK0326,intellicar-KA51AK0326-2026-04-01_2026-06-01.csv,2026-04-06 00:57:14,2026-04-06 03:10:44,2.225,91825.3203125,52.0,26.0,26.0,61.140625,39.454834605597966,91.625,42.54452926208651,235.15625
KA51AK0326,intellicar-KA51AK0326-2026-04-01_2026-06-01.csv,2026-04-06 04:38:45,2026-04-06 05:25:45,0.7833333333333333,91886.8984375,91.0,80.0,11.0,17.1328125,22.187146892655367,85.75,43.005649717514125,155.7528409090909
KA51AK0326,intellicar-KA51AK0326-2026-04-01_2026-06-01.csv,2026-04-06 05:25:47,2026-04-06 08:00:19,2.5755555555555554,91903.46875,81.0,52.0,29.0,48.6875,20.263214904679376,74.25,47.258232235701904,167.88793103448276
KA51AK0326,intellicar-KA51AK0326-2026-04-01_2026-06-01.csv,2026-04-06 08:30:17,2026-04-06 08:57:17,0.45,91952.1796875,78.0,72.0,6.0,8.1015625,19.57840909090909,71.0,42.74545454545454,135.02604166666669
KA51AK0326,intellicar-KA51AK0326-2026-04-01_2026-06-01.csv,2026-04-06 09:08:49,2026-04-06 10:53:49,1.75,91960.3125,72.0,42.0,30.0,50.6328125,31.12993827160494,84.75,46.71358024691358,168.77604166666666
KA51AK0326,intellicar-KA51AK0326-2026-04-01_2026-06-01.csv,2026-04-06 12:46:48,2026-04-06 13:48:49,1.033611111111111,92011.34375,100.0,85.0,15.0,28.03125,31.57975113122172,82.0,43.19457013574661,186.875
KA51AK0326,intellicar-KA51AK0326-2026-04-01_2026-06-01.csv,2026-04-06 13:48:51,2026-04-06 18:46:22,4.958611111111111,92038.9609375,86.0,42.0,44.0,78.4296875,20.17423844537815,84.125,45.266806722689076,178.24928977272728
KA51AK0326,intellicar-KA51AK0326-2026-04-01_2026-06-01.csv,2026-04-06 18:46:50,2026-04-06 19:12:53,0.43416666666666665,92117.6953125,43.0,38.0,5.0,7.4375,18.4515306122449,71.625,45.04081632653061,148.75
KA51AK0326,intellicar-KA51AK0326-2026-04-01_2026-06-01.csv,2026-04-07 02:25:52,2026-04-07 04:07:22,1.6916666666666667,92125.1328125,100.0,90.0,10.0,13.875,10.640625,51.25,42.0,138.75
KA51AK0326,intellicar-KA51AK0326-2026-04-01_2026-06-01.csv,2026-04-07 04:07:25,2026-04-07 05:52:23,1.7494444444444444,92138.8515625,91.0,65.0,26.0,49.8828125,30.398681055155876,90.5,44.35251798561151,191.85697115384613
KA51AK0326,intellicar-KA51AK0326-2026-04-01_2026-06-01.csv,2026-04-07 06:50:24,2026-04-07 10:18:58,3.476111111111111,92189.6328125,95.0,71.0,24.0,22.5234375,9.94812925170068,82.5,46.31972789115646,93.84765625
KA51AK0326,intellicar-KA51AK0326-2026-04-01_2026-06-01.csv,2026-04-07 10:19:26,2026-04-07 13:26:28,3.1172222222222223,92212.578125,72.0,41.0,31.0,42.7578125,17.366693037974684,82.625,47.677215189873415,137.92842741935485
KA51AK0326,intellicar-KA51AK0326-2026-04-01_2026-06-01.csv,2026-04-07 14:18:57,2026-04-07 18:13:29,3.908888888888889,92255.3359375,92.0,57.0,35.0,57.515625,15.937845303867404,67.375,42.639779005524865,164.33035714285717
KA51AK0326,intellicar-KA51AK0326-2026-04-01_2026-06-01.csv,2026-04-07 18:26:28,2026-04-07 19:13:59,0.7919444444444445,92315.65625,56.0,50.0,6.0,13.2265625,17.552083333333332,63.625,43.0,220.44270833333334
KA51AK0326,intellicar-KA51AK0326-2026-04-01_2026-06-01.csv,2026-04-08 01:24:29,2026-04-08 04:24:03,2.992777777777778,92339.21875,64.0,38.0,26.0,61.5078125,28.503170289855074,87.625,39.768115942028984,236.5685096153846
KA51AK0326,intellicar-KA51AK0326-2026-04-01_2026-06-01.csv,2026-04-08 05:24:01,2026-04-08 11:20:35,5.942777777777778,92400.734375,94.0,33.0,61.0,113.65625,22.368690851735014,88.125,46.60410094637224,186.32172131147541
KA51AK0326,intellicar-KA51AK0326-2026-04-01_2026-06-01.csv,2026-04-08 12:21:34,2026-04-08 12:57:36,0.6005555555555555,92514.390625,90.0,84.0,6.0,6.5234375,12.39864864864865,63.875,41.17567567567568,108.72395833333333
KA51AK0326,intellicar-KA51AK0326-2026-04-01_2026-06-01.csv,2026-04-09 06:15:10,2026-04-09 08:29:10,2.2333333333333334,92581.6328125,90.0,77.0,13.0,11.75,8.321479885057471,52.0,43.52298850574713,90.38461538461539
KA51AK0326,intellicar-KA51AK0326-2026-04-01_2026-06-01.csv,2026-04-09 08:29:12,2026-04-09 10:25:11,1.9330555555555555,92593.375,78.0,60.0,18.0,13.3125,10.94392523364486,73.375,48.20872274143302,73.95833333333334
KA51AK0326,intellicar-KA51AK0326-2026-04-01_2026-06-01.csv,2026-04-09 10:39:42,2026-04-09 11:18:13,0.6419444444444444,92609.203125,59.0,46.0,13.0,15.8515625,24.1525974025974,67.375,46.74025974025974,121.93509615384615
KA51AK0326,intellicar-KA51AK0326-2026-04-01_2026-06-01.csv,2026-04-09 11:25:13,2026-04-09 11:37:43,0.20833333333333334,92630.71875,44.0,37.0,7.0,10.546875,49.8235294117647,88.25,47.470588235294116,150.66964285714286
KA51AK0326,intellicar-KA51AK0326-2026-04-01_2026-06-01.csv,2026-04-09 11:38:11,2026-04-09 12:15:43,0.6255555555555555,92641.671875,38.0,29.0,9.0,15.2734375,26.113486842105264,87.375,48.61842105263158,169.70486111111111
KA51AK0326,intellicar-KA51AK0326-2026-04-01_2026-06-01.csv,2026-04-09 13:57:12,2026-04-09 16:42:15,2.7508333333333335,92656.9453125,95.0,79.0,16.0,28.2109375,20.39142857142857,84.625,41.36571428571428,176.318359375
KA51AK0326,intellicar-KA51AK0326-2026-04-01_2026-06-01.csv,2026-04-09 16:42:43,2026-04-09 17:48:45,1.1005555555555555,92685.546875,80.0,71.0,9.0,17.234375,16.866541353383457,81.5,42.0,191.49305555555557
KA51AK0326,intellicar-KA51AK0326-2026-04-01_2026-06-01.csv,2026-04-10 07:35:17,2026-04-10 09:22:49,1.7922222222222222,92749.6875,43.0,20.0,23.0,47.3046875,33.6407967032967,86.625,46.56043956043956,205.67255434782606
KA51AK0326,intellicar-KA51AK0326-2026-04-01_2026-06-01.csv,2026-04-10 10:48:50,2026-04-10 12:22:26,1.56,92799.5078125,94.0,83.0,11.0,17.6484375,13.448008849557523,56.5,42.51917404129794,160.4403409090909
KA51AK0326,intellicar-KA51AK0326-2026-04-01_2026-06-01.csv,2026-04-10 12:22:49,2026-04-10 15:31:53,3.151111111111111,92817.2734375,84.0,54.0,30.0,47.6875,15.744708994708995,66.0,44.29100529100529,158.95833333333334
KA51AK0326,intellicar-KA51AK0326-2026-04-01_2026-06-01.csv,2026-04-10 16:51:51,2026-04-10 17:59:24,1.1258333333333332,92865.046875,90.0,76.0,14.0,22.359375,22.057971014492754,77.25,41.55797101449275,159.70982142857142
KA51AK0326,intellicar-KA51AK0326-2026-04-01_2026-06-01.csv,2026-04-10 17:59:51,2026-04-10 18:45:21,0.7583333333333333,92887.609375,77.0,69.0,8.0,13.421875,22.136574074074073,80.625,42.0,167.7734375
KA51AK0326,intellicar-KA51AK0326-2026-04-01_2026-06-01.csv,2026-04-10 18:45:24,2026-04-10 19:28:54,0.725,92900.90625,70.0,60.0,10.0,10.3984375,12.939606741573034,59.75,42.0,103.984375
KA51AK0326,intellicar-KA51AK0326-2026-04-01_2026-06-01.csv,2026-04-10 19:29:22,2026-04-10 21:17:23,1.8002777777777779,92911.609375,61.0,34.0,27.0,59.828125,36.26081730769231,80.75,41.55288461538461,221.58564814814815
KA51AK0326,intellicar-KA51AK0326-2026-04-01_2026-06-01.csv,2026-04-11 02:16:55,2026-04-11 02:59:55,0.7166666666666667,92978.90625,84.0,73.0,11.0,23.5703125,34.02745664739884,79.375,39.358381502890175,214.27556818181816
KA51AK0326,intellicar-KA51AK0326-2026-04-01_2026-06-01.csv,2026-04-11 03:00:24,2026-04-11 06:35:27,3.5841666666666665,93002.8515625,74.0,44.0,30.0,60.1171875,22.13869382022472,70.625,41.88202247191011,200.390625
KA51AK0326,intellicar-KA51AK0326-2026-04-01_2026-06-01.csv,2026-04-11 06:35:55,2026-04-11 07:06:58,0.5175,93063.0546875,45.0,37.0,8.0,12.34375,27.761627906976745,81.25,44.775193798449614,154.296875
KA51AK0326,intellicar-KA51AK0326-2026-04-01_2026-06-01.csv,2026-04-11 07:07:55,2026-04-11 07:49:58,0.7008333333333333,93076.9921875,37.0,26.0,11.0,24.359375,37.20134730538922,88.25,47.11377245508982,221.44886363636363
KA51AK0326,intellicar-KA51AK0326-2026-04-01_2026-06-01.csv,2026-04-11 09:14:26,2026-04-11 11:58:59,2.7425,93101.375,94.0,70.0,24.0,52.3515625,23.353092783505154,81.875,45.044673539518904,218.13151041666666
KA51AK0326,intellicar-KA51AK0326-2026-04-01_2026-06-01.csv,2026-04-11 11:59:27,2026-04-11 12:22:59,0.39222222222222225,93154.1015625,71.0,66.0,5.0,9.9296875,26.3671875,64.875,48.0,198.59375
KA51AK0326,intellicar-KA51AK0326-2026-04-01_2026-06-01.csv,2026-04-11 12:23:27,2026-04-11 16:54:32,4.518055555555556,93164.265625,67.0,35.0,32.0,41.9453125,12.092149220489977,57.125,47.56792873051225,131.0791015625
KA51AK0326,intellicar-KA51AK0326-2026-04-01_2026-06-01.csv,2026-04-11 17:27:29,2026-04-11 18:04:03,0.6094444444444445,93206.546875,61.0,56.0,5.0,7.609375,20.567934782608695,58.25,42.32608695652174,152.1875
KA51AK0326,intellicar-KA51AK0326-2026-04-01_2026-06-01.csv,2026-04-11 18:04:29,2026-04-11 21:14:01,3.158888888888889,93214.3203125,57.0,28.0,29.0,48.2734375,18.014221556886227,77.125,41.4251497005988,166.46012931034483
KA51AK0326,intellicar-KA51AK0326-2026-04-01_2026-06-01.csv,2026-04-12 01:51:31,2026-04-12 04:14:33,2.383888888888889,93262.59375,72.0,57.0,15.0,34.3984375,17.52091836734694,55.75,41.57142857142857,229.32291666666669
KA51AK0326,intellicar-KA51AK0326-2026-04-01_2026-06-01.csv,2026-04-12 04:15:01,2026-04-12 06:28:04,2.2175,93297.265625,58.0,26.0,32.0,54.21875,26.389367816091955,86.625,43.83141762452107,169.43359375
KA51AK0326,intellicar-KA51AK0326-2026-04-01_2026-06-01.csv,2026-04-12 06:28:32,2026-04-12 07:28:04,0.9922222222222222,93352.1171875,27.0,11.0,16.0,26.359375,31.425233644859812,90.75,47.73831775700935,164.74609375
KA51AK0326,intellicar-KA51AK0326-2026-04-01_2026-06-01.csv,2026-04-12 08:51:03,2026-04-12 13:32:36,4.6925,93378.4921875,95.0,34.0,61.0,114.0703125,29.394829317269075,90.75,46.7570281124498,187.00051229508196
KA51AK0326,intellicar-KA51AK0326-2026-04-01_2026-06-01.csv,2026-04-12 14:00:35,2026-04-12 14:59:37,0.9838888888888889,93492.609375,62.0,46.0,16.0,34.234375,36.884375,78.0,43.166666666666664,213.96484375
KA51AK0326,intellicar-KA51AK0326-2026-04-01_2026-06-01.csv,2026-04-12 15:00:05,2026-04-12 16:25:37,1.4255555555555555,93527.1171875,47.0,28.0,19.0,41.6171875,30.239035087719298,79.375,43.473684210526315,219.0378289473684
KA51AK0326,intellicar-KA51AK0326-2026-04-01_2026-06-01.csv,2026-04-12 17:11:06,2026-04-12 18:20:07,1.1502777777777777,93568.734375,77.0,56.0,21.0,40.2890625,36.229464285714286,88.75,41.885714285714286,191.85267857142858
KA51AK0326,intellicar-KA51AK0326-2026-04-01_2026-06-01.csv,2026-04-12 18:20:36,2026-04-12 20:22:38,2.033888888888889,93609.3203125,57.0,37.0,20.0,40.6484375,22.11181434599156,60.375,41.734177215189874,203.24218749999997
KA51AK0326,intellicar-KA51AK0326-2026-04-01_2026-06-01.csv,2026-04-12 20:23:07,2026-04-13 01:32:08,5.150277777777778,93650.140625,38.0,31.0,7.0,13.4453125,26.081666666666667,69.875,39.8,192.07589285714286
KA51AK0326,intellicar-KA51AK0326-2026-04-01_2026-06-01.csv,2026-04-13 02:52:37,2026-04-13 07:55:41,5.051111111111111,93663.5859375,88.0,63.0,25.0,30.890625,10.878862359550562,68.875,45.896067415730336,123.5625
KA51AK0326,intellicar-KA51AK0326-2026-04-01_2026-06-01.csv,2026-04-13 08:18:39,2026-04-13 09:30:09,1.1916666666666667,93694.4765625,89.0,82.0,7.0,7.5546875,12.154454022988507,59.5,45.98850574712644,107.92410714285714
KA51AK0326,intellicar-KA51AK0326-2026-04-01_2026-06-01.csv,2026-04-13 09:35:09,2026-04-13 12:27:12,2.8675,93703.84375,82.0,53.0,29.0,35.34375,13.91304347826087,67.0,47.31304347826087,121.875
KA51AK0326,intellicar-KA51AK0326-2026-04-01_2026-06-01.csv,2026-04-13 12:27:40,2026-04-13 13:28:44,1.0177777777777777,93739.3671875,54.0,36.0,18.0,36.8125,38.9410569105691,86.625,48.47154471544715,204.51388888888889
KA51AK0326,intellicar-KA51AK0326-2026-04-01_2026-06-01.csv,2026-04-13 15:26:11,2026-04-13 16:49:42,1.3919444444444444,93782.3046875,90.0,77.0,13.0,23.46875,17.86123511904762,77.25,42.31547619047619,180.52884615384613
KA51AK0326,intellicar-KA51AK0326-2026-04-01_2026-06-01.csv,2026-04-13 16:49:44,2026-04-13 18:58:43,2.149722222222222,93805.4609375,78.0,57.0,21.0,44.6484375,24.032838983050848,68.625,43.0,212.61160714285717
KA51AK0326,intellicar-KA51AK0326-2026-04-01_2026-06-01.csv,2026-04-13 18:58:44,2026-04-13 19:45:43,0.7830555555555555,93849.8515625,58.0,50.0,8.0,15.2890625,22.279272151898734,65.25,42.89873417721519,191.11328125
KA51AK0326,intellicar-KA51AK0326-2026-04-01_2026-06-01.csv,2026-04-13 19:46:12,2026-04-13 21:39:14,1.883888888888889,93865.453125,51.0,19.0,32.0,66.875,37.88215859030837,90.375,42.39647577092511,208.984375
KA51AK0326,intellicar-KA51AK0326-2026-04-01_2026-06-01.csv,2026-04-13 21:39:43,2026-04-13 22:12:44,0.5502777777777778,93932.53125,20.0,15.0,5.0,7.5234375,18.24537037037037,85.25,44.0,150.46875
KA51AK0326,intellicar-KA51AK0326-2026-04-01_2026-06-01.csv,2026-04-13 23:00:13,2026-04-14 02:16:45,3.2755555555555556,93940.0546875,74.0,60.0,14.0,27.984375,28.226190476190474,90.5,41.904761904761905,199.88839285714286
KA51AK0326,intellicar-KA51AK0326-2026-04-01_2026-06-01.csv,2026-04-14 02:17:13,2026-04-14 05:19:16,3.0341666666666667,93968.6328125,61.0,32.0,29.0,46.1796875,18.66364353312303,91.375,41.602523659305994,159.24030172413794
KA51AK0326,intellicar-KA51AK0326-2026-04-01_2026-06-01.csv,2026-04-14 06:36:14,2026-04-14 10:02:19,3.4347222222222222,94017.3671875,92.0,52.0,40.0,67.5625,24.555873925501434,84.375,46.4269340974212,168.90625
KA51AK0326,intellicar-KA51AK0326-2026-04-01_2026-06-01.csv,2026-04-14 10:53:16,2026-04-14 13:13:18,2.3338888888888887,94084.9453125,94.0,83.0,11.0,18.015625,14.4375,88.0,42.86585365853659,163.7784090909091
KA51AK0326,intellicar-KA51AK0326-2026-04-01_2026-06-01.csv,2026-04-14 13:40:49,2026-04-14 14:18:18,0.6247222222222222,94120.34375,77.0,71.0,6.0,10.5546875,16.800335570469798,56.125,45.939597315436245,175.91145833333331
KA51AK0326,intellicar-KA51AK0326-2026-04-01_2026-06-01.csv,2026-04-14 14:18:47,2026-04-14 16:34:50,2.2675,94131.0546875,72.0,51.0,21.0,31.28125,15.635707635009311,55.25,46.40595903165735,148.95833333333331
KA51AK0326,intellicar-KA51AK0326-2026-04-01_2026-06-01.csv,2026-04-14 16:34:51,2026-04-14 18:14:18,1.6575,94162.234375,52.0,33.0,19.0,38.75,25.068324937027707,60.625,45.53652392947103,203.9473684210526
KA51AK0326,intellicar-KA51AK0326-2026-04-01_2026-06-01.csv,2026-04-14 18:14:20,2026-04-14 19:13:49,0.9913888888888889,94200.71875,34.0,25.0,9.0,15.7734375,27.553571428571427,66.625,45.0,175.26041666666669
KA51AK0326,intellicar-KA51AK0326-2026-04-01_2026-06-01.csv,2026-04-15 00:35:19,2026-04-15 00:54:21,0.31722222222222224,94219.28125,78.0,70.0,8.0,15.1640625,50.18589743589744,84.125,40.794871794871796,189.55078125
KA51AK0326,intellicar-KA51AK0326-2026-04-01_2026-06-01.csv,2026-04-15 01:14:49,2026-04-15 02:09:21,0.9088888888888889,94243.4921875,68.0,53.0,15.0,34.3515625,38.81828703703704,82.75,40.73148148148148,229.01041666666666
KA51AK0326,intellicar-KA51AK0326-2026-04-01_2026-06-01.csv,2026-04-15 10:31:54,2026-04-15 12:37:55,2.100277777777778,94357.34375,38.0,33.0,5.0,7.8046875,19.72087378640777,51.625,48.1747572815534,156.09375
KA51AK0326,intellicar-KA51AK0326-2026-04-01_2026-06-01.csv,2026-04-15 13:30:23,2026-04-15 14:07:56,0.6258333333333334,94365.15625,92.0,86.0,6.0,3.8203125,6.796052631578948,54.625,41.44736842105263,63.671875
KA51AK0326,intellicar-KA51AK0326-2026-04-01_2026-06-01.csv,2026-04-15 14:08:23,2026-04-15 15:36:55,1.4755555555555555,94369.3359375,87.0,69.0,18.0,28.40625,20.82935393258427,73.125,43.89887640449438,157.8125
KA51AK0326,intellicar-KA51AK0326-2026-04-01_2026-06-01.csv,2026-04-15 15:37:23,2026-04-15 16:30:25,0.8838888888888888,94398.2421875,70.0,57.0,13.0,26.40625,32.24182242990654,87.625,46.0,203.125
KA51AK0326,intellicar-KA51AK0326-2026-04-01_2026-06-01.csv,2026-04-15 17:15:54,2026-04-15 19:12:55,1.9502777777777778,94424.6484375,94.0,74.0,20.0,46.78125,25.22563559322034,74.75,41.317796610169495,233.90624999999997
KA51AK0326,intellicar-KA51AK0326-2026-04-01_2026-06-01.csv,2026-04-15 20:42:25,2026-04-16 00:02:27,3.3338888888888887,94482.3359375,96.0,67.0,29.0,64.2890625,22.378048780487806,90.75,41.16260162601626,221.6864224137931
KA51AK0326,intellicar-KA51AK0326-2026-04-01_2026-06-01.csv,2026-04-16 00:31:25,2026-04-16 01:17:57,0.7755555555555556,94546.625,95.0,83.0,12.0,28.4453125,37.72074468085106,84.625,43.98936170212766,237.04427083333334
KA51AK0326,intellicar-KA51AK0326-2026-04-01_2026-06-01.csv,2026-04-16 01:36:55,2026-04-16 06:11:29,4.5761111111111115,94584.734375,81.0,51.0,30.0,50.578125,18.049295774647888,78.125,43.822535211267606,168.59375
KA51AK0326,intellicar-KA51AK0326-2026-04-01_2026-06-01.csv,2026-04-16 06:45:57,2026-04-16 07:58:57,1.2166666666666666,94635.3203125,85.0,71.0,14.0,10.859375,10.122340425531915,52.125,44.57446808510638,77.56696428571429
KA51AK0326,intellicar-KA51AK0326-2026-04-01_2026-06-01.csv,2026-04-16 08:03:00,2026-04-16 08:41:29,0.6413888888888889,94646.671875,71.0,62.0,9.0,9.171875,14.774390243902438,65.875,47.18292682926829,101.90972222222223
KA51AK0326,intellicar-KA51AK0326-2026-04-01_2026-06-01.csv,2026-04-16 08:41:57,2026-04-16 09:02:02,0.3347222222222222,94656.2734375,63.0,57.0,6.0,10.0703125,33.00914634146341,58.875,48.36585365853659,167.83854166666669
KA51AK0326,intellicar-KA51AK0326-2026-04-01_2026-06-01.csv,2026-04-16 09:02:28,2026-04-16 10:01:00,0.9755555555555555,94666.640625,58.0,38.0,20.0,37.1875,40.53846153846154,88.25,47.81196581196581,185.9375
KA51AK0326,intellicar-KA51AK0326-2026-04-01_2026-06-01.csv,2026-04-16 11:00:28,2026-04-16 11:26:59,0.4419444444444444,94703.828125,82.0,76.0,6.0,8.4140625,19.64252336448598,61.5,44.0,140.234375
KA51AK0326,intellicar-KA51AK0326-2026-04-01_2026-06-01.csv,2026-04-16 11:27:01,2026-04-16 11:55:29,0.47444444444444445,94711.953125,77.0,72.0,5.0,6.71875,14.522321428571429,67.75,44.4375,134.375
KA51AK0326,intellicar-KA51AK0326-2026-04-01_2026-06-01.csv,2026-04-16 11:55:31,2026-04-16 14:49:29,2.8994444444444443,94718.2578125,73.0,55.0,18.0,31.734375,13.790523156089193,61.75,45.74785591766724,176.30208333333331
KA51AK0326,intellicar-KA51AK0326-2026-04-01_2026-06-01.csv,2026-04-16 14:49:32,2026-04-16 15:19:02,0.49166666666666664,94749.71875,56.0,50.0,6.0,10.75,22.955208333333335,59.25,45.81666666666667,179.16666666666669
KA51AK0326,intellicar-KA51AK0326-2026-04-01_2026-06-01.csv,2026-04-16 15:19:30,2026-04-16 17:02:02,1.708888888888889,94760.765625,51.0,36.0,15.0,30.4375,22.575714285714287,60.75,45.902857142857144,202.91666666666669
KA51AK0326,intellicar-KA51AK0326-2026-04-01_2026-06-01.csv,2026-04-16 17:36:00,2026-04-16 19:30:32,1.9088888888888889,94791.203125,74.0,53.0,21.0,37.921875,20.71374458874459,67.5,41.082251082251084,180.58035714285714
KA51AK0326,intellicar-KA51AK0326-2026-04-01_2026-06-01.csv,2026-04-16 19:31:01,2026-04-16 21:14:02,1.7169444444444444,94829.375,54.0,46.0,8.0,16.3203125,26.0625,73.625,40.9625,204.00390625
KA51AK0326,intellicar-KA51AK0326-2026-04-01_2026-06-01.csv,2026-04-16 21:14:31,2026-04-16 22:58:33,1.7338888888888888,94845.765625,47.0,20.0,27.0,57.84375,39.516622340425535,89.625,40.765957446808514,214.23611111111111
KA51AK0326,intellicar-KA51AK0326-2026-04-01_2026-06-01.csv,2026-04-16 23:54:01,2026-04-17 00:25:32,0.5252777777777777,94903.609375,88.0,77.0,11.0,25.875,52.525390625,89.875,43.1875,235.22727272727272
KA51AK0326,intellicar-KA51AK0326-2026-04-01_2026-06-01.csv,2026-04-17 00:26:02,2026-04-17 01:24:04,0.9672222222222222,94929.75,78.0,71.0,7.0,14.6953125,16.819444444444443,76.75,43.0,209.93303571428572
KA51AK0326,intellicar-KA51AK0326-2026-04-01_2026-06-01.csv,2026-04-17 01:24:32,2026-04-17 02:59:04,1.5755555555555556,94944.734375,72.0,52.0,20.0,42.015625,28.826973684210525,73.0,42.747368421052634,210.07812499999997
KA51AK0326,intellicar-KA51AK0326-2026-04-01_2026-06-01.csv,2026-04-17 13:16:05,2026-04-17 17:01:09,3.7511111111111113,95041.7734375,96.0,65.0,31.0,43.2265625,13.006024096385541,68.625,43.12530120481928,139.44052419354838
KA51AK0326,intellicar-KA51AK0326-2026-04-01_2026-06-01.csv,2026-04-17 17:01:37,2026-04-17 20:31:09,3.4922222222222223,95085.1796875,66.0,29.0,37.0,64.0390625,19.424107142857142,73.0,44.4,173.0785472972973
KA51AK0326,intellicar-KA51AK0326-2026-04-01_2026-06-01.csv,2026-04-17 21:33:08,2026-04-18 00:09:39,2.608611111111111,95149.21875,96.0,73.0,23.0,43.1484375,33.126479289940825,82.125,40.50887573964497,187.60190217391303
KA51AK0326,intellicar-KA51AK0326-2026-04-01_2026-06-01.csv,2026-04-18 00:10:08,2026-04-18 00:23:09,0.21694444444444444,95192.8046875,74.0,68.0,6.0,13.1171875,64.29629629629629,83.0,41.0,218.61979166666666
KA51AK0326,intellicar-KA51AK0326-2026-04-01_2026-06-01.csv,2026-04-18 00:23:38,2026-04-18 00:49:10,0.4255555555555556,95206.265625,69.0,61.0,8.0,16.453125,42.21634615384615,86.5,41.0,205.6640625
KA51AK0326,intellicar-KA51AK0326-2026-04-01_2026-06-01.csv,2026-04-18 03:39:09,2026-04-18 06:12:40,2.558611111111111,95225.2109375,96.0,65.0,31.0,52.6875,22.200819672131146,81.0,43.4327868852459,169.95967741935485
KA51AK0326,intellicar-KA51AK0326-2026-04-01_2026-06-01.csv,2026-04-18 06:12:42,2026-04-18 06:46:13,0.5586111111111111,95277.8984375,66.0,61.0,5.0,4.53125,8.402985074626866,59.0,47.1044776119403,90.625
KA51AK0326,intellicar-KA51AK0326-2026-04-01_2026-06-01.csv,2026-04-18 06:46:43,2026-04-18 08:02:10,1.2575,95282.703125,62.0,45.0,17.0,23.7421875,20.242083333333333,57.375,48.36333333333334,139.65992647058823
KA51AK0326,intellicar-KA51AK0326-2026-04-01_2026-06-01.csv,2026-04-18 08:02:13,2026-04-18 08:17:14,0.25027777777777777,95306.234375,46.0,41.0,5.0,5.734375,24.093220338983052,53.625,46.28813559322034,114.68750000000001
KA51AK0326,intellicar-KA51AK0326-2026-04-01_2026-06-01.csv,2026-04-18 08:42:10,2026-04-18 11:37:11,2.9169444444444443,95312.25,42.0,24.0,18.0,29.078125,15.717323651452283,55.0,46.04979253112033,161.54513888888889
KA51AK0326,intellicar-KA51AK0326-2026-04-01_2026-06-01.csv,2026-04-18 13:13:14,2026-04-18 15:10:16,1.9505555555555556,95343.25,89.0,68.0,21.0,26.5,14.390191897654585,53.25,44.95735607675906,126.19047619047619
KA51AK0326,intellicar-KA51AK0326-2026-04-01_2026-06-01.csv,2026-04-18 15:10:43,2026-04-18 17:35:14,2.408611111111111,95370.0859375,69.0,50.0,19.0,25.546875,11.887241054613936,50.875,46.0,134.45723684210526
KA51AK0326,intellicar-KA51AK0326-2026-04-01_2026-06-01.csv,2026-04-19 04:24:46,2026-04-19 04:47:18,0.37555555555555553,95425.65625,54.0,49.0,5.0,6.296875,18.13324175824176,55.375,43.0,125.93749999999999
KA51AK0326,intellicar-KA51AK0326-2026-04-01_2026-06-01.csv,2026-04-19 04:47:18,2026-04-19 05:26:49,0.6586111111111111,95431.8046875,50.0,37.0,13.0,23.9609375,38.45569620253165,85.5,44.151898734177216,184.31490384615387
KA51AK0326,intellicar-KA51AK0326-2026-04-01_2026-06-01.csv,2026-04-19 05:30:49,2026-04-19 06:17:19,0.775,95459.984375,36.0,23.0,13.0,24.703125,40.477649006622514,91.0,46.82781456953642,190.02403846153845
KA51AK0326,intellicar-KA51AK0326-2026-04-01_2026-06-01.csv,2026-04-19 07:40:47,2026-04-19 09:26:48,1.7669444444444444,95485.078125,92.0,67.0,25.0,50.234375,31.04481707317073,89.375,44.46341463414634,200.9375
KA51AK0326,intellicar-KA51AK0326-2026-04-01_2026-06-01.csv,2026-04-19 09:26:49,2026-04-19 11:19:50,1.8836111111111111,95535.0,68.0,36.0,32.0,55.1875,28.633830022075056,88.875,47.554083885209714,172.4609375
KA51AK0326,intellicar-KA51AK0326-2026-04-01_2026-06-01.csv,2026-04-19 11:20:18,2026-04-19 12:18:20,0.9672222222222222,95590.4140625,37.0,20.0,17.0,39.1328125,43.248931623931625,90.375,48.30769230769231,230.19301470588235
KA51AK0326,intellicar-KA51AK0326-2026-04-01_2026-06-01.csv,2026-04-19 13:29:19,2026-04-19 14:17:49,0.8083333333333333,95629.6015625,89.0,80.0,9.0,13.4140625,20.364520958083833,84.0,43.23353293413174,149.04513888888889
KA51AK0326,intellicar-KA51AK0326-2026-04-01_2026-06-01.csv,2026-04-19 14:21:49,2026-04-19 14:38:22,0.2758333333333333,95645.046875,80.0,73.0,7.0,16.015625,59.856617647058826,83.5,44.794117647058826,228.79464285714283
KA51AK0326,intellicar-KA51AK0326-2026-04-01_2026-06-01.csv,2026-04-19 14:38:49,2026-04-19 17:45:52,3.1175,95661.4921875,74.0,36.0,38.0,61.578125,21.14639037433155,68.375,46.31283422459893,162.04769736842107
KA51AK0326,intellicar-KA51AK0326-2026-04-01_2026-06-01.csv,2026-04-20 02:19:54,2026-04-20 03:12:24,0.875,95768.8125,70.0,55.0,15.0,33.28125,39.14778037383178,91.375,41.87850467289719,221.875
KA51AK0326,intellicar-KA51AK0326-2026-04-01_2026-06-01.csv,2026-05-08 10:39:33,2026-05-08 15:53:02,5.224722222222222,95895.71875,99.0,19.0,80.0,65.515625,14.680628272251308,78.75,44.66317626527051,81.89453125
KA51AK0326,intellicar-KA51AK0326-2026-04-01_2026-06-01.csv,2026-05-13 11:26:14,2026-05-13 15:12:43,3.774722222222222,96013.828125,95.0,74.0,21.0,30.9296875,10.074935400516797,48.75,45.640826873385016,147.28422619047618
KA51AK0326,intellicar-KA51AK0326-2026-04-01_2026-06-01.csv,2026-05-13 15:13:13,2026-05-13 15:47:43,0.575,96044.875,75.0,69.0,6.0,8.46875,15.976785714285715,52.625,47.0,141.14583333333331
KA51AK0326,intellicar-KA51AK0326-2026-04-01_2026-06-01.csv,2026-05-13 15:48:13,2026-05-13 17:31:14,1.7169444444444444,96053.5546875,70.0,58.0,12.0,22.0703125,14.649497487437186,59.875,46.54773869346734,183.91927083333331
KA51AK0326,intellicar-KA51AK0326-2026-04-01_2026-06-01.csv,2026-05-14 01:00:16,2026-05-14 05:33:18,4.5505555555555555,96078.9453125,97.0,85.0,12.0,28.3125,11.247332317073171,52.125,40.26219512195122,235.9375
KA51AK0326,intellicar-KA51AK0326-2026-04-01_2026-06-01.csv,2026-05-14 05:33:48,2026-05-14 10:27:50,4.900555555555556,96107.484375,86.0,60.0,26.0,53.8515625,15.476307189542483,59.75,45.289760348583876,207.12139423076925
KA51AK0326,intellicar-KA51AK0326-2026-04-01_2026-06-01.csv,2026-05-14 10:27:50,2026-05-14 11:33:20,1.0916666666666666,96161.2890625,61.0,55.0,6.0,12.3359375,12.271153846153846,40.375,48.0,205.59895833333334
KA51AK0326,intellicar-KA51AK0326-2026-04-01_2026-06-01.csv,2026-05-14 11:33:20,2026-05-14 12:51:21,1.3002777777777779,96173.453125,56.0,49.0,7.0,16.6796875,13.977201257861635,40.5,48.0,238.28125
KA51AK0326,intellicar-KA51AK0326-2026-04-01_2026-06-01.csv,2026-05-14 12:51:21,2026-05-14 15:45:52,2.908611111111111,96190.0546875,50.0,35.0,15.0,23.1328125,9.352734375,44.375,47.815625,154.21875
KA51AK0326,intellicar-KA51AK0326-2026-04-01_2026-06-01.csv,2026-05-15 00:56:54,2026-05-15 03:09:25,2.2086111111111113,96227.140625,90.0,76.0,14.0,39.0703125,20.41897233201581,67.25,39.06719367588933,279.0736607142857
KA51AK0326,intellicar-KA51AK0326-2026-04-01_2026-06-01.csv,2026-05-15 03:09:55,2026-05-15 03:51:25,0.6916666666666667,96266.5234375,77.0,71.0,6.0,16.3203125,26.123511904761905,69.125,40.0,272.00520833333337
KA51AK0326,intellicar-KA51AK0326-2026-04-01_2026-06-01.csv,2026-05-15 04:23:25,2026-05-15 09:35:57,5.208888888888889,96282.8515625,96.0,67.0,29.0,65.796875,17.765243902439025,79.625,44.1280487804878,226.88577586206895
KA51AK0326,intellicar-KA51AK0326-2026-04-01_2026-06-01.csv,2026-05-15 12:41:58,2026-05-15 14:08:29,1.4419444444444445,96355.171875,89.0,83.0,6.0,9.984375,7.730029585798817,50.75,42.0,166.40625
KA51AK0326,intellicar-KA51AK0326-2026-04-01_2026-06-01.csv,2026-05-16 03:58:03,2026-05-16 05:12:03,1.2333333333333334,96446.171875,94.0,82.0,12.0,25.171875,22.958904109589042,67.0,42.67123287671233,209.765625
KA51AK0326,intellicar-KA51AK0326-2026-04-01_2026-06-01.csv,2026-05-16 05:19:04,2026-05-16 08:05:35,2.7752777777777777,96476.7578125,81.0,69.0,12.0,22.09375,9.182993730407523,63.5,45.11912225705329,184.11458333333331
KA51AK0326,intellicar-KA51AK0326-2026-04-01_2026-06-01.csv,2026-05-16 08:06:05,2026-05-16 08:38:35,0.5416666666666666,96499.1015625,70.0,62.0,8.0,16.8125,34.57954545454545,66.375,46.59090909090909,210.15625
KA51AK0326,intellicar-KA51AK0326-2026-04-01_2026-06-01.csv,2026-05-16 10:06:05,2026-05-16 14:29:37,4.392222222222222,96518.296875,96.0,89.0,7.0,47.0078125,14.868529411764706,69.625,43.752941176470586,671.5401785714286
KA51AK0326,intellicar-KA51AK0326-2026-04-01_2026-06-01.csv,2026-05-16 14:30:07,2026-05-16 16:46:08,2.2669444444444444,96565.5859375,90.0,77.0,13.0,25.3671875,12.190018315018316,50.5,45.0,195.13221153846155
KA51AK0326,intellicar-KA51AK0326-2026-04-01_2026-06-01.csv,2026-05-16 16:46:38,2026-05-16 17:17:08,0.5083333333333333,96591.1953125,78.0,73.0,5.0,8.421875,18.588709677419356,41.5,45.0,168.4375
KA51AK0326,intellicar-KA51AK0326-2026-04-01_2026-06-01.csv,2026-05-17 01:01:40,2026-05-17 03:10:41,2.1502777777777777,96614.4375,100.0,86.0,14.0,43.1171875,24.188841201716738,64.375,42.63948497854077,307.9799107142857
KA51AK0326,intellicar-KA51AK0326-2026-04-01_2026-06-01.csv,2026-05-17 05:48:12,2026-05-17 08:40:43,2.875277777777778,96679.53125,94.0,68.0,26.0,70.6015625,26.88939606741573,75.0,46.19662921348315,271.5444711538462
KA51AK0326,intellicar-KA51AK0326-2026-04-01_2026-06-01.csv,2026-05-28 06:37:03,2026-05-28 10:49:35,4.208888888888889,97166.5078125,100.0,67.0,33.0,51.2734375,16.728710462287104,63.75,45.47445255474452,155.37405303030303
KA51AK0326,intellicar-KA51AK0326-2026-04-01_2026-06-01.csv,2026-05-28 11:10:05,2026-05-28 16:43:06,5.550277777777778,97225.25,66.0,32.0,34.0,55.421875,14.606545275590552,65.5,47.588582677165356,163.00551470588235
KA51AK0326,intellicar-KA51AK0326-2026-04-01_2026-06-01.csv,2026-05-28 18:17:37,2026-05-28 21:20:37,3.05,97285.484375,91.0,62.0,29.0,61.5625,23.01231884057971,66.625,39.6231884057971,212.2844827586207
KA51AK0326,intellicar-KA51AK0326-2026-04-01_2026-06-01.csv,2026-05-29 09:47:10,2026-05-29 12:40:12,2.883888888888889,97354.0859375,100.0,76.0,24.0,39.421875,15.372456395348838,69.0,45.42151162790697,164.2578125
KA51AK0326,intellicar-KA51AK0326-2026-04-01_2026-06-01.csv,2026-05-29 12:40:12,2026-05-29 14:21:12,1.6833333333333333,97393.625,77.0,64.0,13.0,17.4921875,14.513449367088608,47.375,43.063291139240505,134.55528846153845
KA51AK0326,intellicar-KA51AK0326-2026-04-01_2026-06-01.csv,2026-05-30 09:23:47,2026-05-30 10:04:18,0.6752777777777778,97482.6015625,100.0,95.0,5.0,4.375,8.864406779661017,53.125,44.847457627118644,87.5
KA51AK0326,intellicar-KA51AK0326-2026-04-01_2026-06-01.csv,2026-05-30 10:04:18,2026-05-30 10:34:18,0.5,97486.9765625,96.0,89.0,7.0,7.0859375,17.016393442622952,71.875,45.73770491803279,101.22767857142858
KA51AK0326,intellicar-KA51AK0326-2026-04-01_2026-06-01.csv,2026-05-30 10:34:48,2026-05-30 13:48:49,3.233611111111111,97494.296875,90.0,83.0,7.0,3.625,5.886986301369863,33.625,45.821917808219176,51.78571428571429
KA51AK0326,intellicar-KA51AK0326-2026-04-01_2026-06-01.csv,2026-05-31 05:14:53,2026-05-31 09:09:24,3.908611111111111,97547.0546875,100.0,77.0,23.0,33.359375,13.445216049382717,62.375,44.19135802469136,145.04076086956522
KA51AK0326,intellicar-KA51AK0326-2026-04-01_2026-06-01.csv,2026-05-31 09:09:24,2026-05-31 13:20:25,4.183611111111111,97580.4140625,78.0,46.0,32.0,55.2265625,20.53019662921348,76.375,45.938202247191015,172.5830078125
KA51AK0326,intellicar-KA51AK0326-2026-04-01_2026-06-01.csv,2026-05-31 13:20:55,2026-05-31 15:31:56,2.183611111111111,97635.84375,47.0,24.0,23.0,33.5078125,17.1689453125,76.625,47.61328125,145.6861413043478
KA51AK0326,intellicar-KA51AK0326-2026-04-01_2026-06-01.csv,2026-05-31 16:35:56,2026-05-31 19:58:57,3.383611111111111,97669.3515625,100.0,93.0,7.0,12.9140625,16.67545871559633,63.5,41.39449541284404,184.48660714285714
KA51AL0284,intellicar-KA51AL0284-2026-04-01_2026-05-01.csv,2026-04-15 07:35:54,2026-04-15 07:45:51,0.16583333333333333,84717.875,95.0,90.0,5.0,7.2578125,49.60576923076923,64.0,42.55769230769231,145.15625
KA51AL0284,intellicar-KA51AL0284-2026-04-01_2026-05-01.csv,2026-04-19 17:20:53,2026-04-19 17:46:50,0.4325,85831.765625,34.0,29.0,5.0,7.578125,20.084437086092716,51.25,44.0,151.5625
KA51AL0284,intellicar-KA51AL0284-2026-05-01_2026-06-01.csv,2026-05-28 06:57:33,2026-05-28 07:09:34,0.20027777777777778,86092.859375,55.0,50.0,5.0,8.7578125,43.65277777777778,85.0,44.0,175.15625
KA51AL0284,intellicar-KA51AL0284-2026-05-01_2026-06-01.csv,2026-05-30 05:58:16,2026-05-30 06:24:16,0.43333333333333335,86493.0078125,69.0,64.0,5.0,4.8125,11.05,47.125,43.9375,96.25
KA51AL0284,intellicar-KA51AL0284-2026-05-01_2026-06-01.csv,2026-05-30 10:28:18,2026-05-30 10:34:18,0.1,86554.2421875,90.0,85.0,5.0,6.8046875,67.95833333333333,89.25,41.0,136.09375
KA51AL0284,intellicar-KA51AL0284-2026-05-01_2026-06-01.csv,2026-05-30 12:22:18,2026-05-30 12:48:19,0.4336111111111111,86584.8515625,69.0,63.0,6.0,4.6953125,11.977272727272727,69.0,43.935064935064936,78.25520833333334
KA51AL0284,intellicar-KA51AL0284-2026-05-01_2026-06-01.csv,2026-05-30 16:21:50,2026-05-30 16:31:50,0.16666666666666666,86648.9765625,95.0,90.0,5.0,6.5,39.725806451612904,76.125,39.0,130.0
KA51AL0284,intellicar-KA51AL0284-2026-05-01_2026-06-01.csv,2026-05-30 16:37:50,2026-05-30 16:45:50,0.13333333333333333,86660.3046875,88.0,83.0,5.0,6.3828125,47.885416666666664,85.375,39.0,127.65625
KA51AL0284,intellicar-KA51AL0284-2026-05-01_2026-06-01.csv,2026-05-30 17:01:50,2026-05-30 17:23:50,0.36666666666666664,86677.171875,78.0,72.0,6.0,10.8671875,26.530241935483872,65.625,40.0,181.11979166666669
KA51AL0284,intellicar-KA51AL0284-2026-05-01_2026-06-01.csv,2026-05-30 17:37:50,2026-05-30 17:49:50,0.2,86691.1171875,70.0,64.0,6.0,7.5859375,41.49242424242424,79.375,40.696969696969695,126.43229166666667
KA51AL0284,intellicar-KA51AL0284-2026-05-01_2026-06-01.csv,2026-05-30 19:17:51,2026-05-30 19:25:51,0.13333333333333333,86721.09375,53.0,48.0,5.0,7.1015625,57.19,85.75,40.0,142.03125
KA51AL0297,intellicar-KA51AL0297-2026-05-01_2026-06-01.csv,2026-05-05 06:46:35,2026-05-05 06:58:35,0.2,76545.3515625,72.0,67.0,5.0,8.296875,48.55882352941177,76.875,42.794117647058826,165.9375
KA51AL0297,intellicar-KA51AL0297-2026-05-01_2026-06-01.csv,2026-05-05 16:33:39,2026-05-05 16:45:39,0.2,76666.4453125,75.0,70.0,5.0,9.953125,59.559375,78.375,42.0,199.0625
KA51AL0297,intellicar-KA51AL0297-2026-05-01_2026-06-01.csv,2026-05-06 10:15:14,2026-05-06 10:29:14,0.23333333333333334,76761.2109375,84.0,78.0,6.0,14.34375,60.98546511627907,80.875,44.0,239.0625
KA51AL0297,intellicar-KA51AL0297-2026-05-01_2026-06-01.csv,2026-05-06 21:43:49,2026-05-07 00:53:19,3.158333333333333,76962.6015625,37.0,31.0,6.0,13.328125,28.5561797752809,49.0,38.82022471910113,222.13541666666666
KA51AL0297,intellicar-KA51AL0297-2026-05-01_2026-06-01.csv,2026-05-07 19:29:56,2026-05-07 19:39:56,0.16666666666666666,77094.4453125,91.0,86.0,5.0,7.4296875,44.46634615384615,72.25,41.0,148.59375
KA51AL0297,intellicar-KA51AL0297-2026-05-01_2026-06-01.csv,2026-05-08 09:13:30,2026-05-08 10:03:30,0.8333333333333334,77124.75,100.0,95.0,5.0,5.609375,22.441176470588236,64.625,42.96078431372549,112.1875
KA51AL0297,intellicar-KA51AL0297-2026-05-01_2026-06-01.csv,2026-05-09 13:36:40,2026-05-09 13:52:40,0.26666666666666666,77412.6171875,89.0,83.0,6.0,9.5625,39.578125,67.125,40.416666666666664,159.375
KA51AL0297,intellicar-KA51AL0297-2026-05-01_2026-06-01.csv,2026-05-12 10:58:33,2026-05-12 11:42:03,0.725,78059.5390625,94.0,89.0,5.0,4.875,9.428571428571429,47.5,44.97959183673469,97.5
KA51AL0297,intellicar-KA51AL0297-2026-05-01_2026-06-01.csv,2026-05-13 23:18:16,2026-05-13 23:32:16,0.23333333333333334,78519.328125,93.0,85.0,8.0,11.71875,53.14825581395349,84.0,39.0,146.484375
KA51AL0297,intellicar-KA51AL0297-2026-05-01_2026-06-01.csv,2026-05-15 16:59:00,2026-05-15 17:13:00,0.23333333333333334,78944.6875,82.0,77.0,5.0,9.890625,41.675,75.625,41.325,197.8125
KA51AL0297,intellicar-KA51AL0297-2026-05-01_2026-06-01.csv,2026-05-15 20:36:31,2026-05-15 20:44:31,0.13333333333333333,79041.453125,40.0,35.0,5.0,9.28125,63.421875,82.5,41.0,185.625
KA51AL0297,intellicar-KA51AL0297-2026-05-01_2026-06-01.csv,2026-05-16 23:55:10,2026-05-17 00:29:10,0.5666666666666667,79248.1328125,52.0,46.0,6.0,9.109375,24.401785714285715,56.125,40.0,151.82291666666669
KA51AL0297,intellicar-KA51AL0297-2026-05-01_2026-06-01.csv,2026-05-17 20:40:47,2026-05-17 20:52:17,0.19166666666666668,79317.3515625,90.0,85.0,5.0,7.65625,42.02205882352941,70.375,40.911764705882355,153.125
KA51AL0297,intellicar-KA51AL0297-2026-05-01_2026-06-01.csv,2026-05-17 20:52:17,2026-05-17 21:29:47,0.625,79325.1796875,86.0,81.0,5.0,9.7890625,25.63474025974026,68.5,40.03896103896104,195.78125
KA51AL0297,intellicar-KA51AL0297-2026-05-01_2026-06-01.csv,2026-05-17 21:46:47,2026-05-17 21:58:47,0.2,79342.84375,79.0,74.0,5.0,8.703125,46.70220588235294,61.75,40.0,174.0625
KA51AL0297,intellicar-KA51AL0297-2026-05-01_2026-06-01.csv,2026-05-18 17:23:24,2026-05-18 17:35:24,0.2,79507.9296875,54.0,49.0,5.0,6.8359375,32.92948717948718,60.125,36.8974358974359,136.71875
KA51AL0297,intellicar-KA51AL0297-2026-05-01_2026-06-01.csv,2026-05-18 23:22:25,2026-05-18 23:50:55,0.475,79645.875,69.0,64.0,5.0,6.84375,20.77462121212121,73.125,41.0,136.875
KA51AL0297,intellicar-KA51AL0297-2026-05-01_2026-06-01.csv,2026-05-19 02:41:56,2026-05-19 02:55:56,0.23333333333333334,79727.609375,67.0,62.0,5.0,7.1875,34.484756097560975,62.25,41.0,143.75
KA51AL0297,intellicar-KA51AL0297-2026-05-01_2026-06-01.csv,2026-05-19 03:15:56,2026-05-19 03:43:56,0.4666666666666667,79741.7734375,60.0,55.0,5.0,7.71875,17.36470588235294,42.875,40.129411764705885,154.375
KA51AL0297,intellicar-KA51AL0297-2026-05-01_2026-06-01.csv,2026-05-19 13:14:00,2026-05-19 13:28:00,0.23333333333333334,79815.078125,75.0,70.0,5.0,9.9296875,43.24404761904762,80.25,42.0,198.59375
KA51AL0297,intellicar-KA51AL0297-2026-05-01_2026-06-01.csv,2026-05-20 19:22:09,2026-05-20 19:47:42,0.42583333333333334,80019.984375,49.0,44.0,5.0,10.171875,26.788109756097562,56.375,41.0,203.43749999999997
KA51AL0297,intellicar-KA51AL0297-2026-05-01_2026-06-01.csv,2026-05-20 22:45:39,2026-05-20 23:57:10,1.1919444444444445,80094.25,69.0,64.0,5.0,4.53125,5.31781914893617,54.75,40.95744680851064,90.625
KA51AL0297,intellicar-KA51AL0297-2026-05-01_2026-06-01.csv,2026-05-21 10:51:43,2026-05-21 11:46:13,0.9083333333333333,80190.75,70.0,65.0,5.0,5.3515625,16.736842105263158,47.125,44.75438596491228,107.03125
KA51AL0297,intellicar-KA51AL0297-2026-05-01_2026-06-01.csv,2026-05-21 20:50:17,2026-05-21 21:08:17,0.3,80217.3046875,96.0,91.0,5.0,6.9921875,21.75,82.5,39.44444444444444,139.84375
KA51AL0297,intellicar-KA51AL0297-2026-05-01_2026-06-01.csv,2026-05-21 21:38:17,2026-05-21 22:00:17,0.36666666666666664,80250.0390625,77.0,71.0,6.0,7.53125,22.167279411764707,58.25,39.0,125.52083333333333
KA51AL0297,intellicar-KA51AL0297-2026-05-01_2026-06-01.csv,2026-05-22 18:45:54,2026-05-22 18:59:54,0.23333333333333334,80395.6640625,75.0,70.0,5.0,10.8046875,45.083333333333336,80.125,41.0,216.09375000000003
KA51AL0297,intellicar-KA51AL0297-2026-05-01_2026-06-01.csv,2026-05-23 14:29:29,2026-05-23 14:57:30,0.46694444444444444,80583.171875,66.0,61.0,5.0,5.140625,11.805722891566266,77.5,41.16867469879518,102.8125
KA51AL0297,intellicar-KA51AL0297-2026-05-01_2026-06-01.csv,2026-05-23 15:59:30,2026-05-23 16:39:00,0.6583333333333333,80610.53125,50.0,45.0,5.0,8.71875,19.646084337349397,58.25,42.0,174.375
KA51AL0297,intellicar-KA51AL0297-2026-05-01_2026-06-01.csv,2026-05-24 00:15:02,2026-05-24 00:23:02,0.13333333333333333,80764.546875,65.0,60.0,5.0,6.9375,46.942708333333336,85.25,40.0,138.75
KA51AL0297,intellicar-KA51AL0297-2026-05-01_2026-06-01.csv,2026-05-25 03:02:39,2026-05-25 03:29:09,0.44166666666666665,81090.8828125,83.0,78.0,5.0,9.046875,29.442622950819672,77.125,39.0,180.9375
KA51AL0297,intellicar-KA51AL0297-2026-05-01_2026-06-01.csv,2026-05-25 14:20:43,2026-05-25 14:36:43,0.26666666666666666,81195.984375,43.0,37.0,6.0,9.390625,36.58673469387755,70.625,45.0,156.51041666666669
KA51AL0297,intellicar-KA51AL0297-2026-05-01_2026-06-01.csv,2026-05-26 07:24:48,2026-05-26 07:36:48,0.2,81322.25,69.0,64.0,5.0,4.65625,29.4375,61.25,44.166666666666664,93.125
KA51AL0297,intellicar-KA51AL0297-2026-05-01_2026-06-01.csv,2026-05-26 08:51:48,2026-05-26 09:07:49,0.26694444444444443,81344.6640625,51.0,46.0,5.0,5.7890625,25.405555555555555,80.0,43.8,115.78124999999999
KA51AL0297,intellicar-KA51AL0297-2026-05-01_2026-06-01.csv,2026-05-26 09:23:49,2026-05-26 09:51:49,0.4666666666666667,81356.7734375,43.0,36.0,7.0,12.25,34.821917808219176,75.0,44.863013698630134,175.0
KA51AL0297,intellicar-KA51AL0297-2026-05-01_2026-06-01.csv,2026-05-26 18:07:52,2026-05-26 18:31:52,0.4,81447.1171875,31.0,25.0,6.0,12.7265625,35.97142857142857,62.875,34.5,212.109375
KA51AL0297,intellicar-KA51AL0297-2026-05-01_2026-06-01.csv,2026-05-29 19:03:44,2026-05-29 19:19:44,0.26666666666666666,81754.7109375,67.0,61.0,6.0,9.671875,42.234042553191486,86.0,40.723404255319146,161.19791666666669
KA51AL0297,intellicar-KA51AL0297-2026-05-01_2026-06-01.csv,2026-05-29 19:47:44,2026-05-29 20:13:44,0.43333333333333335,81778.59375,53.0,46.0,7.0,12.03125,31.918560606060606,80.375,39.43939393939394,171.875
KA51AL0297,intellicar-KA51AL0297-2026-05-01_2026-06-01.csv,2026-05-30 18:17:20,2026-05-30 18:35:20,0.3,81959.9765625,26.0,20.0,6.0,9.7421875,45.17045454545455,69.625,36.22727272727273,162.36979166666669
KA51AL0297,intellicar-KA51AL0297-2026-05-01_2026-06-01.csv,2026-05-31 01:20:22,2026-05-31 01:32:22,0.2,82045.921875,59.0,54.0,5.0,5.46875,30.95486111111111,82.0,36.0,109.375
KA51AL0297,intellicar-KA51AL0297-2026-06-01_2026-07-01.csv,2026-06-01 10:32:31,2026-06-01 10:44:31,0.2,82159.390625,58.0,53.0,5.0,7.28125,37.52857142857143,84.875,39.97142857142857,145.625
KA51AL0297,intellicar-KA51AL0297-2026-06-01_2026-07-01.csv,2026-06-01 12:50:32,2026-06-01 13:31:02,0.675,82210.859375,28.0,23.0,5.0,6.59375,14.853693181818182,49.625,45.0,131.875
KA51AL0297,intellicar-KA51AL0297-2026-06-01_2026-07-01.csv,2026-06-03 12:29:46,2026-06-03 13:39:46,1.1666666666666667,82443.7578125,70.0,63.0,7.0,7.6015625,7.053909952606635,44.875,44.0,108.59375
KA51AL0297,intellicar-KA51AL0297-2026-06-01_2026-07-01.csv,2026-06-05 04:56:27,2026-06-05 05:12:27,0.26666666666666666,82720.9296875,21.0,16.0,5.0,9.3671875,38.608695652173914,83.25,40.391304347826086,187.34375
KA51AL0297,intellicar-KA51AL0297-2026-06-01_2026-07-01.csv,2026-06-05 15:19:32,2026-06-05 15:23:31,0.06638888888888889,82870.0859375,92.0,87.0,5.0,7.8515625,33.43055555555556,81.625,40.0,157.03125
KA51AL0297,intellicar-KA51AL0297-2026-06-01_2026-07-01.csv,2026-06-05 16:51:02,2026-06-05 17:05:02,0.23333333333333334,82926.3125,65.0,59.0,6.0,8.1484375,36.71590909090909,75.75,41.0,135.80729166666669
KA51AL0297,intellicar-KA51AL0297-2026-06-01_2026-07-01.csv,2026-06-07 05:06:40,2026-06-07 05:24:40,0.3,82980.578125,94.0,89.0,5.0,8.1953125,30.310096153846153,77.875,40.25,163.90625
KA51AL0297,intellicar-KA51AL0297-2026-06-01_2026-07-01.csv,2026-06-08 04:08:46,2026-06-08 04:56:47,0.8002777777777778,83196.25,49.0,44.0,5.0,5.0,6.8978174603174605,45.25,39.0,100.0
KA51AL0297,intellicar-KA51AL0297-2026-06-01_2026-07-01.csv,2026-06-08 07:37:17,2026-06-08 08:42:18,1.083611111111111,83213.7578125,97.0,92.0,5.0,6.4453125,19.520522388059703,45.5,41.43283582089552,128.90625
KA51AL0297,intellicar-KA51AL0297-2026-06-01_2026-07-01.csv,2026-06-10 02:18:27,2026-06-10 02:26:27,0.13333333333333333,83448.234375,80.0,75.0,5.0,9.4921875,74.63392857142857,87.625,37.964285714285715,189.84375
KA51AL0297,intellicar-KA51AL0297-2026-06-01_2026-07-01.csv,2026-06-10 07:54:29,2026-06-10 08:20:29,0.43333333333333335,83519.71875,74.0,69.0,5.0,8.0859375,19.583333333333332,65.0,43.0,161.71875
KA51AL0297,intellicar-KA51AL0297-2026-06-01_2026-07-01.csv,2026-06-11 07:33:35,2026-06-11 08:38:35,1.0833333333333333,83721.0546875,95.0,90.0,5.0,6.3515625,8.787790697674419,40.125,40.713178294573645,127.03125
KA51AL0297,intellicar-KA51AL0297-2026-06-01_2026-07-01.csv,2026-06-11 10:04:35,2026-06-11 10:42:35,0.6333333333333333,83751.1875,79.0,74.0,5.0,5.640625,9.752212389380531,47.125,43.04424778761062,112.8125
KA51AL0297,intellicar-KA51AL0297-2026-06-01_2026-07-01.csv,2026-06-11 12:38:06,2026-06-11 13:06:06,0.4666666666666667,83782.453125,58.0,53.0,5.0,5.453125,12.745588235294118,56.25,44.0,109.0625
KA51AL0297,intellicar-KA51AL0297-2026-06-01_2026-07-01.csv,2026-06-12 03:38:39,2026-06-12 03:58:39,0.3333333333333333,83857.1171875,82.0,77.0,5.0,6.515625,21.982142857142858,52.375,37.42857142857143,130.3125
KA51AL0297,intellicar-KA51AL0297-2026-06-01_2026-07-01.csv,2026-06-14 08:49:52,2026-06-14 09:21:52,0.5333333333333333,84364.8203125,62.0,57.0,5.0,7.4296875,13.257894736842106,48.125,40.421052631578945,148.59375
KA51AL0297,intellicar-KA51AL0297-2026-06-01_2026-07-01.csv,2026-06-14 11:47:23,2026-06-14 11:57:53,0.175,84413.3984375,36.0,31.0,5.0,10.78125,69.04464285714286,76.75,39.0,215.625
KA51AL0297,intellicar-KA51AL0297-2026-06-01_2026-07-01.csv,2026-06-14 15:49:54,2026-06-14 16:01:54,0.2,84471.484375,86.0,81.0,5.0,8.5546875,51.39802631578947,79.25,40.0,171.09375
KA51AL0297,intellicar-KA51AL0297-2026-06-01_2026-07-01.csv,2026-06-17 16:26:14,2026-06-17 17:02:15,0.6002777777777778,84838.796875,51.0,44.0,7.0,11.4765625,21.412037037037038,55.5,44.71296296296296,163.95089285714286
KA51AL0297,intellicar-KA51AL0297-2026-06-01_2026-07-01.csv,2026-06-18 05:46:17,2026-06-18 06:00:17,0.23333333333333334,84947.609375,98.0,93.0,5.0,7.1171875,33.91875,74.625,39.875,142.34375
KA51AL0297,intellicar-KA51AL0297-2026-06-01_2026-07-01.csv,2026-06-18 08:51:18,2026-06-18 09:09:18,0.3,85011.7890625,98.0,93.0,5.0,6.53125,27.38888888888889,82.25,40.0,130.625
KA51AL0297,intellicar-KA51AL0297-2026-06-01_2026-07-01.csv,2026-06-18 16:24:51,2026-06-18 17:11:21,0.775,85130.578125,91.0,86.0,5.0,6.703125,13.752293577981652,76.875,40.77064220183486,134.0625
KA51AL0297,intellicar-KA51AL0297-2026-06-01_2026-07-01.csv,2026-06-19 07:05:24,2026-06-19 07:13:24,0.13333333333333333,85283.59375,94.0,89.0,5.0,7.0546875,56.46590909090909,80.25,41.0,141.09375
KA51AL0297,intellicar-KA51AL0297-2026-06-01_2026-07-01.csv,2026-06-19 07:27:25,2026-06-19 07:39:25,0.2,85303.8515625,84.0,79.0,5.0,8.8359375,43.846875,78.0,42.0,176.71875
KA51AL0297,intellicar-KA51AL0297-2026-06-01_2026-07-01.csv,2026-06-19 17:24:58,2026-06-19 17:56:58,0.5333333333333333,85420.34375,77.0,72.0,5.0,5.9765625,13.030303030303031,50.5,41.0,119.53125
KA51AL0297,intellicar-KA51AL0297-2026-06-01_2026-07-01.csv,2026-06-20 09:19:03,2026-06-20 09:39:03,0.3333333333333333,85569.3828125,65.0,59.0,6.0,11.890625,36.33811475409836,63.875,44.0,198.17708333333331
KA51AL0297,intellicar-KA51AL0297-2026-06-01_2026-07-01.csv,2026-06-20 11:33:03,2026-06-20 11:43:03,0.16666666666666666,85609.859375,41.0,35.0,6.0,10.4375,67.73706896551724,80.75,40.241379310344826,173.95833333333331
KA51AL0297,intellicar-KA51AL0297-2026-06-01_2026-07-01.csv,2026-06-20 15:28:35,2026-06-20 15:38:35,0.16666666666666666,85671.5625,82.0,77.0,5.0,10.390625,62.8448275862069,80.25,38.55172413793103,207.8125
KA51AL0297,intellicar-KA51AL0297-2026-06-01_2026-07-01.csv,2026-06-22 05:03:44,2026-06-22 05:51:44,0.8,86012.375,43.0,38.0,5.0,4.6640625,6.2890625,35.0,40.0,93.28125
KA51AL0297,intellicar-KA51AL0297-2026-06-01_2026-07-01.csv,2026-06-22 10:52:46,2026-06-22 11:14:46,0.36666666666666664,86066.4921875,75.0,70.0,5.0,5.078125,15.496428571428572,51.5,45.0,101.5625
KA51AL0297,intellicar-KA51AL0297-2026-06-01_2026-07-01.csv,2026-06-22 13:39:47,2026-06-22 14:23:47,0.7333333333333333,86114.078125,94.0,88.0,6.0,9.984375,30.001923076923077,72.25,40.15384615384615,166.40625
KA51AL0297,intellicar-KA51AL0297-2026-06-01_2026-07-01.csv,2026-06-22 15:57:48,2026-06-22 16:23:48,0.43333333333333335,86167.171875,70.0,65.0,5.0,10.453125,26.165584415584416,66.0,40.0,209.06250000000003
KA51AL0297,intellicar-KA51AL0297-2026-06-01_2026-07-01.csv,2026-06-23 11:47:23,2026-06-23 12:00:53,0.225,86244.890625,66.0,61.0,5.0,7.1484375,30.325657894736842,71.25,43.60526315789474,142.96875
KA51AL0297,intellicar-KA51AL0297-2026-06-01_2026-07-01.csv,2026-06-26 02:42:12,2026-06-26 03:06:12,0.4,86594.7578125,64.0,59.0,5.0,9.0859375,23.207142857142856,52.0,34.47142857142857,181.71875
KA51AL0297,intellicar-KA51AL0297-2026-06-01_2026-07-01.csv,2026-06-26 10:40:15,2026-06-26 11:14:15,0.5666666666666667,86737.046875,37.0,31.0,6.0,9.234375,17.878712871287128,54.125,44.31683168316832,153.90625
KA51AL0297,intellicar-KA51AL0297-2026-06-01_2026-07-01.csv,2026-06-26 16:49:47,2026-06-26 16:55:47,0.1,86797.5625,92.0,0.0,92.0,3.0546875,29.141666666666666,71.75,40.0,3.3203125
KA51AL0297,intellicar-KA51AL0297-2026-06-01_2026-07-01.csv,2026-06-26 16:55:47,2026-06-26 17:23:47,0.4666666666666667,86800.6171875,91.0,86.0,5.0,7.4453125,35.24404761904762,76.625,40.0,148.90625
KA51AL0298,intellicar-KA51AL0298-2026-04-01_2026-05-01.csv,2026-04-01 06:25:09,2026-04-01 06:45:07,0.3327777777777778,77617.1953125,67.0,62.0,5.0,6.0390625,21.78125,46.0,44.827586206896555,120.78125
KA51AL0298,intellicar-KA51AL0298-2026-04-01_2026-05-01.csv,2026-04-02 11:23:20,2026-04-02 12:41:47,1.3075,77885.3515625,58.0,52.0,6.0,11.1640625,11.293478260869565,54.125,43.03260869565217,186.06770833333331
KA51AL0298,intellicar-KA51AL0298-2026-04-01_2026-05-01.csv,2026-04-02 12:41:49,2026-04-02 13:26:17,0.7411111111111112,77896.4453125,53.0,48.0,5.0,8.6171875,12.57480694980695,54.5,43.0,172.34375
KA51AL0298,intellicar-KA51AL0298-2026-04-01_2026-05-01.csv,2026-04-02 16:53:51,2026-04-02 17:03:49,0.1661111111111111,77957.0078125,85.0,80.0,5.0,10.265625,56.51201923076923,83.5,41.0,205.3125
KA51AL0298,intellicar-KA51AL0298-2026-04-01_2026-05-01.csv,2026-04-02 17:25:51,2026-04-02 18:16:49,0.8494444444444444,77987.34375,73.0,68.0,5.0,10.625,20.65909090909091,61.375,41.33838383838384,212.5
KA51AL0298,intellicar-KA51AL0298-2026-04-01_2026-05-01.csv,2026-04-06 11:19:22,2026-04-06 11:47:18,0.46555555555555556,79092.921875,48.0,43.0,5.0,4.1953125,9.893103448275863,38.25,44.98620689655172,83.90625
KA51AL0298,intellicar-KA51AL0298-2026-04-01_2026-05-01.csv,2026-04-08 11:23:33,2026-04-08 12:07:04,0.7252777777777778,79625.7109375,53.0,48.0,5.0,7.109375,10.430164319248826,47.5,44.74178403755869,142.1875
KA51AL0298,intellicar-KA51AL0298-2026-04-01_2026-05-01.csv,2026-04-11 15:20:30,2026-04-11 16:54:01,1.5586111111111112,80562.015625,27.0,0.0,27.0,3.4609375,22.360795454545453,56.75,43.59090909090909,12.818287037037038
KA51AL0298,intellicar-KA51AL0298-2026-04-01_2026-05-01.csv,2026-04-11 17:34:29,2026-04-11 18:07:59,0.5583333333333333,80585.3984375,92.0,86.0,6.0,12.359375,27.434811827956988,63.25,40.0,205.98958333333334
KA51AL0298,intellicar-KA51AL0298-2026-04-01_2026-05-01.csv,2026-04-13 06:14:11,2026-04-13 06:26:08,0.19916666666666666,81040.421875,56.0,50.0,6.0,8.828125,48.29296875,72.0,44.9375,147.13541666666669
KA51AL0298,intellicar-KA51AL0298-2026-04-01_2026-05-01.csv,2026-04-15 01:04:50,2026-04-15 01:16:49,0.19972222222222222,81546.5078125,96.0,91.0,5.0,9.7734375,54.67857142857143,71.75,41.0,195.46875
KA51AL0298,intellicar-KA51AL0298-2026-04-01_2026-05-01.csv,2026-04-15 18:54:26,2026-04-15 19:08:24,0.23277777777777778,81811.3984375,85.0,80.0,5.0,9.40625,43.964527027027025,71.75,40.0,188.125
KA51AL0298,intellicar-KA51AL0298-2026-04-01_2026-05-01.csv,2026-04-16 17:57:33,2026-04-16 18:16:01,0.30777777777777776,82153.9296875,48.0,0.0,48.0,4.640625,27.68125,61.0,44.016666666666666,9.66796875
KA51AL0298,intellicar-KA51AL0298-2026-04-01_2026-05-01.csv,2026-04-17 06:45:06,2026-04-17 06:53:06,0.13333333333333333,82292.625,46.0,0.0,46.0,3.484375,27.455357142857142,59.0,45.0,7.5747282608695645
KA51AL0298,intellicar-KA51AL0298-2026-04-01_2026-05-01.csv,2026-04-18 04:34:12,2026-04-18 05:42:12,1.1333333333333333,82565.265625,39.0,34.0,5.0,7.0703125,19.210576923076925,76.75,42.69230769230769,141.40625
KA51AL0298,intellicar-KA51AL0298-2026-04-01_2026-05-01.csv,2026-04-20 10:27:57,2026-04-20 10:39:54,0.19916666666666666,83173.5078125,93.0,88.0,5.0,7.5234375,38.72222222222222,83.625,44.57142857142857,150.46875
KA51AL0298,intellicar-KA51AL0298-2026-04-01_2026-05-01.csv,2026-04-26 14:16:11,2026-04-26 15:03:08,0.7825,83813.2578125,44.0,39.0,5.0,4.6328125,10.825,38.5,44.0,92.65625
KA51AL0298,intellicar-KA51AL0298-2026-04-01_2026-05-01.csv,2026-04-26 15:44:40,2026-04-26 18:29:10,2.7416666666666667,83819.0546875,39.0,34.0,5.0,4.0546875,8.280128205128205,85.25,43.6,81.09375
KA51AL0298,intellicar-KA51AL0298-2026-04-01_2026-05-01.csv,2026-04-27 09:47:16,2026-04-27 11:27:13,1.6658333333333333,83863.6171875,43.0,38.0,5.0,4.1015625,17.672535211267604,57.875,45.08450704225352,82.03125
KA51AL0298,intellicar-KA51AL0298-2026-04-01_2026-05-01.csv,2026-04-30 12:00:06,2026-04-30 12:15:03,0.24916666666666668,84265.078125,48.0,43.0,5.0,4.1328125,10.751838235294118,86.875,45.029411764705884,82.65625
KA51AL0298,intellicar-KA51AL0298-2026-05-01_2026-06-01.csv,2026-05-02 01:38:46,2026-05-02 01:52:44,0.23277777777777778,84682.421875,51.0,45.0,6.0,7.7578125,28.913961038961038,80.375,40.0,129.296875
KA51AL0298,intellicar-KA51AL0298-2026-05-01_2026-06-01.csv,2026-05-02 23:22:21,2026-05-02 23:42:50,0.3413888888888889,84976.109375,99.0,94.0,5.0,7.234375,27.26608910891089,57.75,41.0,144.6875
KA51AL0298,intellicar-KA51AL0298-2026-05-01_2026-06-01.csv,2026-05-04 09:24:33,2026-05-04 09:32:29,0.1322222222222222,85588.5390625,93.0,88.0,5.0,7.1015625,40.64423076923077,81.5,43.02564102564103,142.03125
KA51AL0298,intellicar-KA51AL0298-2026-05-01_2026-06-01.csv,2026-05-05 02:58:05,2026-05-05 03:10:04,0.19972222222222222,85750.9609375,67.0,61.0,6.0,9.328125,46.525735294117645,78.25,40.529411764705884,155.46875
KA51AL0298,intellicar-KA51AL0298-2026-05-01_2026-06-01.csv,2026-05-05 10:31:07,2026-05-05 10:39:07,0.13333333333333333,85897.0078125,89.0,84.0,5.0,9.8515625,73.17,91.375,41.52,197.03125
KA51AL0298,intellicar-KA51AL0298-2026-05-01_2026-06-01.csv,2026-05-05 12:26:40,2026-05-05 14:01:38,1.5827777777777778,85936.5625,68.0,62.0,6.0,8.046875,15.191441441441441,54.5,41.47747747747748,134.11458333333331
KA51AL0298,intellicar-KA51AL0298-2026-05-01_2026-06-01.csv,2026-05-06 13:10:15,2026-05-06 13:39:45,0.49166666666666664,86259.578125,64.0,59.0,5.0,5.0390625,10.814024390243903,40.375,44.0,100.78125
KA51AL0298,intellicar-KA51AL0298-2026-05-01_2026-06-01.csv,2026-05-06 15:17:16,2026-05-06 15:49:46,0.5416666666666666,86286.125,46.0,0.0,46.0,4.21875,10.47804054054054,51.0,42.5945945945946,9.171195652173914
KA51AL0298,intellicar-KA51AL0298-2026-05-01_2026-06-01.csv,2026-05-06 23:32:49,2026-05-06 23:44:49,0.2,86313.265625,31.0,23.0,8.0,14.171875,76.7578125,88.25,38.84375,177.1484375
KA51AL0298,intellicar-KA51AL0298-2026-05-01_2026-06-01.csv,2026-05-07 06:42:51,2026-05-07 07:24:21,0.6916666666666667,86426.6953125,44.0,39.0,5.0,3.4609375,8.229166666666666,42.5,44.09090909090909,69.21875
KA51AL0298,intellicar-KA51AL0298-2026-05-01_2026-06-01.csv,2026-05-07 10:02:22,2026-05-07 10:16:22,0.23333333333333334,86441.71875,89.0,84.0,5.0,6.0390625,29.348214285714285,62.625,43.357142857142854,120.78125
KA51AL0298,intellicar-KA51AL0298-2026-05-01_2026-06-01.csv,2026-05-07 13:31:24,2026-05-07 14:11:26,0.6672222222222223,86487.859375,58.0,53.0,5.0,6.2421875,12.118932038834952,46.5,44.24271844660194,124.84375000000001
KA51AL0298,intellicar-KA51AL0298-2026-05-01_2026-06-01.csv,2026-05-07 14:55:26,2026-05-07 15:37:55,0.7080555555555555,86501.265625,48.0,42.0,6.0,7.171875,10.529713114754099,42.625,45.0,119.53125
KA51AL0298,intellicar-KA51AL0298-2026-05-01_2026-06-01.csv,2026-05-08 07:32:29,2026-05-08 08:00:29,0.4666666666666667,86662.3046875,92.0,86.0,6.0,10.203125,23.62787356321839,59.0,44.02298850574713,170.05208333333331
KA51AL0298,intellicar-KA51AL0298-2026-05-01_2026-06-01.csv,2026-05-08 08:18:29,2026-05-08 08:26:29,0.13333333333333333,86688.1328125,79.0,74.0,5.0,8.1953125,62.15865384615385,84.75,45.0,163.90625
KA51AL0298,intellicar-KA51AL0298-2026-05-01_2026-06-01.csv,2026-05-08 09:19:00,2026-05-08 09:24:00,0.08333333333333333,86727.5546875,59.0,54.0,5.0,5.7734375,25.198529411764707,60.0,44.23529411764706,115.46875000000001
KA51AL0298,intellicar-KA51AL0298-2026-05-01_2026-06-01.csv,2026-05-08 09:28:00,2026-05-08 09:55:00,0.45,86734.2265625,54.0,49.0,5.0,6.7265625,15.75,62.125,44.925925925925924,134.53125
KA51AL0298,intellicar-KA51AL0298-2026-05-01_2026-06-01.csv,2026-05-08 10:08:00,2026-05-08 11:01:00,0.8833333333333333,86743.5234375,48.0,40.0,8.0,9.2578125,12.767985611510792,53.0,44.2589928057554,115.72265625
KA51AL0298,intellicar-KA51AL0298-2026-05-01_2026-06-01.csv,2026-05-12 06:04:31,2026-05-12 10:17:03,4.208888888888889,86903.3984375,66.0,61.0,5.0,3.25,7.8640625,44.75,43.0875,65.0
KA51AL0298,intellicar-KA51AL0298-2026-05-01_2026-06-01.csv,2026-05-13 09:00:41,2026-05-13 10:34:11,1.5583333333333333,86928.4453125,74.0,68.0,6.0,5.4921875,18.331439393939394,61.375,44.333333333333336,91.53645833333334
KA51AL0298,intellicar-KA51AL0298-2026-05-01_2026-06-01.csv,2026-05-14 18:19:53,2026-05-14 18:35:56,0.2675,87001.8046875,56.0,50.0,6.0,5.984375,23.056818181818183,75.5,43.0,99.73958333333334
KA51AL0298,intellicar-KA51AL0298-2026-05-01_2026-06-01.csv,2026-05-14 20:00:54,2026-05-14 20:04:54,0.06666666666666667,87031.9921875,24.0,19.0,5.0,3.6328125,37.09090909090909,73.375,45.0,72.65625
KA51AL0298,intellicar-KA51AL0298-2026-05-01_2026-06-01.csv,2026-05-15 08:55:57,2026-05-15 10:23:58,1.4669444444444444,87085.1484375,76.0,71.0,5.0,6.40625,23.80188679245283,81.625,43.0,128.125
KA51AL0298,intellicar-KA51AL0298-2026-05-01_2026-06-01.csv,2026-05-15 13:41:02,2026-05-15 15:08:29,1.4575,87122.640625,51.0,46.0,5.0,5.515625,9.615217391304348,43.875,42.0,110.31249999999999
KA51AL0298,intellicar-KA51AL0298-2026-05-01_2026-06-01.csv,2026-05-15 15:22:29,2026-05-15 15:30:29,0.13333333333333333,87136.046875,42.0,37.0,5.0,4.9609375,37.63636363636363,81.75,43.0,99.21875
KA51AL0298,intellicar-KA51AL0298-2026-05-01_2026-06-01.csv,2026-05-16 01:24:32,2026-05-16 01:30:32,0.1,87284.0390625,24.0,19.0,5.0,5.265625,48.60294117647059,77.75,45.05882352941177,105.31250000000001
KA51AL0298,intellicar-KA51AL0298-2026-05-01_2026-06-01.csv,2026-05-16 19:31:39,2026-05-16 19:47:39,0.26666666666666666,87399.1484375,46.0,41.0,5.0,5.2265625,25.956521739130434,87.75,43.0,104.53125000000001
KA51AL0298,intellicar-KA51AL0298-2026-05-01_2026-06-01.csv,2026-05-17 07:30:42,2026-05-17 07:41:12,0.175,87511.1875,72.0,67.0,5.0,6.1875,38.1875,88.375,45.17857142857143,123.75
KA51AL0298,intellicar-KA51AL0298-2026-05-01_2026-06-01.csv,2026-05-17 11:06:44,2026-05-17 13:02:45,1.9336111111111112,87572.171875,27.0,20.0,7.0,3.0,7.415441176470588,47.75,43.44117647058823,42.857142857142854
KA51AL0298,intellicar-KA51AL0298-2026-05-01_2026-06-01.csv,2026-05-17 16:39:16,2026-05-17 17:02:16,0.38333333333333336,87612.2578125,70.0,65.0,5.0,7.0546875,24.222727272727273,61.625,44.0,141.09375
KA51AL0298,intellicar-KA51AL0298-2026-05-01_2026-06-01.csv,2026-05-18 13:13:22,2026-05-18 13:25:22,0.2,87682.546875,88.0,83.0,5.0,7.90625,42.09285714285714,81.375,41.0,158.125
KA51AL0298,intellicar-KA51AL0298-2026-05-01_2026-06-01.csv,2026-05-19 15:01:30,2026-05-19 16:26:31,1.4169444444444443,87799.3203125,71.0,65.0,6.0,6.2890625,8.864,85.25,42.0,104.81770833333333
KA51AL0298,intellicar-KA51AL0298-2026-05-01_2026-06-01.csv,2026-05-20 05:55:04,2026-05-20 06:29:04,0.5666666666666667,87955.109375,43.0,38.0,5.0,8.1875,16.207894736842107,52.375,42.36842105263158,163.75
KA51AL0298,intellicar-KA51AL0298-2026-05-01_2026-06-01.csv,2026-05-22 14:12:52,2026-05-22 14:26:52,0.23333333333333334,88087.1796875,42.0,37.0,5.0,6.90625,30.779761904761905,81.25,40.07142857142857,138.125
KA51AL0298,intellicar-KA51AL0298-2026-05-01_2026-06-01.csv,2026-05-23 11:30:32,2026-05-23 12:40:59,1.1741666666666666,88230.8046875,42.0,37.0,5.0,6.078125,13.238372093023257,67.125,43.627906976744185,121.5625
KA51AL0298,intellicar-KA51AL0298-2026-05-01_2026-06-01.csv,2026-05-24 04:42:33,2026-05-24 04:48:33,0.1,88334.7578125,72.0,67.0,5.0,8.3828125,85.33823529411765,89.25,42.0,167.65625
KA51AL0298,intellicar-KA51AL0298-2026-05-01_2026-06-01.csv,2026-05-25 01:45:39,2026-05-25 02:33:39,0.8,88458.8203125,83.0,78.0,5.0,9.0390625,19.640449438202246,91.25,38.97752808988764,180.78125
KA51AL0298,intellicar-KA51AL0298-2026-05-01_2026-06-01.csv,2026-05-25 04:14:39,2026-05-25 04:22:39,0.13333333333333333,88510.03125,59.0,54.0,5.0,6.3515625,48.10227272727273,88.0,41.90909090909091,127.03125
KA51AL0298,intellicar-KA51AL0298-2026-05-01_2026-06-01.csv,2026-05-27 19:27:30,2026-05-27 19:46:01,0.3086111111111111,88811.40625,48.0,43.0,5.0,4.5703125,16.38888888888889,83.25,43.0,91.40625
KA51AL0298,intellicar-KA51AL0298-2026-05-01_2026-06-01.csv,2026-05-27 20:02:01,2026-05-27 20:16:01,0.23333333333333334,88823.6171875,40.0,35.0,5.0,9.234375,37.9671052631579,71.25,43.0,184.6875
KA51AL0298,intellicar-KA51AL0298-2026-05-01_2026-06-01.csv,2026-05-28 18:03:07,2026-05-28 18:11:07,0.13333333333333333,88905.6171875,69.0,63.0,6.0,5.96875,50.47826086956522,89.25,40.30434782608695,99.47916666666666
KA51AL0298,intellicar-KA51AL0298-2026-05-01_2026-06-01.csv,2026-05-28 19:38:07,2026-05-28 19:50:07,0.2,88949.2421875,40.0,35.0,5.0,7.34375,41.74342105263158,78.625,41.0,146.875
KA51AL0298,intellicar-KA51AL0298-2026-05-01_2026-06-01.csv,2026-05-29 18:18:43,2026-05-29 20:09:44,1.8502777777777777,89171.7578125,60.0,54.0,6.0,6.8828125,12.737244897959183,52.25,38.01020408163265,114.71354166666667
KA51AL0298,intellicar-KA51AL0298-2026-05-01_2026-06-01.csv,2026-05-29 21:55:44,2026-05-29 22:13:44,0.3,89219.0390625,27.0,18.0,9.0,15.3203125,52.88725490196079,85.375,39.76470588235294,170.22569444444443
KA51AL0298,intellicar-KA51AL0298-2026-05-01_2026-06-01.csv,2026-05-30 08:42:47,2026-05-30 09:20:47,0.6333333333333333,89332.9921875,45.0,39.0,6.0,7.4453125,15.776988636363637,54.5,44.97727272727273,124.08854166666667
KA51AL0298,intellicar-KA51AL0298-2026-06-01_2026-07-01.csv,2026-06-03 02:04:13,2026-06-03 02:16:13,0.2,89649.8515625,98.0,93.0,5.0,6.4453125,33.27430555555556,85.25,40.0,128.90625
KA51AL0298,intellicar-KA51AL0298-2026-06-01_2026-07-01.csv,2026-06-03 15:51:17,2026-06-03 16:10:17,0.31666666666666665,89797.0859375,78.0,73.0,5.0,6.609375,26.35185185185185,60.0,41.0,132.1875
KA51AL0298,intellicar-KA51AL0298-2026-06-01_2026-07-01.csv,2026-06-03 21:58:48,2026-06-03 22:02:48,0.06666666666666667,89888.7578125,23.0,18.0,5.0,3.9296875,51.348214285714285,77.75,40.07142857142857,78.59375
KA51AL0298,intellicar-KA51AL0298-2026-06-01_2026-07-01.csv,2026-06-04 07:20:51,2026-06-04 09:07:51,1.7833333333333334,89954.046875,70.0,65.0,5.0,6.625,21.868181818181817,86.75,43.92727272727273,132.5
KA51AL0298,intellicar-KA51AL0298-2026-06-01_2026-07-01.csv,2026-06-05 06:10:28,2026-06-05 09:11:29,3.0169444444444444,90170.7265625,72.0,66.0,6.0,6.1484375,21.180803571428573,82.5,42.55357142857143,102.47395833333333
KA51AL0298,intellicar-KA51AL0298-2026-06-01_2026-07-01.csv,2026-06-05 14:12:01,2026-06-05 14:43:01,0.5166666666666667,90186.78125,56.0,51.0,5.0,4.6328125,10.127747252747254,38.625,41.0,92.65625
KA51AL0298,intellicar-KA51AL0298-2026-06-01_2026-07-01.csv,2026-06-06 07:23:05,2026-06-06 07:53:35,0.5083333333333333,90253.5078125,71.0,66.0,5.0,4.7890625,11.978915662650602,55.0,42.0,95.78125
KA51AL0298,intellicar-KA51AL0298-2026-06-01_2026-07-01.csv,2026-06-06 09:01:06,2026-06-06 10:22:06,1.35,90274.2421875,57.0,52.0,5.0,5.0546875,8.185227272727273,48.375,42.736363636363635,101.09375
KA51AL0298,intellicar-KA51AL0298-2026-06-01_2026-07-01.csv,2026-06-06 11:35:10,2026-06-06 12:45:37,1.1741666666666666,90296.96875,39.0,34.0,5.0,5.1875,9.782954545454546,70.5,42.58181818181818,103.75000000000001
KA51AL0298,intellicar-KA51AL0298-2026-06-01_2026-07-01.csv,2026-06-06 13:27:37,2026-06-06 15:06:38,1.6502777777777777,90314.2265625,28.0,19.0,9.0,12.046875,15.860445205479452,58.0,42.863013698630134,133.85416666666669
KA51AL0298,intellicar-KA51AL0298-2026-06-01_2026-07-01.csv,2026-06-06 23:15:09,2026-06-06 23:29:09,0.23333333333333334,90412.53125,41.0,35.0,6.0,5.421875,29.292763157894736,78.375,42.0,90.36458333333334
KA51AL0298,intellicar-KA51AL0298-2026-06-01_2026-07-01.csv,2026-06-08 17:59:20,2026-06-08 18:05:20,0.1,90651.4140625,51.0,46.0,5.0,6.4921875,60.425,87.875,38.0,129.84375
KA51AL0298,intellicar-KA51AL0298-2026-06-01_2026-07-01.csv,2026-06-08 20:24:21,2026-06-08 20:32:21,0.13333333333333333,90667.515625,92.0,86.0,6.0,6.6953125,59.84090909090909,89.0,39.27272727272727,111.58854166666667
KA51AL0298,intellicar-KA51AL0298-2026-06-01_2026-07-01.csv,2026-06-08 20:56:22,2026-06-08 21:53:51,0.9580555555555555,90691.7734375,76.0,70.0,6.0,5.9140625,16.106617647058822,81.625,40.85294117647059,98.56770833333334
KA51AL0298,intellicar-KA51AL0298-2026-06-01_2026-07-01.csv,2026-06-10 11:06:30,2026-06-10 11:48:30,0.7,90832.6015625,40.0,34.0,6.0,6.8828125,9.794491525423728,51.0,44.0,114.71354166666667
KA51AL0298,intellicar-KA51AL0298-2026-06-01_2026-07-01.csv,2026-06-11 04:57:34,2026-06-11 06:39:34,1.7,90898.375,83.0,78.0,5.0,3.4140625,7.657986111111111,75.75,39.47222222222222,68.28125
KA51AL0298,intellicar-KA51AL0298-2026-06-01_2026-07-01.csv,2026-06-12 04:03:39,2026-06-12 06:20:40,2.283611111111111,91070.3671875,66.0,61.0,5.0,8.109375,16.97340425531915,62.75,41.4468085106383,162.1875
KA51AL0298,intellicar-KA51AL0298-2026-06-01_2026-07-01.csv,2026-06-12 21:16:44,2026-06-13 01:18:45,4.033611111111111,91143.7578125,78.0,72.0,6.0,4.2890625,7.152616279069767,67.125,37.06976744186046,71.484375
KA51AL0298,intellicar-KA51AL0298-2026-06-01_2026-07-01.csv,2026-06-13 18:41:49,2026-06-13 18:49:49,0.13333333333333333,91253.2890625,96.0,91.0,5.0,5.9453125,47.357142857142854,80.125,40.57142857142857,118.90624999999999
KA51AL0298,intellicar-KA51AL0298-2026-06-01_2026-07-01.csv,2026-06-13 21:32:20,2026-06-13 21:38:20,0.1,91312.8828125,57.0,52.0,5.0,5.6015625,47.916666666666664,81.625,42.0,112.03125
KA51AL0298,intellicar-KA51AL0298-2026-06-01_2026-07-01.csv,2026-06-13 23:52:50,2026-06-14 00:02:50,0.16666666666666666,91370.9765625,16.0,11.0,5.0,7.921875,52.97083333333333,82.625,42.06666666666667,158.4375
KA51AL0298,intellicar-KA51AL0298-2026-06-01_2026-07-01.csv,2026-06-14 11:14:23,2026-06-14 11:36:23,0.36666666666666664,91456.03125,59.0,54.0,5.0,7.5390625,20.856060606060606,75.375,42.75757575757576,150.78125
KA51AL0298,intellicar-KA51AL0298-2026-06-01_2026-07-01.csv,2026-06-14 13:02:23,2026-06-14 13:20:53,0.30833333333333335,91489.75,41.0,35.0,6.0,8.703125,27.391509433962263,88.875,39.735849056603776,145.05208333333331
KA51AL0298,intellicar-KA51AL0298-2026-06-01_2026-07-01.csv,2026-06-14 14:40:54,2026-06-14 14:44:54,0.06666666666666667,91518.8515625,78.0,73.0,5.0,4.4609375,69.93055555555556,87.0,40.0,89.21875
KA51AL0298,intellicar-KA51AL0298-2026-06-01_2026-07-01.csv,2026-06-15 06:51:58,2026-06-15 06:59:58,0.13333333333333333,91581.921875,81.0,76.0,5.0,9.3984375,81.23214285714286,90.625,41.095238095238095,187.96875
KA51AL0298,intellicar-KA51AL0298-2026-06-01_2026-07-01.csv,2026-06-15 08:38:58,2026-06-15 09:12:59,0.5669444444444445,91610.6875,67.0,61.0,6.0,11.8203125,21.70673076923077,75.75,44.53846153846154,197.00520833333331
KA51AL0298,intellicar-KA51AL0298-2026-07-01_2026-08-01 (1).csv,2026-07-06 05:35:01,2026-07-06 09:16:02,3.683611111111111,91882.5703125,84.0,79.0,5.0,5.828125,11.130252100840336,46.25,38.27731092436975,116.56249999999999
KA51AL0298,intellicar-KA51AL0298-2026-07-01_2026-08-01 (1).csv,2026-07-06 12:23:33,2026-07-06 14:36:04,2.2086111111111113,91937.578125,55.0,50.0,5.0,6.4765625,9.215485074626866,49.0,41.1044776119403,129.53125
KA51AL0298,intellicar-KA51AL0298-2026-07-01_2026-08-01 (1).csv,2026-07-06 14:54:04,2026-07-06 15:24:34,0.5083333333333333,91948.3515625,48.0,42.0,6.0,7.7578125,17.806944444444444,52.125,40.37777777777778,129.296875
KA51AL0298,intellicar-KA51AL0298-2026-07-01_2026-08-01 (1).csv,2026-07-06 21:26:06,2026-07-06 21:46:36,0.3416666666666667,91993.140625,90.0,85.0,5.0,8.5,29.69877049180328,54.0,38.0,170.0
KA51AL0298,intellicar-KA51AL0298-2026-07-01_2026-08-01 (1).csv,2026-07-07 14:32:11,2026-07-07 15:33:11,1.0166666666666666,92103.0390625,49.0,43.0,6.0,8.1640625,13.085227272727273,55.875,40.872727272727275,136.06770833333331
KA51AL0298,intellicar-KA51AL0298-2026-07-01_2026-08-01 (1).csv,2026-07-07 19:27:12,2026-07-07 19:43:12,0.26666666666666666,92150.3984375,88.0,83.0,5.0,8.484375,33.74166666666667,65.5,39.0,169.6875
KA51AL0298,intellicar-KA51AL0298-2026-07-01_2026-08-01 (1).csv,2026-07-08 10:01:45,2026-07-08 10:35:45,0.5666666666666667,92221.25,75.0,70.0,5.0,8.0234375,19.459375,74.375,41.0,160.46875
KA51AL0298,intellicar-KA51AL0298-2026-07-01_2026-08-01 (1).csv,2026-07-08 11:11:15,2026-07-08 12:03:16,0.8669444444444444,92235.5390625,68.0,63.0,5.0,8.78125,12.633333333333333,47.0,41.65185185185185,175.625
KA51AL0298,intellicar-KA51AL0298-2026-07-01_2026-08-01 (1).csv,2026-07-08 17:10:17,2026-07-08 20:56:18,3.7669444444444444,92309.5234375,90.0,84.0,6.0,5.1953125,7.816468253968254,49.0,39.44444444444444,86.58854166666666
KA51AL0298,intellicar-KA51AL0298-2026-07-01_2026-08-01 (1).csv,2026-07-10 09:35:57,2026-07-10 10:32:57,0.95,92531.5859375,61.0,55.0,6.0,7.3515625,17.90535714285714,70.125,42.0,122.52604166666667
KA51AL0298,intellicar-KA51AL0298-2026-07-01_2026-08-01 (1).csv,2026-07-11 09:39:03,2026-07-11 10:07:03,0.4666666666666667,92670.5234375,58.0,53.0,5.0,9.2734375,23.98780487804878,63.125,44.0,185.46875
KA51AL0298,intellicar-KA51AL0298-2026-07-01_2026-08-01 (1).csv,2026-07-12 09:16:38,2026-07-12 14:29:40,5.217222222222222,92713.9375,27.0,18.0,9.0,9.0,11.227941176470589,68.75,41.23529411764706,100.0
KA51AL0298,intellicar-KA51AL0298-2026-07-01_2026-08-01 (1).csv,2026-07-13 06:18:14,2026-07-13 10:27:45,4.158611111111111,92759.609375,44.0,38.0,6.0,8.7265625,9.52320359281437,49.875,39.48502994011976,145.44270833333331
KA51AL0298,intellicar-KA51AL0298-2026-07-01_2026-08-01 (1).csv,2026-07-17 09:33:42,2026-07-17 09:59:12,0.425,92805.1796875,95.0,90.0,5.0,8.0859375,21.478571428571428,64.75,42.0,161.71875
KA51AL0298,intellicar-KA51AL0298-2026-07-01_2026-08-01 (1).csv,2026-07-21 09:29:08,2026-07-21 09:49:09,0.33361111111111114,92977.9453125,73.0,68.0,5.0,7.2578125,25.44396551724138,56.625,43.62068965517241,145.15625
KA51AL0298,intellicar-KA51AL0298-2026-07-01_2026-08-01 (1).csv,2026-07-22 08:21:45,2026-07-22 08:35:45,0.23333333333333334,93030.5234375,45.0,40.0,5.0,8.3203125,36.125,64.375,38.0,166.40625
KA51AL0298,intellicar-KA51AL0298-2026-07-01_2026-08-01 (1).csv,2026-07-22 12:25:16,2026-07-22 12:40:46,0.25833333333333336,93091.78125,91.0,86.0,5.0,8.5859375,47.74166666666667,77.875,38.0,171.71875
KA51AL0298,intellicar-KA51AL0298-2026-07-01_2026-08-01 (1).csv,2026-07-22 13:46:47,2026-07-22 14:12:47,0.43333333333333335,93128.328125,76.0,71.0,5.0,9.1796875,21.150974025974026,60.375,39.0,183.59375
KA51AL0298,intellicar-KA51AL0298-2026-07-01_2026-08-01 (1).csv,2026-07-23 01:53:20,2026-07-23 04:39:21,2.7669444444444444,93153.1328125,63.0,58.0,5.0,6.46875,13.055397727272727,32.625,34.0,129.375
KA51AL0298,intellicar-KA51AL0298-2026-07-01_2026-08-01 (1).csv,2026-07-23 05:24:44,2026-07-23 08:26:52,3.0355555555555553,93165.1171875,55.0,49.0,6.0,8.6484375,11.098275862068965,38.0,37.0551724137931,144.140625
KA51AL0298,intellicar-KA51AL0298-2026-07-01_2026-08-01 (1).csv,2026-07-28 19:20:31,2026-07-28 19:54:01,0.5583333333333333,93229.7578125,69.0,64.0,5.0,5.34375,14.347602739726028,71.5,39.0,106.87500000000001
KA51AL0298,intellicar-KA51AL0298-2026-07-01_2026-08-01 (1).csv,2026-07-29 00:47:02,2026-07-29 00:53:02,0.1,93269.203125,89.0,84.0,5.0,6.984375,62.2890625,81.5,40.0,139.6875
KA51AL0298,intellicar-KA51AL0298-2026-07-01_2026-08-01 (1).csv,2026-07-29 00:53:02,2026-07-29 01:05:02,0.2,93275.7734375,85.0,79.0,6.0,12.640625,74.12867647058823,88.625,40.0,210.67708333333334
KA51AL0298,intellicar-KA51AL0298-2026-07-01_2026-08-01 (1).csv,2026-07-29 17:03:09,2026-07-29 17:27:11,0.40055555555555555,93395.953125,48.0,42.0,6.0,8.9453125,24.24826388888889,71.875,39.0,149.08854166666669
KA51AL0298,intellicar-KA51AL0298-2026-07-01_2026-08-01.csv,2026-07-06 05:35:01,2026-07-06 09:16:02,3.683611111111111,91882.5703125,84.0,79.0,5.0,5.828125,11.130252100840336,46.25,38.27731092436975,116.56249999999999
KA51AL0298,intellicar-KA51AL0298-2026-07-01_2026-08-01.csv,2026-07-06 12:23:33,2026-07-06 14:36:04,2.2086111111111113,91937.578125,55.0,50.0,5.0,6.4765625,9.215485074626866,49.0,41.1044776119403,129.53125
KA51AL0298,intellicar-KA51AL0298-2026-07-01_2026-08-01.csv,2026-07-06 14:54:04,2026-07-06 15:24:34,0.5083333333333333,91948.3515625,48.0,42.0,6.0,7.7578125,17.806944444444444,52.125,40.37777777777778,129.296875
KA51AL0298,intellicar-KA51AL0298-2026-07-01_2026-08-01.csv,2026-07-06 21:26:06,2026-07-06 21:46:36,0.3416666666666667,91993.140625,90.0,85.0,5.0,8.5,29.69877049180328,54.0,38.0,170.0
KA51AL0298,intellicar-KA51AL0298-2026-07-01_2026-08-01.csv,2026-07-07 14:32:11,2026-07-07 15:33:11,1.0166666666666666,92103.0390625,49.0,43.0,6.0,8.1640625,13.085227272727273,55.875,40.872727272727275,136.06770833333331
KA51AL0298,intellicar-KA51AL0298-2026-07-01_2026-08-01.csv,2026-07-07 19:27:12,2026-07-07 19:43:12,0.26666666666666666,92150.3984375,88.0,83.0,5.0,8.484375,33.74166666666667,65.5,39.0,169.6875
KA51AL0298,intellicar-KA51AL0298-2026-07-01_2026-08-01.csv,2026-07-08 10:01:45,2026-07-08 10:35:45,0.5666666666666667,92221.25,75.0,70.0,5.0,8.0234375,19.459375,74.375,41.0,160.46875
KA51AL0298,intellicar-KA51AL0298-2026-07-01_2026-08-01.csv,2026-07-08 11:11:15,2026-07-08 12:03:16,0.8669444444444444,92235.5390625,68.0,63.0,5.0,8.78125,12.633333333333333,47.0,41.65185185185185,175.625
KA51AL0298,intellicar-KA51AL0298-2026-07-01_2026-08-01.csv,2026-07-08 17:10:17,2026-07-08 20:56:18,3.7669444444444444,92309.5234375,90.0,84.0,6.0,5.1953125,7.816468253968254,49.0,39.44444444444444,86.58854166666666
KA51AL0298,intellicar-KA51AL0298-2026-07-01_2026-08-01.csv,2026-07-10 09:35:57,2026-07-10 10:32:57,0.95,92531.5859375,61.0,55.0,6.0,7.3515625,17.90535714285714,70.125,42.0,122.52604166666667
KA51AL0298,intellicar-KA51AL0298-2026-07-01_2026-08-01.csv,2026-07-11 09:39:03,2026-07-11 10:07:03,0.4666666666666667,92670.5234375,58.0,53.0,5.0,9.2734375,23.98780487804878,63.125,44.0,185.46875
KA51AL0298,intellicar-KA51AL0298-2026-07-01_2026-08-01.csv,2026-07-12 09:16:38,2026-07-12 14:29:40,5.217222222222222,92713.9375,27.0,18.0,9.0,9.0,11.227941176470589,68.75,41.23529411764706,100.0
KA51AL0298,intellicar-KA51AL0298-2026-07-01_2026-08-01.csv,2026-07-13 06:18:14,2026-07-13 10:27:45,4.158611111111111,92759.609375,44.0,38.0,6.0,8.7265625,9.52320359281437,49.875,39.48502994011976,145.44270833333331
KA51AL0298,intellicar-KA51AL0298-2026-07-01_2026-08-01.csv,2026-07-17 09:33:42,2026-07-17 09:59:12,0.425,92805.1796875,95.0,90.0,5.0,8.0859375,21.478571428571428,64.75,42.0,161.71875
KA51AL0298,intellicar-KA51AL0298-2026-07-01_2026-08-01.csv,2026-07-21 09:29:08,2026-07-21 09:49:09,0.33361111111111114,92977.9453125,73.0,68.0,5.0,7.2578125,25.44396551724138,56.625,43.62068965517241,145.15625
KA51AL0298,intellicar-KA51AL0298-2026-07-01_2026-08-01.csv,2026-07-22 08:21:45,2026-07-22 08:35:45,0.23333333333333334,93030.5234375,45.0,40.0,5.0,8.3203125,36.125,64.375,38.0,166.40625
KA51AL0298,intellicar-KA51AL0298-2026-07-01_2026-08-01.csv,2026-07-22 12:25:16,2026-07-22 12:40:46,0.25833333333333336,93091.78125,91.0,86.0,5.0,8.5859375,47.74166666666667,77.875,38.0,171.71875
KA51AL0298,intellicar-KA51AL0298-2026-07-01_2026-08-01.csv,2026-07-22 13:46:47,2026-07-22 14:12:47,0.43333333333333335,93128.328125,76.0,71.0,5.0,9.1796875,21.150974025974026,60.375,39.0,183.59375
KA51AL0298,intellicar-KA51AL0298-2026-07-01_2026-08-01.csv,2026-07-23 01:53:20,2026-07-23 04:39:21,2.7669444444444444,93153.1328125,63.0,58.0,5.0,6.46875,13.055397727272727,32.625,34.0,129.375
KA51AL0298,intellicar-KA51AL0298-2026-07-01_2026-08-01.csv,2026-07-23 05:24:44,2026-07-23 08:26:52,3.0355555555555553,93165.1171875,55.0,49.0,6.0,8.6484375,11.098275862068965,38.0,37.0551724137931,144.140625
KA51AL0298,intellicar-KA51AL0298-2026-07-01_2026-08-01.csv,2026-07-28 19:20:31,2026-07-28 19:54:01,0.5583333333333333,93229.7578125,69.0,64.0,5.0,5.34375,14.347602739726028,71.5,39.0,106.87500000000001
KA51AL0298,intellicar-KA51AL0298-2026-07-01_2026-08-01.csv,2026-07-29 00:47:02,2026-07-29 00:53:02,0.1,93269.203125,89.0,84.0,5.0,6.984375,62.2890625,81.5,40.0,139.6875
KA51AL0298,intellicar-KA51AL0298-2026-07-01_2026-08-01.csv,2026-07-29 00:53:02,2026-07-29 01:05:02,0.2,93275.7734375,85.0,79.0,6.0,12.640625,74.12867647058823,88.625,40.0,210.67708333333334
KA51AL0298,intellicar-KA51AL0298-2026-07-01_2026-08-01.csv,2026-07-29 17:03:09,2026-07-29 17:27:11,0.40055555555555555,93395.953125,48.0,42.0,6.0,8.9453125,24.24826388888889,71.875,39.0,149.08854166666669
KA51AL0299,intellicar-KA51AL0299-2026-04-01_2026-05-01.csv,2026-04-03 08:34:26,2026-04-03 08:46:23,0.19916666666666666,65966.8671875,49.0,39.0,10.0,21.7734375,15.367021276595745,36.25,44.319148936170215,217.734375
KA51AL0299,intellicar-KA51AL0299-2026-04-01_2026-05-01.csv,2026-04-03 11:22:26,2026-04-03 11:52:24,0.49944444444444447,66010.0703125,100.0,94.0,6.0,7.25,14.426966292134832,42.625,45.0,120.83333333333333
KA51AL0299,intellicar-KA51AL0299-2026-04-01_2026-05-01.csv,2026-04-09 10:20:14,2026-04-09 10:28:11,0.1325,66397.0390625,58.0,53.0,5.0,8.84375,67.61280487804878,80.375,43.97560975609756,176.875
KA51AL0299,intellicar-KA51AL0299-2026-04-01_2026-05-01.csv,2026-04-14 07:14:18,2026-04-14 07:22:15,0.1325,66935.8515625,86.0,81.0,5.0,8.859375,69.8780487804878,83.5,45.02439024390244,177.1875
KA51AL0299,intellicar-KA51AL0299-2026-04-01_2026-05-01.csv,2026-04-15 06:20:55,2026-04-15 06:40:51,0.3322222222222222,67091.578125,76.0,71.0,5.0,4.0625,12.572368421052632,55.75,44.99122807017544,81.25
KA51AL0299,intellicar-KA51AL0299-2026-04-01_2026-05-01.csv,2026-04-21 04:22:32,2026-04-21 05:24:30,1.0327777777777778,67910.3515625,90.0,85.0,5.0,7.046875,8.387957317073171,42.125,41.451219512195124,140.9375
KA51AL0299,intellicar-KA51AL0299-2026-04-01_2026-05-01.csv,2026-04-22 06:37:09,2026-04-22 06:53:07,0.26611111111111113,68122.0546875,54.0,47.0,7.0,9.1796875,35.06456043956044,78.875,44.956043956043956,131.13839285714286
KA51AL0299,intellicar-KA51AL0299-2026-04-01_2026-05-01.csv,2026-04-27 13:03:16,2026-04-27 13:27:14,0.39944444444444444,68741.4453125,89.0,84.0,5.0,6.1640625,16.761607142857144,47.75,42.07142857142857,123.28125000000001
KA51AL0299,intellicar-KA51AL0299-2026-04-01_2026-05-01.csv,2026-04-28 14:00:53,2026-04-28 14:40:21,0.6577777777777778,68941.1328125,26.0,21.0,5.0,7.59375,11.91139240506329,52.25,44.18143459915612,151.875
KA51AL0299,intellicar-KA51AL0299-2026-05-01_2026-06-01.csv,2026-05-02 10:38:19,2026-05-02 10:54:17,0.26611111111111113,69394.2421875,27.0,21.0,6.0,8.9296875,35.326388888888886,65.75,43.888888888888886,148.828125
KA51AL0299,intellicar-KA51AL0299-2026-05-01_2026-06-01.csv,2026-05-06 18:34:18,2026-05-06 18:52:18,0.3,69850.1484375,48.0,42.0,6.0,10.4453125,36.486607142857146,63.125,41.0,174.08854166666669
KA51AL0299,intellicar-KA51AL0299-2026-05-01_2026-06-01.csv,2026-05-07 08:32:52,2026-05-07 08:48:52,0.26666666666666666,69956.71875,77.0,72.0,5.0,3.1328125,14.7825,43.5,44.62,62.65625
KA51AL0299,intellicar-KA51AL0299-2026-05-01_2026-06-01.csv,2026-05-07 11:55:23,2026-05-07 12:15:23,0.3333333333333333,70002.84375,29.0,24.0,5.0,3.8984375,12.62061403508772,46.25,44.78947368421053,77.96875
KA51AL0299,intellicar-KA51AL0299-2026-05-01_2026-06-01.csv,2026-05-07 16:31:55,2026-05-07 16:55:55,0.4,70038.0078125,94.0,89.0,5.0,4.7578125,13.358108108108109,62.125,42.0,95.15625
KA51AL0299,intellicar-KA51AL0299-2026-05-01_2026-06-01.csv,2026-05-07 20:26:56,2026-05-07 21:00:56,0.5666666666666667,70126.3046875,49.0,44.0,5.0,9.5546875,26.306338028169016,52.125,41.140845070422536,191.09375
KA51AL0299,intellicar-KA51AL0299-2026-05-01_2026-06-01.csv,2026-05-08 19:52:34,2026-05-08 20:12:34,0.3333333333333333,70386.9375,40.0,34.0,6.0,9.3046875,28.64406779661017,58.25,41.0,155.078125
KA51AL0299,intellicar-KA51AL0299-2026-05-01_2026-06-01.csv,2026-05-09 07:31:08,2026-05-09 07:47:08,0.26666666666666666,70445.515625,94.0,89.0,5.0,6.5078125,23.778645833333332,64.5,41.416666666666664,130.15625
KA51AL0299,intellicar-KA51AL0299-2026-05-01_2026-06-01.csv,2026-05-09 09:25:09,2026-05-09 09:58:09,0.55,70475.34375,67.0,62.0,5.0,3.9140625,16.766304347826086,40.0,45.0,78.28125
KA51AL0299,intellicar-KA51AL0299-2026-05-01_2026-06-01.csv,2026-05-09 18:11:42,2026-05-09 18:45:43,0.5669444444444445,70585.0,75.0,67.0,8.0,14.53125,25.215346534653467,54.125,40.0,181.640625
KA51AL0299,intellicar-KA51AL0299-2026-05-01_2026-06-01.csv,2026-05-09 20:26:13,2026-05-09 20:44:13,0.3,70637.4609375,49.0,44.0,5.0,9.9921875,32.9837962962963,61.75,40.0,199.84375
KA51AL0299,intellicar-KA51AL0299-2026-05-01_2026-06-01.csv,2026-05-10 10:35:17,2026-05-10 10:53:17,0.3,70762.5078125,25.0,20.0,5.0,5.71875,19.30324074074074,59.375,44.74074074074074,114.375
KA51AL0299,intellicar-KA51AL0299-2026-05-01_2026-06-01.csv,2026-05-10 14:09:49,2026-05-10 14:34:19,0.4083333333333333,70787.953125,97.0,92.0,5.0,5.75,13.473333333333333,39.25,43.0,114.99999999999999
KA51AL0299,intellicar-KA51AL0299-2026-05-01_2026-06-01.csv,2026-05-10 15:47:49,2026-05-10 16:05:50,0.30027777777777775,70811.859375,80.0,75.0,5.0,7.5,27.506696428571427,57.25,44.0,150.0
KA51AL0299,intellicar-KA51AL0299-2026-05-01_2026-06-01.csv,2026-05-10 18:50:51,2026-05-10 19:22:21,0.525,70883.6328125,45.0,38.0,7.0,9.78125,24.7171875,63.25,43.0,139.73214285714286
KA51AL0299,intellicar-KA51AL0299-2026-05-01_2026-06-01.csv,2026-05-11 13:53:57,2026-05-11 14:23:27,0.49166666666666664,71023.8671875,31.0,26.0,5.0,3.3203125,11.174568965517242,47.375,44.327586206896555,66.40625
KA51AL0299,intellicar-KA51AL0299-2026-05-01_2026-06-01.csv,2026-05-11 18:49:58,2026-05-11 19:09:58,0.3333333333333333,71099.0,60.0,55.0,5.0,6.3984375,19.478813559322035,44.625,44.0,127.96875000000001
KA51AL0299,intellicar-KA51AL0299-2026-05-01_2026-06-01.csv,2026-05-12 07:45:32,2026-05-12 08:09:32,0.4,71168.1953125,85.0,80.0,5.0,5.34375,15.44894366197183,61.875,45.11267605633803,106.87500000000001
KA51AL0299,intellicar-KA51AL0299-2026-05-01_2026-06-01.csv,2026-05-12 18:06:06,2026-05-12 18:26:06,0.3333333333333333,71290.640625,65.0,60.0,5.0,5.84375,19.21875,49.625,43.15,116.875
KA51AL0299,intellicar-KA51AL0299-2026-05-01_2026-06-01.csv,2026-05-15 04:53:26,2026-05-15 05:08:26,0.25,71557.8203125,75.0,69.0,6.0,9.5859375,62.91826923076923,86.875,43.0,159.765625
KA51AL0299,intellicar-KA51AL0299-2026-05-01_2026-06-01.csv,2026-05-16 13:45:37,2026-05-16 14:13:37,0.4666666666666667,71957.109375,84.0,78.0,6.0,5.6484375,14.22844827586207,49.875,44.18390804597701,94.140625
KA51AL0299,intellicar-KA51AL0299-2026-05-01_2026-06-01.csv,2026-05-16 19:10:09,2026-05-16 19:36:09,0.43333333333333335,72025.6015625,44.0,39.0,5.0,6.1328125,19.40948275862069,58.375,43.0,122.65625
KA51AL0299,intellicar-KA51AL0299-2026-05-01_2026-06-01.csv,2026-05-16 19:46:09,2026-05-16 20:02:09,0.26666666666666666,72034.828125,38.0,32.0,6.0,10.0703125,37.208333333333336,74.75,42.666666666666664,167.83854166666669
KA51AL0299,intellicar-KA51AL0299-2026-05-01_2026-06-01.csv,2026-05-16 20:36:39,2026-05-16 20:52:39,0.26666666666666666,72061.3984375,25.0,20.0,5.0,9.1484375,38.049418604651166,68.0,42.0,182.96875
KA51AL0299,intellicar-KA51AL0299-2026-05-01_2026-06-01.csv,2026-05-17 19:27:17,2026-05-17 19:49:17,0.36666666666666664,72277.8515625,45.0,40.0,5.0,6.84375,20.161231884057973,62.25,41.2463768115942,136.875
KA51AL0299,intellicar-KA51AL0299-2026-05-01_2026-06-01.csv,2026-05-21 07:34:42,2026-05-21 07:46:42,0.2,72430.5234375,59.0,54.0,5.0,9.96875,54.70357142857143,86.25,45.0,199.375
KA51AL0300,intellicar-KA51AL0300-2026-04-01_2026-05-01.csv,2026-04-04 21:47:37,2026-04-04 21:55:35,0.13277777777777777,75673.796875,35.0,30.0,5.0,7.0234375,45.38719512195122,66.5,41.0,140.46875
KA51AL0300,intellicar-KA51AL0300-2026-04-01_2026-05-01.csv,2026-04-20 11:26:57,2026-04-20 11:58:55,0.5327777777777778,76348.546875,76.0,71.0,5.0,8.4609375,15.935828877005347,50.0,44.18181818181818,169.21875
KA51AL0300,intellicar-KA51AL0300-2026-04-01_2026-05-01.csv,2026-04-21 16:58:06,2026-04-21 17:18:04,0.3327777777777778,76568.296875,62.0,57.0,5.0,8.8984375,25.883474576271187,60.625,43.0,177.96875
KA51AL0300,intellicar-KA51AL0300-2026-04-01_2026-05-01.csv,2026-04-23 14:30:19,2026-04-23 15:14:17,0.7327777777777778,76890.6484375,76.0,71.0,5.0,5.28125,7.3948237885462555,37.75,44.0,105.62499999999999
KA51AL0300,intellicar-KA51AL0300-2026-04-01_2026-05-01.csv,2026-04-25 03:17:30,2026-04-25 03:35:28,0.29944444444444446,77149.7890625,57.0,51.0,6.0,12.9765625,42.83774038461539,78.75,40.0,216.27604166666666
KA51AL0300,intellicar-KA51AL0300-2026-04-01_2026-05-01.csv,2026-04-27 11:57:15,2026-04-27 12:23:18,0.43416666666666665,77616.34375,62.0,57.0,5.0,6.3984375,14.262417218543046,43.25,43.675496688741724,127.96875000000001
KA51AL0300,intellicar-KA51AL0300-2026-05-01_2026-06-01.csv,2026-05-01 13:06:13,2026-05-01 13:40:11,0.5661111111111111,78545.3671875,79.0,74.0,5.0,6.4375,11.341796875,38.875,43.380208333333336,128.75
KA51AL0300,intellicar-KA51AL0300-2026-05-01_2026-06-01.csv,2026-05-06 14:19:46,2026-05-06 14:41:46,0.36666666666666664,79346.6328125,93.0,88.0,5.0,11.40625,34.182377049180324,61.625,41.0,228.125
KA51AL0300,intellicar-KA51AL0300-2026-05-01_2026-06-01.csv,2026-05-11 15:40:57,2026-05-11 16:00:57,0.3333333333333333,80108.96875,62.0,57.0,5.0,6.3359375,19.463983050847457,50.25,45.0,126.71874999999999
KA51AL0300,intellicar-KA51AL0300-2026-05-01_2026-06-01.csv,2026-05-12 14:06:34,2026-05-12 14:16:34,0.16666666666666666,80358.0078125,75.0,69.0,6.0,10.984375,62.4264705882353,91.375,45.0,183.07291666666669
KA51AL0300,intellicar-KA51AL0300-2026-05-01_2026-06-01.csv,2026-05-13 01:45:07,2026-05-13 01:57:07,0.2,80442.828125,35.0,30.0,5.0,9.6171875,46.152027027027025,76.625,39.0,192.34375
KA51AL0300,intellicar-KA51AL0300-2026-05-01_2026-06-01.csv,2026-05-14 17:11:23,2026-05-14 17:33:23,0.36666666666666664,80867.7890625,37.0,32.0,5.0,9.0859375,25.059701492537314,48.125,43.0,181.71875
KA51AL0300,intellicar-KA51AL0300-2026-05-01_2026-06-01.csv,2026-05-20 04:47:34,2026-05-20 04:53:34,0.1,81811.9140625,70.0,65.0,5.0,8.8671875,71.5625,82.0,39.07142857142857,177.34375
KA51AL0300,intellicar-KA51AL0300-2026-05-01_2026-06-01.csv,2026-05-22 11:25:21,2026-05-22 11:47:21,0.36666666666666664,82214.46875,52.0,47.0,5.0,11.0,30.37109375,73.0,45.0,220.00000000000003
KA51AL0300,intellicar-KA51AL0300-2026-05-01_2026-06-01.csv,2026-05-23 10:16:28,2026-05-23 10:50:28,0.5666666666666667,82313.7109375,73.0,68.0,5.0,6.90625,12.85906862745098,53.875,39.64705882352941,138.125
KA51AL0300,intellicar-KA51AL0300-2026-05-01_2026-06-01.csv,2026-05-24 10:32:05,2026-05-24 13:10:36,2.6419444444444444,82452.7421875,68.0,61.0,7.0,9.1328125,7.723657024793388,45.875,42.99173553719008,130.46875
KA51AL0300,intellicar-KA51AL0300-2026-05-01_2026-06-01.csv,2026-05-26 05:53:47,2026-05-26 06:03:47,0.16666666666666666,82710.4453125,90.0,84.0,6.0,11.015625,69.06896551724138,84.375,42.0,183.59375
KA51AL0300,intellicar-KA51AL0300-2026-05-01_2026-06-01.csv,2026-05-27 06:13:25,2026-05-27 06:51:25,0.6333333333333333,82820.3203125,64.0,57.0,7.0,9.28125,15.655434782608696,62.625,36.76521739130435,132.58928571428572
KA51AL0300,intellicar-KA51AL0300-2026-05-01_2026-06-01.csv,2026-05-27 17:34:00,2026-05-27 17:46:00,0.2,82973.171875,93.0,88.0,5.0,9.203125,56.178125,73.625,40.0,184.0625
KA51AL0300,intellicar-KA51AL0300-2026-05-01_2026-06-01.csv,2026-05-28 12:22:35,2026-05-28 12:42:35,0.3333333333333333,83144.9140625,79.0,74.0,5.0,8.59375,28.72669491525424,63.375,45.0,171.875
KA51AL0300,intellicar-KA51AL0300-2026-05-01_2026-06-01.csv,2026-05-28 15:08:36,2026-05-28 15:44:36,0.6,83196.125,51.0,46.0,5.0,5.984375,10.979357798165138,42.375,39.522935779816514,119.68749999999999
KA51AL0300,intellicar-KA51AL0300-2026-05-01_2026-06-01.csv,2026-05-28 16:00:36,2026-05-28 16:32:36,0.5333333333333333,83204.6953125,45.0,39.0,6.0,7.7890625,15.360969387755102,47.875,38.0,129.81770833333331
KA51AL0300,intellicar-KA51AL0300-2026-05-01_2026-06-01.csv,2026-05-29 07:42:09,2026-05-29 08:14:10,0.5336111111111111,83238.578125,90.0,85.0,5.0,7.1484375,15.660526315789474,53.875,39.94736842105263,142.96875
KA51AL0300,intellicar-KA51AL0300-2026-05-01_2026-06-01.csv,2026-05-29 15:27:43,2026-05-29 15:49:43,0.36666666666666664,83363.6640625,86.0,81.0,5.0,8.578125,24.496323529411764,78.875,39.0,171.5625
KA51AL0300,intellicar-KA51AL0300-2026-05-01_2026-06-01.csv,2026-05-29 16:11:43,2026-05-29 16:23:43,0.2,83376.8203125,79.0,74.0,5.0,10.6484375,50.46969696969697,84.625,38.0,212.96875000000003
KA51AL0300,intellicar-KA51AL0300-2026-05-01_2026-06-01.csv,2026-05-29 17:13:43,2026-05-29 17:39:43,0.43333333333333335,83400.3828125,68.0,63.0,5.0,5.8515625,15.743333333333334,58.625,38.0,117.03125000000001
KA51AL0300,intellicar-KA51AL0300-2026-05-01_2026-06-01.csv,2026-05-30 04:39:46,2026-05-30 04:51:46,0.2,83481.40625,96.0,91.0,5.0,8.390625,41.76923076923077,74.0,41.794871794871796,167.8125
KA51AL0300,intellicar-KA51AL0300-2026-05-01_2026-06-01.csv,2026-05-30 04:55:46,2026-05-30 05:11:46,0.26666666666666666,83493.1953125,90.0,84.0,6.0,11.0,45.766666666666666,72.25,42.733333333333334,183.33333333333331
KA51AL0300,intellicar-KA51AL0300-2026-05-01_2026-06-01.csv,2026-05-30 05:17:46,2026-05-30 05:35:46,0.3,83508.125,83.0,78.0,5.0,7.6015625,26.171296296296298,68.75,43.925925925925924,152.03125
KA51AL2058,intellicar-KA51AL2058-2026-04-01_2026-05-01.csv,2026-04-01 01:13:05,2026-04-01 01:53:37,0.6755555555555556,57461.796875,76.0,0.0,76.0,14.76171875,22.411585365853657,66.625,38.51219512195122,19.423314144736842
KA51AL2058,intellicar-KA51AL2058-2026-04-01_2026-05-01.csv,2026-04-03 08:18:25,2026-04-03 08:18:27,0.0005555555555555556,57563.67578125,49.0,44.0,5.0,8.15625,34.517857142857146,70.125,41.57142857142857,163.125
KA51AL2058,intellicar-KA51AL2058-2026-04-01_2026-05-01.csv,2026-04-03 08:18:28,2026-04-03 11:36:26,3.2994444444444446,57571.3671875,45.0,31.0,14.0,23.3046875,40.52465986394558,82.25,43.7687074829932,166.46205357142858
KA51AL2058,intellicar-KA51AL2058-2026-04-01_2026-05-01.csv,2026-04-03 11:45:24,2026-04-03 14:04:27,2.3175,57600.3046875,30.0,17.0,13.0,17.09375,14.954268292682928,70.625,42.96951219512195,131.4903846153846
KA51AL2058,intellicar-KA51AL2058-2026-04-01_2026-05-01.csv,2026-04-04 07:26:30,2026-04-04 08:20:32,0.9005555555555556,57669.0625,64.0,55.0,9.0,19.98828125,34.6266447368421,88.75,43.64473684210526,222.09201388888889
KA51AL2058,intellicar-KA51AL2058-2026-04-01_2026-05-01.csv,2026-04-04 08:57:31,2026-04-04 10:56:39,1.9855555555555555,57689.51953125,97.0,82.0,15.0,23.328125,26.79954954954955,83.375,41.927927927927925,155.52083333333334
KA51AL2058,intellicar-KA51AL2058-2026-04-01_2026-05-01.csv,2026-04-05 03:37:06,2026-04-05 04:16:39,0.6591666666666667,57754.27734375,64.0,59.0,5.0,6.5625,12.215073529411764,70.875,39.0,131.25
KA51AL2058,intellicar-KA51AL2058-2026-04-01_2026-05-01.csv,2026-04-05 06:15:10,2026-04-05 07:19:40,1.075,57762.3203125,99.0,88.0,11.0,14.92578125,16.66338174273859,67.25,41.655601659751035,135.68892045454547
KA51AL2058,intellicar-KA51AL2058-2026-04-01_2026-05-01.csv,2026-04-05 07:19:40,2026-04-05 08:14:11,0.9086111111111111,57777.16796875,89.0,79.0,10.0,11.83203125,21.50611888111888,72.25,44.2027972027972,118.32031249999999
KA51AL2058,intellicar-KA51AL2058-2026-04-01_2026-05-01.csv,2026-04-05 08:14:39,2026-04-05 13:22:13,5.126111111111111,57789.26953125,80.0,57.0,23.0,26.77734375,16.715686274509803,56.875,44.088235294117645,116.42323369565217
KA51AL2058,intellicar-KA51AL2058-2026-04-01_2026-05-01.csv,2026-04-09 02:23:09,2026-04-09 02:48:40,0.42527777777777775,57925.3828125,98.0,91.0,7.0,10.484375,26.968446601941746,70.75,40.0,149.77678571428572
KA51AL2058,intellicar-KA51AL2058-2026-04-01_2026-05-01.csv,2026-04-10 02:02:45,2026-04-10 02:29:46,0.4502777777777778,57973.953125,66.0,58.0,8.0,11.98828125,28.075,61.0,40.0,149.853515625
KA51AL2058,intellicar-KA51AL2058-2026-04-01_2026-05-01.csv,2026-04-10 12:57:51,2026-04-10 14:42:23,1.7422222222222221,57987.265625,91.0,75.0,16.0,14.16015625,9.666233766233766,51.0,41.97142857142857,88.5009765625
KA51AL2058,intellicar-KA51AL2058-2026-04-01_2026-05-01.csv,2026-04-11 14:07:28,2026-04-11 16:49:02,2.6927777777777777,58038.0390625,47.0,30.0,17.0,12.734375,11.131578947368421,53.75,44.223684210526315,74.90808823529412
KA51AL2058,intellicar-KA51AL2058-2026-04-01_2026-05-01.csv,2026-04-13 04:34:08,2026-04-13 06:32:08,1.9666666666666666,58109.75390625,97.0,78.0,19.0,20.87890625,16.570046439628484,58.625,42.1764705882353,109.8889802631579
KA51AL2058,intellicar-KA51AL2058-2026-04-01_2026-05-01.csv,2026-04-13 06:40:39,2026-04-13 09:10:41,2.5005555555555556,58137.25390625,77.0,54.0,23.0,18.8359375,11.866626794258373,66.75,44.04306220095694,81.89538043478261
KA51AL2058,intellicar-KA51AL2058-2026-04-01_2026-05-01.csv,2026-04-13 09:11:09,2026-04-13 10:50:40,1.658611111111111,58156.2890625,55.0,41.0,14.0,15.984375,15.960205992509364,55.75,43.89138576779026,114.17410714285714
KA51AL2058,intellicar-KA51AL2058-2026-04-01_2026-05-01.csv,2026-04-14 04:50:14,2026-04-14 06:32:46,1.708888888888889,58201.3203125,100.0,94.0,6.0,5.2578125,18.34259259259259,58.375,40.19753086419753,87.63020833333334
KA51AL2058,intellicar-KA51AL2058-2026-04-01_2026-05-01.csv,2026-04-16 02:02:25,2026-04-16 06:34:59,4.542777777777777,58268.609375,48.0,12.0,36.0,65.1953125,33.42911877394636,81.375,41.195402298850574,181.09809027777777
KA51AL2058,intellicar-KA51AL2058-2026-04-01_2026-05-01.csv,2026-04-16 07:14:27,2026-04-16 08:55:57,1.6916666666666667,58337.046875,35.0,15.0,20.0,29.03125,20.362466124661246,76.0,43.72086720867209,145.15625
KA51AL2058,intellicar-KA51AL2058-2026-04-01_2026-05-01.csv,2026-04-16 12:47:29,2026-04-16 14:35:01,1.7922222222222222,58366.796875,22.0,12.0,10.0,15.83984375,11.84375,49.125,42.15555555555556,158.3984375
KA51AL2058,intellicar-KA51AL2058-2026-04-01_2026-05-01.csv,2026-04-17 03:47:02,2026-04-17 06:52:36,3.0927777777777776,58498.88671875,91.0,81.0,10.0,26.10546875,25.659172661870503,70.625,42.73381294964029,261.0546875
KA51AL2058,intellicar-KA51AL2058-2026-04-01_2026-05-01.csv,2026-04-17 07:03:06,2026-04-17 08:12:36,1.1583333333333334,58527.05078125,81.0,66.0,15.0,32.5625,37.65255102040816,79.625,44.926530612244896,217.08333333333334
KA51AL2058,intellicar-KA51AL2058-2026-04-01_2026-05-01.csv,2026-04-17 09:28:34,2026-04-17 12:31:37,3.0508333333333333,58565.80859375,100.0,64.0,36.0,77.296875,28.398480662983424,81.0,43.151933701657455,214.71354166666666
KA51AL2058,intellicar-KA51AL2058-2026-04-01_2026-05-01.csv,2026-04-17 12:32:05,2026-04-17 13:29:38,0.9591666666666666,58643.5859375,65.0,47.0,18.0,28.32421875,33.446739130434786,82.875,43.19130434782609,157.35677083333331
KA51AL2058,intellicar-KA51AL2058-2026-04-01_2026-05-01.csv,2026-04-17 14:57:36,2026-04-17 15:55:39,0.9675,58672.04296875,99.0,89.0,10.0,23.76953125,29.57060185185185,84.625,41.175925925925924,237.6953125
KA51AL2058,intellicar-KA51AL2058-2026-04-01_2026-05-01.csv,2026-04-17 15:56:06,2026-04-17 16:25:40,0.49277777777777776,58696.21484375,90.0,83.0,7.0,13.09375,30.254166666666666,83.125,42.25,187.05357142857142
KA51AL2058,intellicar-KA51AL2058-2026-04-01_2026-05-01.csv,2026-04-17 17:40:39,2026-04-17 18:58:41,1.3005555555555555,58723.43359375,78.0,59.0,19.0,30.16796875,25.495283018867923,83.125,43.75471698113208,158.77878289473685
KA51AL2058,intellicar-KA51AL2058-2026-04-01_2026-05-01.csv,2026-04-17 18:59:07,2026-04-17 20:55:08,1.9336111111111112,58753.921875,60.0,46.0,14.0,22.7109375,16.759698275862068,73.75,42.0,162.22098214285714
KA51AL2058,intellicar-KA51AL2058-2026-04-01_2026-05-01.csv,2026-04-17 20:55:09,2026-04-17 22:54:10,1.9836111111111112,58776.48828125,47.0,36.0,11.0,23.8125,19.538060897435898,62.0,41.07051282051282,216.47727272727272
KA51AL2058,intellicar-KA51AL2058-2026-04-01_2026-05-01.csv,2026-04-18 04:34:39,2026-04-18 05:11:41,0.6172222222222222,58802.359375,98.0,92.0,6.0,14.74609375,26.72861842105263,61.625,39.60526315789474,245.76822916666666
KA51AL2058,intellicar-KA51AL2058-2026-04-01_2026-05-01.csv,2026-04-18 05:12:39,2026-04-18 06:39:12,1.4425,58817.46484375,93.0,76.0,17.0,38.08203125,31.11413043478261,69.0,42.63975155279503,224.01194852941177
KA51AL2058,intellicar-KA51AL2058-2026-04-01_2026-05-01.csv,2026-04-18 06:39:40,2026-04-18 07:10:12,0.5088888888888888,58855.71484375,77.0,69.0,8.0,9.8125,21.89300847457627,59.875,44.67796610169491,122.65625
KA51AL2058,intellicar-KA51AL2058-2026-04-01_2026-05-01.csv,2026-04-18 07:10:42,2026-04-18 07:31:13,0.34194444444444444,58865.390625,70.0,60.0,10.0,14.89453125,46.97238372093023,87.875,44.906976744186046,148.9453125
KA51AL2058,intellicar-KA51AL2058-2026-04-01_2026-05-01.csv,2026-04-18 07:47:40,2026-04-18 09:49:42,2.033888888888889,58892.953125,55.0,45.0,10.0,19.140625,21.83515283842795,76.75,43.63755458515284,191.40625
KA51AL2058,intellicar-KA51AL2058-2026-04-01_2026-05-01.csv,2026-04-18 10:36:41,2026-04-18 11:41:14,1.0758333333333334,58912.09375,99.0,91.0,8.0,18.3671875,23.029545454545456,69.5,42.18181818181818,229.58984375
KA51AL2058,intellicar-KA51AL2058-2026-04-01_2026-05-01.csv,2026-04-18 12:07:12,2026-04-18 12:30:13,0.3836111111111111,58934.83984375,90.0,83.0,7.0,14.87890625,43.93882978723404,84.125,44.234042553191486,212.55580357142856
KA51AL2058,intellicar-KA51AL2058-2026-04-01_2026-05-01.csv,2026-04-18 12:30:42,2026-04-18 14:02:14,1.5255555555555556,58949.9765625,84.0,70.0,14.0,29.25390625,21.697222222222223,75.375,42.916666666666664,208.95647321428572
KA51AL2058,intellicar-KA51AL2058-2026-04-01_2026-05-01.csv,2026-04-18 14:28:43,2026-04-18 15:39:45,1.183888888888889,58986.49609375,68.0,59.0,9.0,16.89453125,15.796328671328672,55.0,43.92307692307692,187.71701388888889
KA51AL2058,intellicar-KA51AL2058-2026-04-01_2026-05-01.csv,2026-04-18 15:41:13,2026-04-18 17:00:46,1.3258333333333334,59003.96484375,60.0,49.0,11.0,21.4609375,26.07300884955752,56.375,44.9646017699115,195.0994318181818
KA51AL2058,intellicar-KA51AL2058-2026-04-01_2026-05-01.csv,2026-04-18 17:01:14,2026-04-18 18:16:17,1.2508333333333332,59025.734375,50.0,37.0,13.0,29.5390625,27.072278911564627,55.5,44.0,227.2235576923077
KA51AL2058,intellicar-KA51AL2058-2026-04-01_2026-05-01.csv,2026-04-18 18:17:44,2026-04-18 21:36:46,3.317222222222222,59056.14453125,38.0,15.0,23.0,39.2421875,25.9375,73.5,43.820388349514566,170.61820652173913
KA51AL2058,intellicar-KA51AL2058-2026-04-01_2026-05-01.csv,2026-04-19 02:15:16,2026-04-19 05:14:49,2.9925,59095.421875,100.0,76.0,24.0,56.60546875,23.67548076923077,69.125,39.833333333333336,235.85611979166666
KA51AL2058,intellicar-KA51AL2058-2026-04-01_2026-05-01.csv,2026-04-19 05:15:16,2026-04-19 05:49:19,0.5675,59152.14453125,77.0,72.0,5.0,10.86328125,21.543478260869566,69.0,42.91304347826087,217.26562500000003
KA51AL2058,intellicar-KA51AL2058-2026-04-01_2026-05-01.csv,2026-04-19 05:49:47,2026-04-19 09:02:18,3.2086111111111113,59163.23046875,73.0,44.0,29.0,45.02734375,17.027349228611502,88.0,44.354838709677416,155.2667025862069
KA51AL2058,intellicar-KA51AL2058-2026-04-01_2026-05-01.csv,2026-04-19 09:02:20,2026-04-19 09:50:20,0.8,59208.109375,45.0,35.0,10.0,14.12109375,19.901988636363637,75.375,44.76136363636363,141.2109375
KA51AL2058,intellicar-KA51AL2058-2026-04-01_2026-05-01.csv,2026-04-19 12:50:19,2026-04-19 15:13:19,2.3833333333333333,59230.80078125,97.0,75.0,22.0,42.0546875,19.729681978798588,72.375,42.938162544169614,191.15767045454547
KA51AL2058,intellicar-KA51AL2058-2026-04-01_2026-05-01.csv,2026-04-19 15:13:19,2026-04-19 16:26:50,1.2252777777777777,59272.82421875,76.0,64.0,12.0,19.484375,17.820478723404257,49.375,44.99290780141844,162.36979166666669
KA51AL2058,intellicar-KA51AL2058-2026-04-01_2026-05-01.csv,2026-04-19 16:27:20,2026-04-19 17:02:54,0.5927777777777777,59292.5625,65.0,58.0,7.0,11.8359375,22.04340277777778,80.5,45.0,169.08482142857142
KA51AL2058,intellicar-KA51AL2058-2026-04-01_2026-05-01.csv,2026-04-19 17:03:20,2026-04-19 17:43:22,0.6672222222222223,59304.50390625,59.0,54.0,5.0,7.67578125,13.144480519480519,58.625,45.0,153.515625
KA51AL2058,intellicar-KA51AL2058-2026-04-01_2026-05-01.csv,2026-04-19 17:43:50,2026-04-19 18:10:50,0.45,59312.3671875,55.0,47.0,8.0,17.6953125,45.91588785046729,69.5,45.0,221.19140625
KA51AL2058,intellicar-KA51AL2058-2026-04-01_2026-05-01.csv,2026-04-19 18:10:53,2026-04-19 21:46:23,3.591666666666667,59329.5703125,48.0,22.0,26.0,47.58203125,23.601401869158877,79.125,44.48411214953271,183.0078125
KA51AL2058,intellicar-KA51AL2058-2026-04-01_2026-05-01.csv,2026-04-19 22:15:21,2026-04-20 00:19:23,2.067222222222222,59377.15234375,55.0,37.0,18.0,32.24609375,25.360863095238095,84.0,40.26190476190476,179.14496527777777
KA51AL2058,intellicar-KA51AL2058-2026-04-01_2026-05-01.csv,2026-04-20 00:19:51,2026-04-20 00:42:23,0.37555555555555553,59409.81640625,38.0,26.0,12.0,24.859375,72.21467391304348,91.625,40.0,207.16145833333334
KA51AL2058,intellicar-KA51AL2058-2026-04-01_2026-05-01.csv,2026-04-20 03:48:22,2026-04-20 05:21:55,1.5591666666666666,59442.8046875,96.0,79.0,17.0,40.421875,28.338709677419356,86.0,41.23118279569893,237.77573529411765
KA51AL2058,intellicar-KA51AL2058-2026-04-01_2026-05-01.csv,2026-04-20 05:45:53,2026-04-20 06:22:25,0.6088888888888889,59483.2265625,99.0,94.0,5.0,10.6953125,23.407258064516128,54.25,40.62903225806452,213.90625
KA51AL2058,intellicar-KA51AL2058-2026-04-01_2026-05-01.csv,2026-04-20 06:22:53,2026-04-20 10:55:57,4.551111111111111,59494.0859375,95.0,74.0,21.0,24.51953125,10.514563106796116,57.75,43.983818770226534,116.75967261904762
KA51AL2058,intellicar-KA51AL2058-2026-04-01_2026-05-01.csv,2026-04-20 10:56:25,2026-04-20 14:04:00,3.126388888888889,59518.9921875,75.0,53.0,22.0,39.1875,13.91260162601626,50.625,43.9349593495935,178.125
KA51AL2058,intellicar-KA51AL2058-2026-04-01_2026-05-01.csv,2026-04-21 00:01:29,2026-04-21 03:35:31,3.567222222222222,59611.71484375,100.0,81.0,19.0,41.69921875,21.227799227799228,88.125,39.64478764478765,219.46957236842107
KA51AL2058,intellicar-KA51AL2058-2026-04-01_2026-05-01.csv,2026-04-21 03:36:00,2026-04-21 03:56:02,0.3338888888888889,59654.01953125,82.0,73.0,9.0,17.46875,57.78048780487805,89.625,42.170731707317074,194.09722222222223
KA51AL2058,intellicar-KA51AL2058-2026-04-01_2026-05-01.csv,2026-04-21 04:01:00,2026-04-21 05:44:05,1.7180555555555554,59673.76953125,73.0,54.0,19.0,34.2109375,26.64809384164223,87.0,43.961876832844574,180.0575657894737
KA51AL2058,intellicar-KA51AL2058-2026-04-01_2026-05-01.csv,2026-04-21 05:44:07,2026-04-21 11:17:03,5.5488888888888885,59707.98046875,55.0,45.0,10.0,11.44921875,12.33860759493671,76.25,44.18987341772152,114.49218750000001
KA51AL2058,intellicar-KA51AL2058-2026-04-01_2026-05-01.csv,2026-04-21 11:54:02,2026-04-21 16:22:04,4.467222222222222,59719.4296875,86.0,53.0,33.0,64.69921875,16.113754734848484,59.125,43.128787878787875,196.05823863636365
KA51AL2058,intellicar-KA51AL2058-2026-04-01_2026-05-01.csv,2026-04-21 16:22:07,2026-04-21 16:58:04,0.5991666666666666,59784.02734375,54.0,47.0,7.0,13.40625,22.965034965034967,77.5,43.11888111888112,191.51785714285714
KA51AL2058,intellicar-KA51AL2058-2026-04-01_2026-05-01.csv,2026-04-21 16:58:07,2026-04-21 17:24:36,0.4413888888888889,59797.17578125,48.0,41.0,7.0,12.48046875,31.19158878504673,76.5,44.0,178.29241071428572
KA51AL2058,intellicar-KA51AL2058-2026-04-01_2026-05-01.csv,2026-04-21 17:25:04,2026-04-21 19:12:08,1.7844444444444445,59809.77734375,42.0,29.0,13.0,28.65625,28.450187969924812,69.875,43.56390977443609,220.4326923076923
KA51AL2058,intellicar-KA51AL2058-2026-04-01_2026-05-01.csv,2026-04-21 19:23:34,2026-04-21 20:25:36,1.0338888888888889,59847.0390625,26.0,16.0,10.0,18.44140625,30.2605421686747,79.375,43.57831325301205,184.4140625
KA51AL2058,intellicar-KA51AL2058-2026-04-01_2026-05-01.csv,2026-04-22 00:32:05,2026-04-22 02:41:08,2.1508333333333334,59865.49609375,100.0,82.0,18.0,44.8203125,32.39207650273224,79.625,39.0,249.00173611111111
KA51AL2058,intellicar-KA51AL2058-2026-04-01_2026-05-01.csv,2026-04-22 02:41:36,2026-04-22 04:51:13,2.160277777777778,59910.6328125,83.0,65.0,18.0,46.14453125,27.322706935123044,85.375,40.635346756152124,256.35850694444446
KA51AL2058,intellicar-KA51AL2058-2026-04-01_2026-05-01.csv,2026-04-22 05:24:07,2026-04-22 06:05:39,0.6922222222222222,59963.51171875,63.0,57.0,6.0,8.97265625,13.724852071005918,54.625,44.739644970414204,149.54427083333331
KA51AL2058,intellicar-KA51AL2058-2026-04-01_2026-05-01.csv,2026-04-22 06:05:40,2026-04-22 07:22:09,1.2747222222222223,59972.3984375,58.0,49.0,9.0,11.53515625,17.444444444444443,55.25,44.64912280701754,128.16840277777777
KA51AL2058,intellicar-KA51AL2058-2026-04-01_2026-05-01.csv,2026-04-22 09:33:40,2026-04-22 15:29:13,5.925833333333333,59987.16015625,98.0,73.0,25.0,37.390625,12.414961636828645,56.875,44.31969309462916,149.5625
KA51AL2058,intellicar-KA51AL2058-2026-04-01_2026-05-01.csv,2026-04-22 15:29:40,2026-04-22 16:08:42,0.6505555555555556,60024.82421875,74.0,68.0,6.0,12.296875,21.458333333333332,54.125,42.0,204.94791666666666
KA51AL2058,intellicar-KA51AL2058-2026-04-01_2026-05-01.csv,2026-04-22 16:09:11,2026-04-22 17:03:42,0.9086111111111111,60037.375,69.0,60.0,9.0,15.94140625,18.941742081447963,56.75,42.86425339366516,177.12673611111111
KA51AL2058,intellicar-KA51AL2058-2026-04-01_2026-05-01.csv,2026-04-22 17:03:43,2026-04-22 22:35:13,5.525,60053.03125,61.0,35.0,26.0,51.6875,19.583272859216255,88.625,42.77068214804064,198.7980769230769
KA51AL2058,intellicar-KA51AL2058-2026-04-01_2026-05-01.csv,2026-04-23 07:45:47,2026-04-23 09:11:47,1.4333333333333333,60141.0390625,72.0,55.0,17.0,22.03125,17.049198250728864,59.875,44.5801749271137,129.59558823529412
KA51AL2058,intellicar-KA51AL2058-2026-04-01_2026-05-01.csv,2026-04-23 09:25:15,2026-04-23 09:48:48,0.3925,60170.59375,53.0,46.0,7.0,10.484375,30.177083333333332,67.875,44.6875,149.77678571428572
KA51AL2058,intellicar-KA51AL2058-2026-04-01_2026-05-01.csv,2026-04-23 09:49:15,2026-04-23 10:41:49,0.8761111111111111,60181.35546875,47.0,32.0,15.0,22.67578125,28.86611374407583,77.125,44.66824644549763,151.171875
KA51AL2058,intellicar-KA51AL2058-2026-04-01_2026-05-01.csv,2026-04-23 10:42:16,2026-04-23 11:09:47,0.45861111111111114,60204.19921875,33.0,26.0,7.0,12.16015625,28.627232142857142,87.625,43.44642857142857,173.71651785714286
KA51AL2058,intellicar-KA51AL2058-2026-04-01_2026-05-01.csv,2026-04-23 13:14:46,2026-04-23 16:01:50,2.7844444444444445,60216.359375,100.0,82.0,18.0,36.375,14.22154779969651,50.375,42.06525037936267,202.08333333333334
KA51AL2058,intellicar-KA51AL2058-2026-04-01_2026-05-01.csv,2026-04-23 16:02:17,2026-04-23 17:08:50,1.1091666666666666,60252.98828125,83.0,75.0,8.0,15.3046875,15.725,49.375,43.95384615384615,191.30859375
KA51AL2058,intellicar-KA51AL2058-2026-04-01_2026-05-01.csv,2026-04-23 17:09:18,2026-04-23 17:33:19,0.4002777777777778,60268.46484375,76.0,70.0,6.0,11.52734375,31.98469387755102,61.375,44.0,192.12239583333331
KA51AL2058,intellicar-KA51AL2058-2026-04-01_2026-05-01.csv,2026-04-23 17:33:48,2026-04-23 20:03:20,2.4922222222222223,60280.23046875,71.0,60.0,11.0,22.68359375,18.59315286624204,72.25,43.7515923566879,206.21448863636363
KA51AL2058,intellicar-KA51AL2058-2026-04-01_2026-05-01.csv,2026-04-24 03:03:19,2026-04-24 04:38:52,1.5925,60302.9140625,98.0,85.0,13.0,22.0859375,14.992875647668393,55.75,40.4300518134715,169.8918269230769
KA51AL2058,intellicar-KA51AL2058-2026-04-01_2026-05-01.csv,2026-04-24 04:39:20,2026-04-24 06:33:22,1.9005555555555556,60325.2421875,86.0,63.0,23.0,49.9765625,28.743478260869566,71.375,43.821739130434786,217.28940217391303
KA51AL2058,intellicar-KA51AL2058-2026-04-01_2026-05-01.csv,2026-04-24 07:06:21,2026-04-24 08:08:24,1.0341666666666667,60375.2421875,99.0,90.0,9.0,23.66015625,25.426652892561982,62.5,42.77685950413223,262.890625
KA51AL2058,intellicar-KA51AL2058-2026-04-01_2026-05-01.csv,2026-04-24 08:08:51,2026-04-24 09:09:56,1.0180555555555555,60399.0546875,91.0,78.0,13.0,23.74609375,26.445121951219512,72.0,44.577235772357724,182.6622596153846
KA51AL2058,intellicar-KA51AL2058-2026-04-01_2026-05-01.csv,2026-04-24 09:10:21,2026-04-24 11:25:25,2.2511111111111113,60423.015625,79.0,64.0,15.0,21.4921875,13.47818396226415,56.875,44.4811320754717,143.28125
KA51AL2058,intellicar-KA51AL2058-2026-04-01_2026-05-01.csv,2026-04-24 13:07:23,2026-04-24 15:01:26,1.9008333333333334,60444.546875,100.0,86.0,14.0,22.1796875,11.873267326732673,56.5,42.015841584158416,158.42633928571428
KA51AL2058,intellicar-KA51AL2058-2026-04-01_2026-05-01.csv,2026-04-24 15:14:53,2026-04-24 17:13:26,1.9758333333333333,60469.76171875,85.0,60.0,25.0,47.34375,26.360759493670887,84.0,44.666666666666664,189.375
KA51AL2058,intellicar-KA51AL2058-2026-04-01_2026-05-01.csv,2026-04-24 17:17:54,2026-04-24 18:55:56,1.633888888888889,60521.1640625,60.0,43.0,17.0,24.94140625,19.383675078864353,58.625,44.694006309148264,146.7141544117647
KA51AL2058,intellicar-KA51AL2058-2026-04-01_2026-05-01.csv,2026-04-24 18:55:56,2026-04-24 20:42:28,1.7755555555555556,60545.81640625,44.0,28.0,16.0,25.21484375,18.549647887323943,68.75,43.752112676056335,157.5927734375
KA51AL2058,intellicar-KA51AL2058-2026-04-01_2026-05-01.csv,2026-04-25 15:55:02,2026-04-25 18:13:05,2.3008333333333333,60663.6328125,97.0,69.0,28.0,62.9375,30.053507194244606,74.375,41.49640287769784,224.77678571428572
KA51AL2058,intellicar-KA51AL2058-2026-04-01_2026-05-01.csv,2026-04-25 18:13:33,2026-04-25 18:54:05,0.6755555555555556,60727.0625,70.0,60.0,10.0,16.078125,30.027027027027028,85.375,43.0,160.78125
KA51AL2058,intellicar-KA51AL2058-2026-04-01_2026-05-01.csv,2026-04-25 19:04:03,2026-04-25 19:47:35,0.7255555555555555,60744.23828125,61.0,51.0,10.0,19.73828125,33.885,85.375,42.14,197.3828125
KA51AL2058,intellicar-KA51AL2058-2026-04-01_2026-05-01.csv,2026-04-25 23:16:35,2026-04-26 03:31:36,4.250277777777778,60763.984375,99.0,88.0,11.0,16.3046875,14.22347266881029,64.5,39.0,148.2244318181818
KA51AL2058,intellicar-KA51AL2058-2026-04-01_2026-05-01.csv,2026-04-26 03:32:04,2026-04-26 05:22:06,1.833888888888889,60780.6171875,89.0,72.0,17.0,39.59765625,23.71549773755656,66.875,41.1447963800905,232.92738970588235
KA51AL2058,intellicar-KA51AL2058-2026-04-01_2026-05-01.csv,2026-04-26 05:22:35,2026-04-26 07:11:07,1.808888888888889,60820.6875,73.0,55.0,18.0,33.76171875,20.906103286384976,60.75,44.032863849765256,187.56510416666669
KA51AL2058,intellicar-KA51AL2058-2026-04-01_2026-05-01.csv,2026-04-26 07:11:35,2026-04-26 10:10:09,2.976111111111111,60854.78125,56.0,29.0,27.0,62.6953125,27.89,71.625,43.91,232.20486111111111
KA51AL2058,intellicar-KA51AL2058-2026-04-01_2026-05-01.csv,2026-04-26 11:37:07,2026-04-26 14:23:41,2.776111111111111,60917.5,99.0,72.0,27.0,45.7265625,19.030395136778115,83.625,43.32218844984803,169.35763888888889
KA51AL2058,intellicar-KA51AL2058-2026-04-01_2026-05-01.csv,2026-04-26 14:24:08,2026-04-26 15:50:40,1.4422222222222223,60963.33984375,73.0,57.0,16.0,32.015625,25.631736526946106,68.625,43.92215568862275,200.09765625
KA51AL2058,intellicar-KA51AL2058-2026-04-01_2026-05-01.csv,2026-04-26 15:51:08,2026-04-26 16:09:41,0.30916666666666665,60995.6875,58.0,50.0,8.0,12.44921875,45.48026315789474,81.75,44.76315789473684,155.615234375
KA51AL2058,intellicar-KA51AL2058-2026-04-01_2026-05-01.csv,2026-04-26 16:10:08,2026-04-26 16:41:11,0.5175,61008.4375,51.0,45.0,6.0,11.88671875,24.97222222222222,50.875,45.0,198.11197916666669
KA51AL2058,intellicar-KA51AL2058-2026-04-01_2026-05-01.csv,2026-04-26 16:41:39,2026-04-26 17:06:11,0.4088888888888889,61020.46484375,46.0,40.0,6.0,8.3125,24.855,49.5,45.0,138.54166666666669
KA51AL2058,intellicar-KA51AL2058-2026-04-01_2026-05-01.csv,2026-04-26 17:06:39,2026-04-26 17:58:41,0.8672222222222222,61029.0,41.0,32.0,9.0,15.078125,20.182142857142857,61.875,44.41904761904762,167.53472222222223
KA51AL2058,intellicar-KA51AL2058-2026-04-01_2026-05-01.csv,2026-04-26 17:59:09,2026-04-26 18:29:10,0.5002777777777778,61044.4375,33.0,25.0,8.0,9.109375,19.25,75.375,44.827586206896555,113.8671875
KA51AL2058,intellicar-KA51AL2058-2026-04-01_2026-05-01.csv,2026-04-27 08:41:12,2026-04-27 13:32:47,4.8597222222222225,61074.76953125,83.0,39.0,44.0,73.26171875,17.769041218637994,76.625,44.121863799283155,166.50390625
KA51AL2058,intellicar-KA51AL2058-2026-04-01_2026-05-01.csv,2026-04-27 14:31:44,2026-04-27 16:16:17,1.7425,61148.03125,99.0,86.0,13.0,23.07421875,17.011363636363637,70.5,41.962566844919785,177.4939903846154
KA51AL2058,intellicar-KA51AL2058-2026-04-01_2026-05-01.csv,2026-04-27 17:04:45,2026-04-27 19:37:46,2.5502777777777776,61174.34765625,86.0,78.0,8.0,9.296875,16.97741935483871,56.375,44.0,116.2109375
KA51AL2058,intellicar-KA51AL2058-2026-04-01_2026-05-01.csv,2026-04-27 21:34:46,2026-04-27 23:00:17,1.4252777777777779,61183.875,100.0,88.0,12.0,29.00390625,25.091059602649008,64.75,40.88741721854305,241.69921875
KA51AL2058,intellicar-KA51AL2058-2026-04-01_2026-05-01.csv,2026-04-27 23:00:46,2026-04-28 02:50:17,3.825277777777778,61213.1953125,89.0,62.0,27.0,61.98828125,22.389836289222373,80.5,40.44474761255116,229.58622685185185
KA51AL2058,intellicar-KA51AL2058-2026-04-01_2026-05-01.csv,2026-04-28 02:52:17,2026-04-28 03:57:19,1.083888888888889,61277.328125,63.0,54.0,9.0,19.90625,20.741071428571427,64.0,40.98412698412698,221.18055555555554
KA51AL2058,intellicar-KA51AL2058-2026-04-01_2026-05-01.csv,2026-04-28 03:57:47,2026-04-28 06:12:48,2.250277777777778,61297.609375,55.0,0.0,55.0,18.58203125,26.595238095238095,73.5,41.65079365079365,33.78551136363636
KA51AL2058,intellicar-KA51AL2058-2026-04-01_2026-05-01.csv,2026-04-28 06:12:50,2026-04-28 07:26:20,1.225,61316.20703125,97.0,76.0,21.0,40.15234375,35.96571906354515,86.25,42.39464882943144,191.2016369047619
KA51AL2058,intellicar-KA51AL2058-2026-04-01_2026-05-01.csv,2026-04-28 07:26:48,2026-04-28 09:24:21,1.9591666666666667,61356.67578125,77.0,50.0,27.0,44.39453125,25.170021186440678,77.625,44.66101694915254,164.4241898148148
KA51AL2058,intellicar-KA51AL2058-2026-04-01_2026-05-01.csv,2026-04-28 09:24:49,2026-04-28 10:24:52,1.0008333333333332,61401.51171875,51.0,31.0,20.0,41.28125,45.34814049586777,82.625,44.53719008264463,206.40625
KA51AL2058,intellicar-KA51AL2058-2026-04-01_2026-05-01.csv,2026-04-28 14:46:21,2026-04-28 15:46:21,1.0,61446.3828125,85.0,76.0,9.0,15.6328125,16.8585,58.5,40.928,173.69791666666669
KA51AL2058,intellicar-KA51AL2058-2026-04-01_2026-05-01.csv,2026-04-28 15:46:23,2026-04-28 18:20:53,2.575,61461.83203125,77.0,55.0,22.0,41.80078125,18.760813148788927,67.5,42.32871972318339,190.00355113636365
KA51AL2058,intellicar-KA51AL2058-2026-04-01_2026-05-01.csv,2026-04-28 18:29:52,2026-04-28 19:02:53,0.5502777777777778,61508.30078125,54.0,47.0,7.0,14.57421875,29.686567164179106,65.75,42.985074626865675,208.203125
KA51AL2058,intellicar-KA51AL2058-2026-04-01_2026-05-01.csv,2026-04-28 19:03:22,2026-04-28 21:39:52,2.6083333333333334,61523.11328125,48.0,37.0,11.0,11.640625,12.569502074688797,76.125,43.0,105.82386363636364
KA51AL2058,intellicar-KA51AL2058-2026-05-01_2026-06-01.csv,2026-05-01 00:00:07,2026-05-01 00:46:39,0.7755555555555556,61564.44140625,70.0,56.0,14.0,33.0625,48.222074468085104,87.125,38.0,236.16071428571428
KA51AL2058,intellicar-KA51AL2058-2026-05-01_2026-06-01.csv,2026-05-01 00:47:07,2026-05-01 01:04:09,0.2838888888888889,61597.8125,57.0,51.0,6.0,11.9453125,50.84451219512195,82.25,38.0,199.08854166666669
KA51AL2058,intellicar-KA51AL2058-2026-05-01_2026-06-01.csv,2026-05-01 02:07:37,2026-05-01 02:40:37,0.55,61614.59765625,84.0,75.0,9.0,18.04296875,45.540841584158414,81.625,41.0,200.47743055555554
KA51AL2058,intellicar-KA51AL2058-2026-05-01_2026-06-01.csv,2026-05-01 02:40:39,2026-05-01 05:56:41,3.2672222222222222,61632.0625,76.0,46.0,30.0,57.4921875,23.743564742589705,86.0,41.37129485179407,191.640625
KA51AL2058,intellicar-KA51AL2058-2026-05-01_2026-06-01.csv,2026-05-01 05:57:09,2026-05-01 06:32:11,0.5838888888888889,61689.81640625,47.0,38.0,9.0,18.328125,35.246428571428574,76.625,43.77142857142857,203.64583333333334
KA51AL2058,intellicar-KA51AL2058-2026-05-01_2026-06-01.csv,2026-05-01 08:52:39,2026-05-01 10:15:11,1.3755555555555556,61708.28125,98.0,85.0,13.0,18.65234375,27.9796511627907,71.75,43.63953488372093,143.47956730769232
KA51AL2058,intellicar-KA51AL2058-2026-05-01_2026-06-01.csv,2026-05-01 10:15:40,2026-05-01 11:18:12,1.0422222222222222,61727.2578125,86.0,71.0,15.0,22.0625,23.799603174603174,61.375,44.53174603174603,147.08333333333334
KA51AL2058,intellicar-KA51AL2058-2026-05-01_2026-06-01.csv,2026-05-01 11:40:40,2026-05-01 12:04:13,0.3925,61751.6953125,71.0,66.0,5.0,13.30078125,37.6171875,54.375,44.854166666666664,266.015625
KA51AL2058,intellicar-KA51AL2058-2026-05-01_2026-06-01.csv,2026-05-02 01:12:15,2026-05-02 01:30:45,0.30833333333333335,61794.6171875,88.0,81.0,7.0,17.6875,60.905,86.75,36.74666666666667,252.67857142857144
KA51AL2058,intellicar-KA51AL2058-2026-05-01_2026-06-01.csv,2026-05-02 01:31:14,2026-05-02 02:25:16,0.9005555555555556,61812.4765625,82.0,74.0,8.0,19.9609375,41.49230769230769,83.25,37.2,249.51171875
KA51AL2058,intellicar-KA51AL2058-2026-05-01_2026-06-01.csv,2026-05-02 04:13:17,2026-05-02 04:39:48,0.4419444444444444,61840.4375,84.0,71.0,13.0,24.65625,61.36448598130841,83.75,39.54205607476636,189.66346153846155
KA51AL2058,intellicar-KA51AL2058-2026-05-01_2026-06-01.csv,2026-05-02 04:40:14,2026-05-02 05:08:16,0.4672222222222222,61865.57421875,72.0,66.0,6.0,10.51953125,26.357456140350877,66.0,41.36842105263158,175.32552083333331
KA51AL2058,intellicar-KA51AL2058-2026-05-01_2026-06-01.csv,2026-05-02 05:08:45,2026-05-02 06:20:18,1.1925,61876.24609375,67.0,55.0,12.0,21.0859375,20.808333333333334,87.375,43.044444444444444,175.71614583333331
KA51AL2058,intellicar-KA51AL2058-2026-05-01_2026-06-01.csv,2026-05-02 07:06:15,2026-05-02 09:13:49,2.1261111111111113,61897.33203125,100.0,74.0,26.0,38.01953125,19.4171568627451,87.25,43.180392156862744,146.22896634615387
KA51AL2058,intellicar-KA51AL2058-2026-05-01_2026-06-01.csv,2026-05-02 09:14:16,2026-05-02 09:51:48,0.6255555555555555,61935.921875,75.0,63.0,12.0,25.015625,43.74671052631579,84.5,44.5921052631579,208.46354166666666
KA51AL2058,intellicar-KA51AL2058-2026-05-01_2026-06-01.csv,2026-05-02 10:29:16,2026-05-02 11:02:51,0.5597222222222222,61960.9609375,100.0,86.0,14.0,24.3046875,46.84963768115942,83.0,41.57971014492754,173.60491071428572
KA51AL2058,intellicar-KA51AL2058-2026-05-01_2026-06-01.csv,2026-05-02 11:08:17,2026-05-02 13:25:49,2.292222222222222,61990.77734375,85.0,68.0,17.0,29.359375,22.43491124260355,65.375,44.59763313609467,172.70220588235296
KA51AL2058,intellicar-KA51AL2058-2026-05-01_2026-06-01.csv,2026-05-02 23:55:21,2026-05-03 01:53:52,1.9752777777777777,62032.5234375,93.0,81.0,12.0,19.83203125,18.946614583333332,65.25,39.00347222222222,165.26692708333331
KA51AL2058,intellicar-KA51AL2058-2026-05-01_2026-06-01.csv,2026-05-03 02:02:22,2026-05-03 02:32:20,0.49944444444444447,62058.6328125,80.0,70.0,10.0,22.3046875,48.91458333333333,85.5,39.99166666666667,223.046875
KA51AL2058,intellicar-KA51AL2058-2026-05-01_2026-06-01.csv,2026-05-03 04:06:51,2026-05-03 04:48:24,0.6925,62088.9375,91.0,76.0,15.0,29.2421875,46.83841463414634,81.625,40.98780487804878,194.94791666666666
KA51AL2058,intellicar-KA51AL2058-2026-05-01_2026-06-01.csv,2026-05-03 04:48:51,2026-05-03 05:04:53,0.26722222222222225,62118.59375,77.0,72.0,5.0,7.4453125,32.90909090909091,63.75,42.666666666666664,148.90625
KA51AL2058,intellicar-KA51AL2058-2026-05-01_2026-06-01.csv,2026-05-03 05:05:21,2026-05-03 07:05:54,2.0091666666666668,62126.2890625,73.0,50.0,23.0,36.0703125,20.680309734513273,81.75,44.06637168141593,156.8274456521739
KA51AL2058,intellicar-KA51AL2058-2026-05-01_2026-06-01.csv,2026-05-04 01:18:56,2026-05-04 02:22:28,1.058888888888889,62194.6953125,82.0,71.0,11.0,28.75,49.826298701298704,83.125,37.922077922077925,261.3636363636364
KA51AL2058,intellicar-KA51AL2058-2026-05-01_2026-06-01.csv,2026-05-04 03:27:27,2026-05-04 05:27:28,2.000277777777778,62223.4453125,98.0,70.0,28.0,52.44140625,30.67211751662971,87.5,40.96008869179601,187.29073660714286
KA51AL2058,intellicar-KA51AL2058-2026-05-01_2026-06-01.csv,2026-05-04 05:27:33,2026-05-04 06:51:00,1.3908333333333334,62275.80078125,71.0,58.0,13.0,13.90234375,15.048640167364017,55.75,44.34728033472803,106.94110576923077
KA51AL2058,intellicar-KA51AL2058-2026-05-01_2026-06-01.csv,2026-05-04 08:08:29,2026-05-04 09:36:29,1.4666666666666666,62289.7109375,67.0,58.0,9.0,7.62890625,20.77970297029703,42.0,42.04950495049505,84.765625
KA51AL2058,intellicar-KA51AL2058-2026-05-01_2026-06-01.csv,2026-05-04 10:21:30,2026-05-04 11:17:01,0.9252777777777778,62297.6796875,100.0,86.0,14.0,16.34375,19.786666666666665,67.75,41.77333333333333,116.74107142857142
KA51AL2058,intellicar-KA51AL2058-2026-05-01_2026-06-01.csv,2026-05-04 11:17:02,2026-05-04 11:46:30,0.4911111111111111,62313.86328125,87.0,80.0,7.0,14.3359375,31.568376068376068,73.25,43.92307692307692,204.79910714285717
KA51AL2058,intellicar-KA51AL2058-2026-05-01_2026-06-01.csv,2026-05-04 11:52:30,2026-05-04 12:16:33,0.4008333333333333,62334.57421875,78.0,70.0,8.0,15.859375,44.04336734693877,87.0,45.0,198.2421875
KA51AL2058,intellicar-KA51AL2058-2026-05-01_2026-06-01.csv,2026-05-06 01:14:41,2026-05-06 01:47:11,0.5416666666666666,62425.38671875,68.0,60.0,8.0,17.68359375,34.89962121212121,78.125,35.60606060606061,221.044921875
KA51AL2058,intellicar-KA51AL2058-2026-05-01_2026-06-01.csv,2026-05-06 01:47:41,2026-05-06 02:14:41,0.45,62443.68359375,61.0,51.0,10.0,23.1328125,56.84318181818182,85.25,36.29090909090909,231.32812500000003
KA51AL2058,intellicar-KA51AL2058-2026-05-01_2026-06-01.csv,2026-05-06 02:15:11,2026-05-06 03:39:41,1.4083333333333334,62467.26953125,52.0,0.0,52.0,3.53125,19.60326086956522,64.625,36.91304347826087,6.790865384615384
KA51AL2058,intellicar-KA51AL2058-2026-05-01_2026-06-01.csv,2026-05-06 03:40:11,2026-05-06 05:50:42,2.1752777777777776,62470.83203125,100.0,71.0,29.0,45.22265625,28.654306220095695,87.5,41.655502392344495,155.94019396551724
KA51AL2058,intellicar-KA51AL2058-2026-05-01_2026-06-01.csv,2026-05-06 05:51:12,2026-05-06 08:06:13,2.250277777777778,62516.22265625,72.0,52.0,20.0,34.7421875,21.76923076923077,85.125,44.58173076923077,173.7109375
KA51AL2058,intellicar-KA51AL2058-2026-05-01_2026-06-01.csv,2026-05-07 01:05:19,2026-05-07 02:26:19,1.35,62562.14453125,93.0,83.0,10.0,19.90234375,20.285714285714285,70.5,38.0,199.0234375
KA51AL2058,intellicar-KA51AL2058-2026-05-01_2026-06-01.csv,2026-05-07 02:28:49,2026-05-07 03:41:20,1.208611111111111,62583.84375,84.0,71.0,13.0,31.796875,38.83256880733945,84.875,38.68807339449541,244.59134615384616
KA51AL2058,intellicar-KA51AL2058-2026-05-01_2026-06-01.csv,2026-05-07 05:06:50,2026-05-07 06:05:21,0.9752777777777778,62615.765625,100.0,89.0,11.0,12.7109375,21.632911392405063,81.125,41.65822784810127,115.55397727272727
KA51AL2058,intellicar-KA51AL2058-2026-05-01_2026-06-01.csv,2026-05-07 06:13:21,2026-05-07 07:47:21,1.5666666666666667,62635.52734375,87.0,66.0,21.0,34.53515625,24.409868421052632,77.625,44.415789473684214,164.453125
KA51AL2058,intellicar-KA51AL2058-2026-05-01_2026-06-01.csv,2026-05-07 08:41:22,2026-05-07 10:04:22,1.3833333333333333,62670.0625,100.0,92.0,8.0,6.16015625,12.705645161290322,33.5,40.41935483870968,77.001953125
KA51AL2058,intellicar-KA51AL2058-2026-05-01_2026-06-01.csv,2026-05-07 10:50:23,2026-05-07 12:00:53,1.175,62676.43359375,91.0,74.0,17.0,20.51171875,21.694444444444443,84.125,44.4,120.65716911764706
KA51AL2058,intellicar-KA51AL2058-2026-05-01_2026-06-01.csv,2026-05-07 12:01:26,2026-05-07 12:30:53,0.49083333333333334,62696.34765625,75.0,63.0,12.0,25.63671875,53.799180327868854,86.625,44.49180327868852,213.63932291666666
KA51AL2058,intellicar-KA51AL2058-2026-05-01_2026-06-01.csv,2026-05-07 13:08:53,2026-05-07 13:34:54,0.4336111111111111,62728.66796875,88.0,82.0,6.0,9.4375,23.90801886792453,70.0,41.339622641509436,157.29166666666669
KA51AL2058,intellicar-KA51AL2058-2026-05-01_2026-06-01.csv,2026-05-07 13:35:24,2026-05-07 15:05:24,1.5,62738.375,83.0,67.0,16.0,33.6640625,24.93258426966292,69.75,42.674157303370784,210.400390625
KA51AL2058,intellicar-KA51AL2058-2026-05-01_2026-06-01.csv,2026-05-08 02:16:27,2026-05-08 03:00:57,0.7416666666666667,62792.375,89.0,81.0,8.0,12.87109375,18.594444444444445,79.25,39.266666666666666,160.888671875
KA51AL2058,intellicar-KA51AL2058-2026-05-01_2026-06-01.csv,2026-05-08 03:20:27,2026-05-08 03:52:28,0.5336111111111111,62816.16015625,78.0,67.0,11.0,23.86328125,47.59475806451613,86.75,40.79032258064516,216.93892045454547
KA51AL2058,intellicar-KA51AL2058-2026-05-01_2026-06-01.csv,2026-05-08 05:05:28,2026-05-08 06:19:29,1.2336111111111112,62846.69921875,98.0,81.0,17.0,31.22265625,43.16755319148936,88.875,42.12765957446808,183.66268382352942
KA51AL2058,intellicar-KA51AL2058-2026-05-01_2026-06-01.csv,2026-05-09 00:18:35,2026-05-09 02:02:35,1.7333333333333334,62927.06640625,82.0,67.0,15.0,30.421875,27.276666666666667,66.75,39.18666666666667,202.81250000000003
KA51AL2058,intellicar-KA51AL2058-2026-05-01_2026-06-01.csv,2026-05-09 02:04:35,2026-05-09 03:18:36,1.2336111111111112,62958.97265625,68.0,52.0,16.0,34.09375,45.12752525252525,88.125,40.0,213.0859375
KA51AL2058,intellicar-KA51AL2058-2026-05-01_2026-06-01.csv,2026-05-09 05:09:07,2026-05-09 06:19:37,1.175,62993.06640625,99.0,86.0,13.0,17.0859375,21.234669811320753,87.125,41.89622641509434,131.43028846153845
KA51AL2058,intellicar-KA51AL2058-2026-05-01_2026-06-01.csv,2026-05-09 09:32:09,2026-05-09 10:10:39,0.6416666666666667,63015.39453125,96.0,90.0,6.0,4.60546875,17.885714285714286,83.875,43.142857142857146,76.7578125
KA51AL2058,intellicar-KA51AL2058-2026-05-01_2026-06-01.csv,2026-05-10 04:32:15,2026-05-10 05:19:45,0.7916666666666666,63077.2578125,100.0,88.0,12.0,21.7109375,30.875,74.5,39.46875,180.92447916666669
KA51AL2058,intellicar-KA51AL2058-2026-05-01_2026-06-01.csv,2026-05-10 05:21:15,2026-05-10 06:55:16,1.5669444444444445,63100.07421875,89.0,66.0,23.0,43.3046875,39.250850340136054,86.0,42.95918367346939,188.28125
KA51AL2058,intellicar-KA51AL2058-2026-05-01_2026-06-01.csv,2026-05-10 06:55:46,2026-05-10 08:27:17,1.5252777777777777,63143.80078125,67.0,43.0,24.0,37.6015625,26.72635135135135,78.5,44.41621621621621,156.67317708333331
KA51AL2058,intellicar-KA51AL2058-2026-05-01_2026-06-01.csv,2026-05-10 09:18:17,2026-05-10 12:03:48,2.758611111111111,63181.40234375,100.0,85.0,15.0,22.4140625,15.608198924731182,61.0,43.17204301075269,149.42708333333334
KA51AL2058,intellicar-KA51AL2058-2026-05-01_2026-06-01.csv,2026-05-11 05:42:23,2026-05-11 08:29:24,2.783611111111111,63270.73828125,86.0,50.0,36.0,61.44140625,27.79739932885906,88.875,43.38926174496644,170.67057291666669
KA51AL2058,intellicar-KA51AL2058-2026-05-01_2026-06-01.csv,2026-05-11 09:30:55,2026-05-11 10:20:55,0.8333333333333334,63332.21484375,100.0,93.0,7.0,7.3515625,15.228846153846154,44.375,42.46153846153846,105.02232142857142
KA51AL2058,intellicar-KA51AL2058-2026-05-01_2026-06-01.csv,2026-05-11 10:21:25,2026-05-11 12:27:26,2.100277777777778,63339.78515625,94.0,75.0,19.0,40.453125,22.830978260869564,65.125,44.54782608695652,212.91118421052633
KA51AL2058,intellicar-KA51AL2058-2026-05-01_2026-06-01.csv,2026-05-11 13:18:56,2026-05-11 14:00:57,0.7002777777777778,63382.14453125,95.0,87.0,8.0,15.703125,25.45579268292683,84.875,41.48780487804878,196.2890625
KA51AL2058,intellicar-KA51AL2058-2026-05-01_2026-06-01.csv,2026-05-11 14:28:57,2026-05-11 15:35:57,1.1166666666666667,63397.84765625,100.0,88.0,12.0,24.35546875,31.967329545454547,83.125,40.375,202.96223958333334
KA51AL2058,intellicar-KA51AL2058-2026-05-01_2026-06-01.csv,2026-05-12 03:20:30,2026-05-12 03:55:00,0.575,63478.21484375,65.0,58.0,7.0,12.05859375,23.192857142857143,62.875,40.4,172.265625
KA51AL2058,intellicar-KA51AL2058-2026-05-01_2026-06-01.csv,2026-05-12 03:55:30,2026-05-12 05:20:01,1.408611111111111,63490.6171875,59.0,43.0,16.0,32.28515625,30.78035714285714,72.375,42.15714285714286,201.7822265625
KA51AL2058,intellicar-KA51AL2058-2026-05-01_2026-06-01.csv,2026-05-12 06:06:34,2026-05-12 08:03:32,1.9494444444444445,63522.90234375,99.0,76.0,23.0,34.89453125,34.6793893129771,82.875,43.7557251908397,151.71535326086956
KA51AL2058,intellicar-KA51AL2058-2026-05-01_2026-06-01.csv,2026-05-12 08:04:02,2026-05-12 09:42:32,1.6416666666666666,63558.03515625,77.0,63.0,14.0,20.87890625,16.828220858895705,75.0,44.50306748466258,149.13504464285714
KA51AL2058,intellicar-KA51AL2058-2026-05-01_2026-06-01.csv,2026-05-12 10:00:03,2026-05-12 10:39:33,0.6583333333333333,63578.94140625,82.0,72.0,10.0,14.578125,24.287974683544302,86.125,41.721518987341774,145.78125
KA51AL2058,intellicar-KA51AL2058-2026-05-01_2026-06-01.csv,2026-05-12 10:43:33,2026-05-12 11:48:33,1.0833333333333333,63596.82421875,72.0,60.0,12.0,18.390625,18.68984962406015,61.625,44.34586466165413,153.25520833333331
KA51AL2058,intellicar-KA51AL2058-2026-05-01_2026-06-01.csv,2026-05-12 11:56:33,2026-05-12 12:32:03,0.5916666666666667,63621.7421875,58.0,46.0,12.0,26.953125,50.671875,86.5,44.138888888888886,224.609375
KA51AL2058,intellicar-KA51AL2058-2026-05-01_2026-06-01.csv,2026-05-12 13:22:34,2026-05-12 14:01:04,0.6416666666666667,63648.6953125,100.0,94.0,6.0,11.546875,22.295289855072465,79.375,42.0,192.44791666666669
KA51AL2058,intellicar-KA51AL2058-2026-05-01_2026-06-01.csv,2026-05-12 14:01:04,2026-05-12 15:50:35,1.8252777777777778,63659.66796875,95.0,74.0,21.0,49.22265625,29.50864055299539,78.75,43.41935483870968,234.39360119047618
KA51AL2058,intellicar-KA51AL2058-2026-05-01_2026-06-01.csv,2026-05-13 05:28:39,2026-05-13 06:18:40,0.8336111111111111,63769.76953125,100.0,83.0,17.0,29.28515625,45.263081395348834,85.375,42.23255813953488,172.265625
KA51AL2058,intellicar-KA51AL2058-2026-05-01_2026-06-01.csv,2026-05-13 06:19:10,2026-05-13 11:43:12,5.400555555555556,63799.4296875,84.0,42.0,42.0,66.03125,23.222112860892388,85.0,44.21784776902887,157.2172619047619
KA51AL2058,intellicar-KA51AL2058-2026-05-01_2026-06-01.csv,2026-05-13 13:03:42,2026-05-13 13:48:12,0.7416666666666667,63875.609375,99.0,88.0,11.0,23.609375,36.55747126436781,74.0,41.58620689655172,214.63068181818184
KA51AL2058,intellicar-KA51AL2058-2026-05-01_2026-06-01.csv,2026-05-13 13:48:42,2026-05-13 14:19:13,0.5086111111111111,63899.640625,89.0,83.0,6.0,9.31640625,20.226190476190474,63.5,42.96825396825397,155.2734375
KA51AL2058,intellicar-KA51AL2058-2026-05-01_2026-06-01.csv,2026-05-14 04:21:17,2026-05-14 08:26:19,4.083888888888889,63985.3828125,100.0,56.0,44.0,79.9921875,27.110687022900763,84.75,43.11450381679389,181.80042613636365
KA51AL2058,intellicar-KA51AL2058-2026-05-01_2026-06-01.csv,2026-05-14 10:03:20,2026-05-14 12:28:50,2.425,64065.375,98.0,71.0,27.0,52.5859375,25.672445255474454,87.375,42.886861313868614,194.7627314814815
KA51AL2058,intellicar-KA51AL2058-2026-05-01_2026-06-01.csv,2026-05-14 12:29:20,2026-05-14 13:44:51,1.2586111111111111,64118.09375,72.0,56.0,16.0,34.15234375,30.13404605263158,76.125,44.19736842105263,213.4521484375
KA51AL2058,intellicar-KA51AL2058-2026-05-01_2026-06-01.csv,2026-05-14 15:35:52,2026-05-14 16:22:22,0.775,64152.24609375,100.0,91.0,9.0,14.08203125,20.552777777777777,75.75,41.0,156.46701388888889
KA51AL2058,intellicar-KA51AL2058-2026-05-01_2026-06-01.csv,2026-05-15 03:21:55,2026-05-15 04:02:55,0.6833333333333333,64220.28125,68.0,61.0,7.0,11.6640625,22.16,53.0,40.06666666666667,166.62946428571428
KA51AL2058,intellicar-KA51AL2058-2026-05-01_2026-06-01.csv,2026-05-15 04:03:25,2026-05-15 04:44:56,0.6919444444444445,64232.3125,62.0,49.0,13.0,32.7265625,51.383720930232556,86.0,41.0,251.74278846153845
KA51AL2058,intellicar-KA51AL2058-2026-05-01_2026-06-01.csv,2026-05-15 05:39:26,2026-05-15 07:59:27,2.3336111111111113,64265.20703125,100.0,76.0,24.0,43.44921875,36.23101265822785,90.5,41.64556962025316,181.03841145833331
KA51AL2058,intellicar-KA51AL2058-2026-05-01_2026-06-01.csv,2026-05-15 09:19:27,2026-05-15 10:05:57,0.775,64317.87890625,98.0,93.0,5.0,9.765625,18.080357142857142,62.375,41.114285714285714,195.3125
KA51AL2058,intellicar-KA51AL2058-2026-05-01_2026-06-01.csv,2026-05-16 00:03:32,2026-05-16 00:59:02,0.925,64330.3515625,92.0,78.0,14.0,22.390625,27.530133928571427,65.625,39.49107142857143,159.93303571428572
KA51AL2058,intellicar-KA51AL2058-2026-05-01_2026-06-01.csv,2026-05-16 00:59:32,2026-05-16 01:16:02,0.275,64353.1484375,79.0,71.0,8.0,18.20703125,71.98529411764706,85.5,40.64705882352941,227.587890625
KA51AL2058,intellicar-KA51AL2058-2026-05-01_2026-06-01.csv,2026-05-16 01:16:32,2026-05-16 01:36:32,0.3333333333333333,64371.984375,72.0,65.0,7.0,14.56640625,50.198170731707314,84.875,41.0,208.09151785714283
KA51AL2058,intellicar-KA51AL2058-2026-05-01_2026-06-01.csv,2026-05-16 04:31:03,2026-05-16 05:15:34,0.7419444444444444,64392.88671875,98.0,84.0,14.0,23.09765625,49.181640625,86.625,39.9375,164.98325892857142
KA51AL2058,intellicar-KA51AL2058-2026-05-01_2026-06-01.csv,2026-05-16 05:16:04,2026-05-16 05:55:04,0.65,64416.57421875,85.0,77.0,8.0,13.54296875,23.951923076923077,72.5,42.243589743589745,169.287109375
KA51AL2058,intellicar-KA51AL2058-2026-05-01_2026-06-01.csv,2026-05-16 05:55:34,2026-05-16 07:03:34,1.1333333333333333,64430.28125,78.0,69.0,9.0,15.6875,16.525961538461537,55.0,44.1,174.30555555555557
KA51AL2058,intellicar-KA51AL2058-2026-05-01_2026-06-01.csv,2026-05-16 08:23:35,2026-05-16 09:45:35,1.3666666666666667,64448.75390625,88.0,75.0,13.0,18.87109375,15.083333333333334,51.625,43.375757575757575,145.1622596153846
KA51AL2058,intellicar-KA51AL2058-2026-05-01_2026-06-01.csv,2026-05-16 09:46:05,2026-05-16 12:53:36,3.125277777777778,64467.92578125,76.0,59.0,17.0,30.546875,20.37014563106796,70.75,44.25242718446602,179.6875
KA51AL2058,intellicar-KA51AL2058-2026-05-01_2026-06-01.csv,2026-05-16 12:54:06,2026-05-16 13:55:37,1.0252777777777777,64498.55859375,60.0,53.0,7.0,9.16015625,18.54563492063492,80.125,43.23809523809524,130.859375
KA51AL2058,intellicar-KA51AL2058-2026-05-01_2026-06-01.csv,2026-05-16 14:33:07,2026-05-16 15:19:37,0.775,64507.71875,99.0,86.0,13.0,27.296875,44.44753086419753,82.625,40.851851851851855,209.97596153846155
KA51AL2058,intellicar-KA51AL2058-2026-05-01_2026-06-01.csv,2026-05-16 15:20:07,2026-05-16 15:40:38,0.34194444444444444,64535.49609375,87.0,82.0,5.0,9.578125,32.23809523809524,65.0,41.88095238095238,191.5625
KA51AL2058,intellicar-KA51AL2058-2026-05-01_2026-06-01.csv,2026-05-16 15:41:07,2026-05-16 16:27:38,0.7752777777777777,64545.33984375,83.0,77.0,6.0,9.9453125,16.099397590361445,51.0,42.0,165.75520833333331
KA51AL2058,intellicar-KA51AL2058-2026-05-01_2026-06-01.csv,2026-05-16 16:28:08,2026-05-16 17:10:38,0.7083333333333334,64555.60546875,78.0,68.0,10.0,19.21875,29.72238372093023,62.375,43.0,192.1875
KA51AL2058,intellicar-KA51AL2058-2026-05-01_2026-06-01.csv,2026-05-17 02:31:11,2026-05-17 04:04:41,1.5583333333333333,64591.46484375,63.0,41.0,22.0,51.66015625,36.325940860215056,87.875,39.284946236559136,234.81889204545453
KA51AL2058,intellicar-KA51AL2058-2026-05-01_2026-06-01.csv,2026-05-17 05:02:11,2026-05-17 06:05:12,1.0502777777777779,64643.34375,100.0,82.0,18.0,30.59375,43.15691489361702,85.875,40.787234042553195,169.96527777777777
KA51AL2058,intellicar-KA51AL2058-2026-05-01_2026-06-01.csv,2026-05-17 06:05:42,2026-05-17 09:34:43,3.483611111111111,64674.3984375,83.0,69.0,14.0,26.44921875,18.43951612903226,64.625,44.274193548387096,188.92299107142858
KA51AL2058,intellicar-KA51AL2058-2026-05-01_2026-06-01.csv,2026-05-17 09:34:43,2026-05-17 10:19:44,0.7502777777777778,64700.84765625,70.0,61.0,9.0,8.671875,13.46029411764706,44.125,42.858823529411765,96.35416666666666
KA51AL2058,intellicar-KA51AL2058-2026-05-01_2026-06-01.csv,2026-05-17 10:47:44,2026-05-17 12:55:45,2.133611111111111,64709.5390625,94.0,74.0,20.0,51.5078125,26.003875968992247,82.875,43.02325581395349,257.5390625
KA51AL2058,intellicar-KA51AL2058-2026-05-01_2026-06-01.csv,2026-05-17 14:05:15,2026-05-17 14:57:15,0.8666666666666667,64761.046875,100.0,86.0,14.0,29.3203125,43.96016483516483,81.0,40.81318681318681,209.43080357142856
KA51AL2058,intellicar-KA51AL2058-2026-05-01_2026-06-01.csv,2026-05-17 14:57:45,2026-05-17 16:10:16,1.208611111111111,64790.76171875,87.0,81.0,6.0,8.5390625,18.40576923076923,60.875,42.36923076923077,142.31770833333331
KA51AL2058,intellicar-KA51AL2058-2026-05-01_2026-06-01.csv,2026-05-18 03:24:48,2026-05-18 04:42:19,1.2919444444444443,64851.55078125,60.0,45.0,15.0,36.640625,40.03099173553719,86.125,38.96694214876033,244.27083333333334
KA51AL2058,intellicar-KA51AL2058-2026-05-01_2026-06-01.csv,2026-05-18 05:35:19,2026-05-18 06:41:50,1.1086111111111112,64888.19140625,100.0,86.0,14.0,22.4375,32.49038461538461,86.375,41.395604395604394,160.26785714285714
KA51AL2058,intellicar-KA51AL2058-2026-05-01_2026-06-01.csv,2026-05-19 01:36:26,2026-05-19 04:52:57,3.2752777777777777,65012.859375,91.0,77.0,14.0,30.51171875,16.52766393442623,61.125,40.17622950819672,217.94084821428572
KA51AL2058,intellicar-KA51AL2058-2026-05-01_2026-06-01.csv,2026-05-19 23:45:32,2026-05-20 00:16:02,0.5083333333333333,65082.109375,56.0,44.0,12.0,29.94140625,64.93145161290323,86.875,37.774193548387096,249.51171875
KA51AL2058,intellicar-KA51AL2058-2026-05-01_2026-06-01.csv,2026-05-20 01:43:33,2026-05-20 07:15:08,5.526388888888889,65118.19140625,100.0,62.0,38.0,75.48828125,27.81578947368421,85.875,41.27423822714682,198.6533717105263
KA51AL2058,intellicar-KA51AL2058-2026-05-01_2026-06-01.csv,2026-05-20 07:50:35,2026-05-20 08:41:35,0.85,65196.12890625,84.0,78.0,6.0,5.83203125,25.799242424242426,73.875,42.03030303030303,97.20052083333334
KA51AL2058,intellicar-KA51AL2058-2026-05-01_2026-06-01.csv,2026-05-20 08:41:35,2026-05-20 10:25:36,1.7336111111111112,65201.9609375,79.0,69.0,10.0,13.0,51.09285714285714,86.0,43.97142857142857,130.0
KA51AL2058,intellicar-KA51AL2058-2026-05-01_2026-06-01.csv,2026-05-20 10:26:06,2026-05-20 10:52:36,0.44166666666666665,65215.29296875,70.0,60.0,10.0,16.921875,41.324074074074076,92.375,44.833333333333336,169.21875
KA51AL2058,intellicar-KA51AL2058-2026-05-01_2026-06-01.csv,2026-05-20 10:58:06,2026-05-20 12:45:37,1.7919444444444443,65234.375,60.0,44.0,16.0,23.50390625,19.0,86.125,44.04819277108434,146.8994140625
KA51AL2058,intellicar-KA51AL2058-2026-05-01_2026-06-01.csv,2026-05-20 12:46:07,2026-05-20 14:32:37,1.775,65258.125,45.0,37.0,8.0,12.15625,13.649606299212598,53.625,43.811023622047244,151.953125
KA51AL2058,intellicar-KA51AL2058-2026-05-01_2026-06-01.csv,2026-05-21 01:19:40,2026-05-21 01:38:10,0.30833333333333335,65308.25390625,83.0,75.0,8.0,19.00390625,67.75,84.0,39.0,237.548828125
KA51AL2058,intellicar-KA51AL2058-2026-05-01_2026-06-01.csv,2026-05-21 02:59:40,2026-05-21 05:27:11,2.4586111111111113,65333.57421875,100.0,77.0,23.0,37.0546875,30.39921875,89.625,41.3375,161.10733695652172
KA51AL2058,intellicar-KA51AL2058-2026-05-01_2026-06-01.csv,2026-05-21 05:27:11,2026-05-21 08:27:42,3.008611111111111,65370.53125,78.0,44.0,34.0,34.98828125,16.240178571428572,65.0,44.17142857142857,102.90670955882352
KA51AL2058,intellicar-KA51AL2058-2026-05-01_2026-06-01.csv,2026-05-21 08:35:42,2026-05-21 09:08:42,0.55,65412.48046875,42.0,32.0,10.0,19.58203125,38.78358208955224,86.125,44.74626865671642,195.8203125
KA51AL2058,intellicar-KA51AL2058-2026-05-01_2026-06-01.csv,2026-05-21 09:46:42,2026-05-21 10:19:43,0.5502777777777778,65432.140625,71.0,57.0,14.0,26.53515625,52.97761194029851,86.125,42.492537313432834,189.53683035714286
KA51AL2058,intellicar-KA51AL2058-2026-05-01_2026-06-01.csv,2026-05-21 10:20:13,2026-05-21 11:49:43,1.4916666666666667,65459.17578125,58.0,40.0,18.0,27.21484375,20.74646892655367,80.25,44.44632768361582,151.19357638888889
KA51AL2058,intellicar-KA51AL2058-2026-05-01_2026-06-01.csv,2026-05-21 11:50:13,2026-05-21 12:28:14,0.6336111111111111,65486.7109375,41.0,36.0,5.0,7.18359375,12.196428571428571,40.375,44.12987012987013,143.671875
KA51AL2058,intellicar-KA51AL2058-2026-05-01_2026-06-01.csv,2026-05-21 13:47:14,2026-05-21 15:17:45,1.5086111111111111,65493.89453125,100.0,90.0,10.0,13.6640625,10.50625,51.875,40.03333333333333,136.640625
KA51AL2058,intellicar-KA51AL2058-2026-05-01_2026-06-01.csv,2026-05-22 02:34:18,2026-05-22 03:35:48,1.025,65531.98828125,79.0,70.0,9.0,15.96484375,17.282,55.75,36.288,177.38715277777777
KA51AL2058,intellicar-KA51AL2058-2026-05-01_2026-06-01.csv,2026-05-22 03:36:18,2026-05-22 04:01:48,0.425,65548.296875,71.0,63.0,8.0,18.3515625,47.55528846153846,81.75,37.63461538461539,229.39453125
KA51AL2058,intellicar-KA51AL2058-2026-05-01_2026-06-01.csv,2026-05-22 04:05:18,2026-05-22 04:28:49,0.39194444444444443,65569.8125,63.0,56.0,7.0,15.28125,41.216145833333336,85.25,38.958333333333336,218.30357142857144
KA51AL2058,intellicar-KA51AL2058-2026-05-01_2026-06-01.csv,2026-05-22 05:24:19,2026-05-22 07:04:49,1.675,65585.09375,100.0,85.0,15.0,21.4140625,26.62159090909091,79.125,41.91818181818182,142.76041666666666
KA51AL2058,intellicar-KA51AL2058-2026-05-01_2026-06-01.csv,2026-05-22 07:05:19,2026-05-22 08:50:50,1.7586111111111111,65606.796875,86.0,69.0,17.0,26.859375,17.730527638190956,78.25,44.266331658291456,157.99632352941177
KA51AL2058,intellicar-KA51AL2058-2026-05-01_2026-06-01.csv,2026-05-22 09:09:20,2026-05-22 09:48:20,0.65,65636.7109375,67.0,58.0,9.0,15.1640625,25.629746835443036,59.25,44.79746835443038,168.48958333333331
KA51AL2058,intellicar-KA51AL2058-2026-05-01_2026-06-01.csv,2026-05-22 09:58:20,2026-05-22 10:38:21,0.6669444444444445,65656.5078125,57.0,48.0,9.0,15.671875,24.535060975609756,75.875,43.80487804878049,174.13194444444443
KA51AL2058,intellicar-KA51AL2058-2026-05-01_2026-06-01.csv,2026-05-22 10:38:51,2026-05-22 11:49:51,1.1833333333333333,65672.390625,49.0,37.0,12.0,25.1875,23.736013986013987,66.875,44.46153846153846,209.89583333333334
KA51AL2058,intellicar-KA51AL2058-2026-05-01_2026-06-01.csv,2026-05-22 13:10:52,2026-05-22 14:00:52,0.8333333333333334,65697.578125,99.0,88.0,11.0,21.484375,31.133426966292134,76.125,41.0,195.3125
KA51AL2058,intellicar-KA51AL2058-2026-05-01_2026-06-01.csv,2026-05-22 14:01:22,2026-05-22 15:36:53,1.5919444444444444,65719.2109375,89.0,73.0,16.0,37.7734375,25.737757731958762,72.75,42.21649484536083,236.083984375
KA51AL2058,intellicar-KA51AL2058-2026-05-01_2026-06-01.csv,2026-05-23 06:15:56,2026-05-23 07:39:27,1.3919444444444444,65866.53125,100.0,92.0,8.0,11.7890625,16.80056179775281,77.375,39.51685393258427,147.36328125
KA51AL2058,intellicar-KA51AL2058-2026-05-01_2026-06-01.csv,2026-05-23 07:39:57,2026-05-23 11:28:28,3.808611111111111,65878.515625,93.0,60.0,33.0,70.4765625,24.896333333333335,78.5,42.73866666666667,213.5653409090909
KA51AL2058,intellicar-KA51AL2058-2026-05-01_2026-06-01.csv,2026-05-23 12:21:29,2026-05-23 13:07:59,0.775,65949.03125,100.0,90.0,10.0,17.140625,32.33274647887324,81.0,39.394366197183096,171.40625
KA51AL2058,intellicar-KA51AL2058-2026-05-01_2026-06-01.csv,2026-05-23 13:08:32,2026-05-23 13:59:59,0.8575,65966.609375,91.0,81.0,10.0,21.5390625,28.453125,66.875,40.24038461538461,215.390625
KA51AL2058,intellicar-KA51AL2058-2026-05-01_2026-06-01.csv,2026-05-24 02:24:32,2026-05-24 03:02:02,0.625,66041.9296875,57.0,46.0,11.0,27.625,46.931089743589745,86.5,37.0,251.13636363636363
KA51AL2058,intellicar-KA51AL2058-2026-05-01_2026-06-01.csv,2026-05-24 04:07:03,2026-05-24 04:40:33,0.5583333333333333,66069.8984375,77.0,68.0,9.0,14.0703125,37.16586538461539,87.5,40.51923076923077,156.33680555555557
KA51AL2058,intellicar-KA51AL2058-2026-05-01_2026-06-01.csv,2026-05-24 04:41:03,2026-05-24 05:15:33,0.575,66084.0546875,69.0,56.0,13.0,26.8671875,50.666666666666664,91.75,41.768115942028984,206.6706730769231
KA51AL2058,intellicar-KA51AL2058-2026-05-01_2026-06-01.csv,2026-05-24 05:15:36,2026-05-24 07:13:04,1.9577777777777778,66110.703125,57.0,33.0,24.0,50.59375,28.217299578059073,86.5,43.379746835443036,210.80729166666666
KA51AL2058,intellicar-KA51AL2058-2026-05-01_2026-06-01.csv,2026-05-24 08:31:04,2026-05-24 09:53:05,1.3669444444444445,66167.5859375,100.0,80.0,20.0,39.2109375,38.44669117647059,85.125,42.31617647058823,196.0546875
KA51AL2058,intellicar-KA51AL2058-2026-05-01_2026-06-01.csv,2026-05-24 10:02:35,2026-05-24 11:44:05,1.6916666666666667,66211.2578125,79.0,65.0,14.0,24.3515625,18.302857142857142,60.0,44.05142857142857,173.93973214285714
KA51AL2058,intellicar-KA51AL2058-2026-05-01_2026-06-01.csv,2026-05-24 11:52:35,2026-05-24 12:29:06,0.6086111111111111,66235.6171875,73.0,68.0,5.0,10.4453125,19.535211267605632,58.625,41.15492957746479,208.90624999999997
KA51AL2058,intellicar-KA51AL2058-2026-05-01_2026-06-01.csv,2026-05-24 12:43:36,2026-05-24 13:25:06,0.6916666666666667,66254.640625,66.0,57.0,9.0,18.7578125,29.74411764705882,69.75,42.63529411764706,208.42013888888889
KA51AL2058,intellicar-KA51AL2058-2026-05-01_2026-06-01.csv,2026-05-24 16:07:37,2026-05-24 18:15:38,2.133611111111111,66283.953125,99.0,78.0,21.0,45.3359375,30.048029556650246,86.125,40.55172413793103,215.88541666666666
KA51AL2058,intellicar-KA51AL2058-2026-05-01_2026-06-01.csv,2026-05-25 02:43:39,2026-05-25 03:34:09,0.8416666666666667,66346.03125,72.0,63.0,9.0,21.578125,27.95098039215686,78.625,36.411764705882355,239.75694444444446
KA51AL2058,intellicar-KA51AL2058-2026-05-01_2026-06-01.csv,2026-05-25 03:43:09,2026-05-25 04:53:40,1.1752777777777779,66371.0703125,63.0,48.0,15.0,31.71875,34.026,85.875,38.816,211.45833333333334
KA51AL2058,intellicar-KA51AL2058-2026-05-01_2026-06-01.csv,2026-05-25 05:42:40,2026-05-25 06:05:40,0.38333333333333336,66402.7890625,100.0,91.0,9.0,11.984375,33.6640625,86.25,39.791666666666664,133.15972222222223
KA51AL2058,intellicar-KA51AL2058-2026-05-01_2026-06-01.csv,2026-05-25 06:06:10,2026-05-25 06:23:10,0.2833333333333333,66415.1875,92.0,84.0,8.0,14.5,55.875,84.875,41.457142857142856,181.25
KA51AL2058,intellicar-KA51AL2058-2026-05-01_2026-06-01.csv,2026-05-25 06:23:40,2026-05-25 07:34:41,1.1836111111111112,66430.046875,85.0,70.0,15.0,24.9921875,23.930755395683452,64.625,43.94964028776978,166.61458333333334
KA51AL2058,intellicar-KA51AL2058-2026-05-01_2026-06-01.csv,2026-05-25 07:35:11,2026-05-25 08:08:41,0.5583333333333333,66455.2109375,71.0,62.0,9.0,19.828125,38.32720588235294,77.25,44.44117647058823,220.3125
KA51AL2058,intellicar-KA51AL2058-2026-05-01_2026-06-01.csv,2026-05-25 08:44:11,2026-05-25 10:23:41,1.6583333333333334,66475.0390625,100.0,84.0,16.0,28.984375,39.37247474747475,82.5,42.17171717171717,181.15234375
KA51AL2058,intellicar-KA51AL2058-2026-05-01_2026-06-01.csv,2026-05-25 10:24:12,2026-05-25 10:42:12,0.3,66504.546875,85.0,80.0,5.0,7.8515625,28.12162162162162,74.625,44.37837837837838,157.03125
KA51AL2058,intellicar-KA51AL2058-2026-05-01_2026-06-01.csv,2026-05-25 10:42:42,2026-05-25 13:54:13,3.1919444444444443,66512.53125,81.0,66.0,15.0,23.7421875,11.912213740458014,51.875,44.16412213740458,158.28125
KA51AL2058,intellicar-KA51AL2058-2026-05-01_2026-06-01.csv,2026-05-26 04:19:47,2026-05-26 04:59:17,0.6583333333333333,66582.1875,69.0,60.0,9.0,19.6171875,33.151234567901234,86.75,40.44444444444444,217.96875
KA51AL2058,intellicar-KA51AL2058-2026-05-01_2026-06-01.csv,2026-05-26 05:38:51,2026-05-26 06:51:48,1.2158333333333333,66601.8125,100.0,87.0,13.0,13.8203125,25.172535211267604,83.125,40.971830985915496,106.31009615384615
KA51AL2058,intellicar-KA51AL2058-2026-05-01_2026-06-01.csv,2026-05-26 06:52:18,2026-05-26 08:34:18,1.7,66616.109375,88.0,67.0,21.0,40.0,26.611040609137056,85.125,44.28934010152284,190.47619047619045
KA51AL2058,intellicar-KA51AL2058-2026-05-01_2026-06-01.csv,2026-05-27 01:01:53,2026-05-27 01:46:53,0.75,66679.9375,55.0,41.0,14.0,31.34375,46.4532967032967,91.25,37.0,223.88392857142856
KA51AL2058,intellicar-KA51AL2058-2026-05-01_2026-06-01.csv,2026-05-27 01:47:23,2026-05-27 02:15:24,0.46694444444444444,66711.578125,42.0,36.0,6.0,12.5859375,29.70614035087719,84.75,37.0,209.765625
KA51AL2058,intellicar-KA51AL2058-2026-05-01_2026-06-01.csv,2026-05-27 05:01:54,2026-05-27 07:56:55,2.9169444444444443,66731.8125,100.0,74.0,26.0,34.765625,27.902439024390244,86.5,42.01829268292683,133.71394230769232
KA51AL2058,intellicar-KA51AL2058-2026-05-01_2026-06-01.csv,2026-05-28 00:16:32,2026-05-28 02:15:32,1.9833333333333334,66793.59375,63.0,40.0,23.0,56.671875,36.87746305418719,85.375,38.11330049261084,246.39945652173913
KA51AL2058,intellicar-KA51AL2058-2026-05-01_2026-06-01.csv,2026-05-28 03:33:33,2026-05-28 07:19:04,3.758611111111111,66850.265625,100.0,57.0,43.0,76.5390625,27.580842391304348,85.625,41.82608695652174,177.99781976744185
KA51AL2058,intellicar-KA51AL2058-2026-05-01_2026-06-01.csv,2026-05-28 07:19:04,2026-05-28 07:38:04,0.31666666666666665,66926.3203125,58.0,50.0,8.0,12.3046875,40.93589743589744,78.625,44.0,153.80859375
KA51AL2058,intellicar-KA51AL2058-2026-05-01_2026-06-01.csv,2026-05-28 08:26:34,2026-05-28 09:43:34,1.2833333333333334,66945.0078125,85.0,63.0,22.0,41.296875,40.007246376811594,88.875,43.289855072463766,187.7130681818182
KA51AL2058,intellicar-KA51AL2058-2026-05-01_2026-06-01.csv,2026-05-28 09:44:04,2026-05-28 10:52:35,1.1419444444444444,66986.609375,64.0,50.0,14.0,23.9453125,22.976785714285715,64.625,44.51428571428571,171.03794642857142
KA51AL2058,intellicar-KA51AL2058-2026-05-01_2026-06-01.csv,2026-05-29 01:51:08,2026-05-29 02:46:08,0.9166666666666666,67039.59375,64.0,49.0,15.0,37.328125,44.630580357142854,86.75,36.705357142857146,248.85416666666669
KA51AL2058,intellicar-KA51AL2058-2026-05-01_2026-06-01.csv,2026-05-29 03:49:38,2026-05-29 05:03:39,1.2336111111111112,67083.2265625,92.0,69.0,23.0,45.0625,40.56963087248322,85.125,41.013422818791945,195.92391304347828
KA51AL2058,intellicar-KA51AL2058-2026-05-01_2026-06-01.csv,2026-05-30 01:15:15,2026-05-30 03:21:46,2.108611111111111,67167.5625,99.0,85.0,14.0,24.375,17.597883597883598,64.5,40.164021164021165,174.10714285714286
KA51AL2058,intellicar-KA51AL2058-2026-05-01_2026-06-01.csv,2026-05-30 03:22:15,2026-05-30 04:04:46,0.7086111111111111,67192.2734375,86.0,72.0,14.0,31.703125,49.854651162790695,83.75,40.604651162790695,226.45089285714283
KA51AL2058,intellicar-KA51AL2058-2026-05-01_2026-06-01.csv,2026-05-30 04:49:16,2026-05-30 05:48:46,0.9916666666666667,67225.953125,100.0,86.0,14.0,20.8203125,39.848591549295776,87.125,41.929577464788736,148.71651785714286
KA51AL2058,intellicar-KA51AL2058-2026-05-01_2026-06-01.csv,2026-05-30 05:49:16,2026-05-30 08:36:17,2.783611111111111,67247.2734375,87.0,61.0,26.0,43.109375,19.37624584717608,87.375,44.28239202657807,165.80528846153845
KA51AL2058,intellicar-KA51AL2058-2026-05-01_2026-06-01.csv,2026-05-30 09:27:33,2026-05-30 12:00:33,2.55,67290.3828125,80.0,65.0,15.0,29.328125,17.125545851528383,56.125,43.0174672489083,195.52083333333334
KA51AL2058,intellicar-KA51AL2058-2026-05-01_2026-06-01.csv,2026-05-30 12:20:18,2026-05-30 14:39:19,2.3169444444444443,67325.953125,63.0,48.0,15.0,29.59375,18.690140845070424,56.625,41.690140845070424,197.29166666666666
KA51AL2058,intellicar-KA51AL2058-2026-05-01_2026-06-01.csv,2026-05-30 15:30:20,2026-05-30 16:42:50,1.2083333333333333,67355.546875,100.0,87.0,13.0,26.890625,25.557971014492754,73.0,38.95652173913044,206.85096153846155
KA51AL2058,intellicar-KA51AL2058-2026-05-01_2026-06-01.csv,2026-05-30 16:58:50,2026-05-30 17:57:50,0.9833333333333333,67382.5625,100.0,84.0,16.0,34.5234375,39.99038461538461,80.25,39.0,215.771484375
KA51AL2058,intellicar-KA51AL2058-2026-05-01_2026-06-01.csv,2026-05-30 18:07:20,2026-05-30 18:42:50,0.5916666666666667,67421.125,84.0,79.0,5.0,11.7578125,20.020833333333332,53.25,38.76190476190476,235.15625
KA51AL2061,intellicar-KA51AL2061-2026-04-01_2026-05-01.csv,2026-04-02 18:10:51,2026-04-02 18:20:49,0.1661111111111111,56720.18359375,52.0,47.0,5.0,7.8359375,50.375,72.5,40.68421052631579,156.71875
KA51AL2061,intellicar-KA51AL2061-2026-04-01_2026-05-01.csv,2026-04-22 12:34:42,2026-04-22 13:22:40,0.7994444444444444,58652.70703125,78.0,72.0,6.0,9.1796875,13.419039145907472,50.375,43.35231316725979,152.99479166666669
KA51AL2061,intellicar-KA51AL2061-2026-04-01_2026-05-01.csv,2026-04-25 12:06:33,2026-04-25 12:20:30,0.2325,59230.3984375,81.0,76.0,5.0,10.02734375,42.30929487179487,86.0,42.743589743589745,200.546875
KA51AL2061,intellicar-KA51AL2061-2026-04-01_2026-05-01.csv,2026-04-26 19:17:42,2026-04-26 19:29:39,0.19916666666666666,59604.9765625,31.0,26.0,5.0,6.03125,34.65909090909091,75.875,43.0,120.625
KA51AL2061,intellicar-KA51AL2061-2026-04-01_2026-05-01.csv,2026-04-27 09:42:15,2026-04-27 10:00:13,0.29944444444444446,59684.94921875,67.0,62.0,5.0,5.01171875,14.719660194174757,46.5,44.50485436893204,100.23437500000001
KA51AL2061,intellicar-KA51AL2061-2026-05-01_2026-06-01.csv,2026-05-06 08:49:13,2026-05-06 09:03:14,0.2336111111111111,61401.1953125,31.0,25.0,6.0,9.4921875,40.62202380952381,83.25,44.04761904761905,158.203125
KA51AL2061,intellicar-KA51AL2061-2026-05-01_2026-06-01.csv,2026-05-07 07:05:21,2026-05-07 07:35:21,0.5,61624.609375,47.0,42.0,5.0,5.984375,12.337912087912088,58.125,43.065934065934066,119.68749999999999
KA51AL2061,intellicar-KA51AL2061-2026-05-01_2026-06-01.csv,2026-05-07 08:27:24,2026-05-07 08:51:22,0.39944444444444444,61646.01953125,35.0,29.0,6.0,8.6640625,24.102739726027398,87.75,43.95890410958904,144.40104166666669
KA51AL2061,intellicar-KA51AL2061-2026-05-01_2026-06-01.csv,2026-05-07 15:11:54,2026-05-07 15:45:55,0.5669444444444445,61748.83203125,64.0,59.0,5.0,6.01953125,11.17688679245283,62.125,45.0,120.390625
KA51AL2061,intellicar-KA51AL2061-2026-05-01_2026-06-01.csv,2026-05-09 04:40:06,2026-05-09 04:56:06,0.26666666666666666,62090.6875,34.0,29.0,5.0,8.9765625,32.23936170212766,77.25,39.04255319148936,179.53125
KA51AL2061,intellicar-KA51AL2061-2026-05-01_2026-06-01.csv,2026-05-10 09:52:47,2026-05-10 10:00:47,0.13333333333333333,62419.9609375,31.0,26.0,5.0,8.46875,73.17391304347827,87.0,44.91304347826087,169.375
KA51AL2061,intellicar-KA51AL2061-2026-05-01_2026-06-01.csv,2026-05-10 14:38:19,2026-05-10 15:00:19,0.36666666666666664,62503.00390625,71.0,66.0,5.0,8.26953125,21.909615384615385,63.5,45.0,165.390625
KA51AL2061,intellicar-KA51AL2061-2026-05-01_2026-06-01.csv,2026-05-11 06:36:24,2026-05-11 06:46:24,0.16666666666666666,62581.67578125,30.0,24.0,6.0,11.62109375,69.03365384615384,85.25,45.03846153846154,193.68489583333331
KA51AL2061,intellicar-KA51AL2061-2026-05-01_2026-06-01.csv,2026-05-11 18:00:28,2026-05-11 18:28:28,0.4666666666666667,62805.22265625,78.0,73.0,5.0,10.19140625,23.2109375,67.625,42.0,203.82812499999997
KA51AL2061,intellicar-KA51AL2061-2026-05-01_2026-06-01.csv,2026-05-12 13:13:34,2026-05-12 13:45:34,0.5333333333333333,62985.41015625,70.0,65.0,5.0,5.765625,11.047554347826088,56.25,44.48913043478261,115.3125
KA51AL2061,intellicar-KA51AL2061-2026-05-01_2026-06-01.csv,2026-05-13 05:20:39,2026-05-13 06:00:40,0.6669444444444445,63094.70703125,66.0,61.0,5.0,4.484375,7.119747899159663,43.875,42.09243697478992,89.6875
KA51AL2061,intellicar-KA51AL2061-2026-05-01_2026-06-01.csv,2026-05-14 03:51:17,2026-05-14 04:15:17,0.4,63283.3671875,31.0,26.0,5.0,6.4296875,17.01858108108108,40.25,40.32432432432432,128.59375
KA51AL2061,intellicar-KA51AL2061-2026-05-01_2026-06-01.csv,2026-05-15 15:29:59,2026-05-15 15:58:00,0.46694444444444444,63750.203125,83.0,78.0,5.0,10.1171875,23.069117647058825,66.625,41.84705882352941,202.34375
KA51AL2061,intellicar-KA51AL2061-2026-05-01_2026-06-01.csv,2026-05-16 04:43:03,2026-05-16 05:01:03,0.3,63873.203125,94.0,88.0,6.0,11.796875,42.581896551724135,72.375,41.172413793103445,196.61458333333331
KA51AL2061,intellicar-KA51AL2061-2026-05-01_2026-06-01.csv,2026-05-16 06:29:06,2026-05-16 06:45:10,0.2677777777777778,63942.34765625,64.0,59.0,5.0,9.078125,33.890625,81.375,44.3125,181.5625
KA51AL2061,intellicar-KA51AL2061-2026-05-01_2026-06-01.csv,2026-05-16 09:09:37,2026-05-16 09:29:37,0.3333333333333333,63979.73828125,44.0,39.0,5.0,6.34765625,20.908482142857142,57.125,43.732142857142854,126.953125
KA51AL2061,intellicar-KA51AL2061-2026-05-01_2026-06-01.csv,2026-05-16 14:34:37,2026-05-16 14:46:37,0.2,64038.96875,51.0,45.0,6.0,9.88671875,53.27857142857143,89.25,42.0,164.77864583333331
KA51AL2061,intellicar-KA51AL2061-2026-05-01_2026-06-01.csv,2026-05-17 03:31:11,2026-05-17 03:46:41,0.25833333333333336,64113.16796875,94.0,89.0,5.0,8.7578125,34.986111111111114,82.875,38.0,175.15625
KA51AL2061,intellicar-KA51AL2061-2026-05-01_2026-06-01.csv,2026-05-21 16:26:46,2026-05-21 16:46:46,0.3333333333333333,65138.515625,69.0,64.0,5.0,6.8515625,21.34375,48.75,40.0,137.03125
KA51AL2061,intellicar-KA51AL2061-2026-05-01_2026-06-01.csv,2026-05-22 06:53:19,2026-05-22 07:03:49,0.175,65293.375,79.0,73.0,6.0,11.015625,70.66935483870968,88.625,42.935483870967744,183.59375
KA51AL2061,intellicar-KA51AL2061-2026-05-01_2026-06-01.csv,2026-05-22 07:34:20,2026-05-22 07:40:20,0.1,65314.390625,69.0,64.0,5.0,7.08984375,67.8203125,88.75,44.125,141.796875
KA51AL2061,intellicar-KA51AL2061-2026-05-01_2026-06-01.csv,2026-05-22 08:56:20,2026-05-22 09:40:20,0.7333333333333333,65356.90625,46.0,38.0,8.0,14.8046875,22.465551181102363,64.375,45.0,185.05859375
KA51AL2061,intellicar-KA51AL2061-2026-05-01_2026-06-01.csv,2026-05-22 18:19:56,2026-05-22 18:41:54,0.3661111111111111,65430.3515625,95.0,88.0,7.0,9.28515625,26.05597014925373,75.875,39.40298507462686,132.64508928571428
KA51AL2061,intellicar-KA51AL2061-2026-05-01_2026-06-01.csv,2026-05-23 05:13:26,2026-05-23 05:33:26,0.3333333333333333,65605.0546875,91.0,84.0,7.0,10.375,29.451612903225808,69.375,39.88709677419355,148.21428571428572
KA51AL2061,intellicar-KA51AL2061-2026-05-01_2026-06-01.csv,2026-05-23 10:46:28,2026-05-23 11:10:28,0.4,65667.828125,56.0,51.0,5.0,5.328125,14.95486111111111,54.5,44.0,106.5625
KA51AL2061,intellicar-KA51AL2061-2026-05-01_2026-06-01.csv,2026-05-23 19:16:01,2026-05-23 19:58:01,0.7,65816.625,45.0,37.0,8.0,12.859375,24.637626262626263,61.625,40.75757575757576,160.7421875
KA51AL2061,intellicar-KA51AL2061-2026-05-01_2026-06-01.csv,2026-05-24 05:12:33,2026-05-24 05:34:33,0.36666666666666664,65873.703125,87.0,81.0,6.0,11.7265625,32.69318181818182,72.375,40.31818181818182,195.44270833333331
KA51AL2061,intellicar-KA51AL2061-2026-05-01_2026-06-01.csv,2026-05-24 17:08:07,2026-05-24 17:50:37,0.7083333333333334,66037.796875,97.0,92.0,5.0,5.421875,10.69342105263158,67.75,41.0,108.43750000000001
KA51AL2061,intellicar-KA51AL2061-2026-05-01_2026-06-01.csv,2026-05-24 19:33:38,2026-05-24 19:57:38,0.4,66078.4453125,76.0,71.0,5.0,8.625,19.3731884057971,70.625,39.31884057971015,172.5
KA51AL2061,intellicar-KA51AL2061-2026-05-01_2026-06-01.csv,2026-05-26 07:58:48,2026-05-26 08:12:48,0.23333333333333334,66476.671875,86.0,81.0,5.0,7.6875,37.47727272727273,87.375,41.15909090909091,153.75
KA51AL2061,intellicar-KA51AL2061-2026-05-01_2026-06-01.csv,2026-05-26 18:51:22,2026-05-26 19:21:22,0.5,66606.78125,81.0,74.0,7.0,8.4921875,15.530555555555555,71.125,38.0,121.31696428571428
KA51AL2061,intellicar-KA51AL2061-2026-05-01_2026-06-01.csv,2026-05-27 09:54:39,2026-05-27 10:02:27,0.13,66865.7890625,79.0,74.0,5.0,7.8359375,55.421875,86.75,43.041666666666664,156.71875
KA51AL2061,intellicar-KA51AL2061-2026-05-01_2026-06-01.csv,2026-05-27 12:44:28,2026-05-27 13:20:29,0.6002777777777778,66942.1328125,45.0,40.0,5.0,6.890625,13.151136363636363,51.25,44.0,137.8125
KA51AL2061,intellicar-KA51AL2061-2026-05-01_2026-06-01.csv,2026-05-27 21:47:01,2026-05-27 22:21:01,0.5666666666666667,67053.0,98.0,92.0,6.0,8.7578125,13.351485148514852,74.5,39.08910891089109,145.96354166666669
KA51AL2061,intellicar-KA51AL2061-2026-05-01_2026-06-01.csv,2026-05-28 01:25:02,2026-05-28 01:51:02,0.43333333333333335,67143.3359375,58.0,53.0,5.0,8.796875,21.51107594936709,49.125,39.0,175.9375
KA51AL2061,intellicar-KA51AL2061-2026-05-01_2026-06-01.csv,2026-05-28 02:17:02,2026-05-28 02:47:02,0.5,67159.7734375,50.0,45.0,5.0,9.859375,19.956043956043956,58.625,39.0,197.1875
KA51AL2061,intellicar-KA51AL2061-2026-05-01_2026-06-01.csv,2026-05-28 05:32:33,2026-05-28 06:11:03,0.6416666666666667,67186.828125,69.0,64.0,5.0,5.953125,8.652027027027026,41.75,40.26126126126126,119.0625
KA51AL2061,intellicar-KA51AL2061-2026-05-01_2026-06-01.csv,2026-05-28 11:18:05,2026-05-28 11:42:05,0.4,67250.2109375,62.0,57.0,5.0,6.515625,14.945652173913043,78.5,41.0,130.3125
KA51AL2061,intellicar-KA51AL2061-2026-05-01_2026-06-01.csv,2026-05-28 12:18:05,2026-05-28 12:32:05,0.23333333333333334,67270.5390625,52.0,45.0,7.0,12.1171875,48.49431818181818,94.125,43.0,173.10267857142858
KA51AL2061,intellicar-KA51AL2061-2026-05-01_2026-06-01.csv,2026-05-28 14:18:36,2026-05-28 14:26:36,0.13333333333333333,67314.8046875,89.0,84.0,5.0,8.5234375,60.046875,86.25,41.458333333333336,170.46875
KA51AL2061,intellicar-KA51AL2061-2026-05-01_2026-06-01.csv,2026-05-28 18:46:37,2026-05-28 19:02:37,0.26666666666666666,67412.25,41.0,36.0,5.0,8.2578125,30.920212765957448,66.125,39.0,165.15625
KA51AL2061,intellicar-KA51AL2061-2026-05-01_2026-06-01.csv,2026-05-29 05:57:39,2026-05-29 06:07:39,0.16666666666666666,67600.4375,57.0,51.0,6.0,10.0859375,55.7125,93.625,43.0,168.09895833333331
KA51AL2061,intellicar-KA51AL2061-2026-05-01_2026-06-01.csv,2026-05-29 11:58:26,2026-05-29 12:16:25,0.2997222222222222,67709.0703125,81.0,76.0,5.0,7.1796875,19.57598039215686,85.25,44.705882352941174,143.59375
KA51AL2061,intellicar-KA51AL2061-2026-05-01_2026-06-01.csv,2026-05-29 14:20:12,2026-05-29 15:10:12,0.8333333333333334,67773.6640625,50.0,45.0,5.0,6.7578125,8.660361842105264,52.125,42.5,135.15625
KA51AL2061,intellicar-KA51AL2061-2026-05-01_2026-06-01.csv,2026-05-30 11:20:48,2026-05-30 11:32:48,0.2,67971.859375,77.0,72.0,5.0,7.7421875,38.526315789473685,86.375,41.0,154.84375
KA51AL2061,intellicar-KA51AL2061-2026-05-01_2026-06-01.csv,2026-05-31 11:15:24,2026-05-31 11:43:25,0.46694444444444444,68346.9140625,93.0,87.0,6.0,9.6171875,21.337209302325583,58.0,42.895348837209305,160.28645833333331
KA51AL2061,intellicar-KA51AL2061-2026-05-01_2026-06-01.csv,2026-05-31 11:49:25,2026-05-31 12:21:25,0.5333333333333333,68358.34375,87.0,82.0,5.0,10.53125,18.22340425531915,65.5,43.702127659574465,210.62500000000003
KA51AL2061,intellicar-KA51AL2061-2026-05-01_2026-06-01.csv,2026-05-31 15:59:26,2026-05-31 16:25:26,0.43333333333333335,68413.4296875,58.0,53.0,5.0,6.4765625,16.688333333333333,54.625,43.0,129.53125
